brand,model,year,mileage,engine_size,price
BMW,R 18 TRANSCONTINENTAL,2022,500.0,18.0,19994.0
BMW,R1250 RTP,2023,2.0,1250.0,29990.0
BMW,K 1600 GTL,2012,32639.0,1600.0,11795.0
BMW,R 1200 GS ADVENTURE,2015,52535.0,1200.0,13995.0
BMW,R 1200 GS ADVENTURE,2016,24116.0,1200.0,17295.0
BMW,R 1250 GS ADVENTURE,2019,7049.0,1250.0,19495.0
BMW,K 1600 B,2022,0.0,1600.0,26840.0
BMW,R 18 B,2022,262.0,18.0,18995.0
BMW,R 1250 GS Adventure Triple Black,2022,581.0,1250.0,21995.0
BMW,R 18 B,2022,0.0,18.0,25865.0
BMW,K 1600 B Grand America 1600 GRAND AMERICA,2023,0.0,1600.0,28820.0
BMW,R 1250 GS ADVENTURE,2023,0.0,1250.0,26290.0
BMW,R 1250 GS ADVENTURE,2023,0.0,1250.0,26540.0
BMW,K 1600 B,2023,0.0,1600.0,28820.0
BMW,K 1600 B,2023,0.0,1600.0,28820.0
BMW,K 1600 B,2023,0.0,1600.0,33200.0
BMW,R 1250 RT,2023,0.0,1250.0,29460.0
BMW,K 1600 B,2023,0.0,1600.0,26655.0
BMW,K 1600 GTL,2023,0.0,1600.0,29480.0
BMW,R 18 TRANSCONTINENTAL FIRST EDITION,2022,76.0,18.0,22990.0
BMW,R 1250 GS,2023,0.0,1250.0,23610.0
BMW,F 650 GS,2006,19227.0,650.0,4495.0
BMW,R 1200 RT San Marino Blue Metallic / Granite Grey Metal RTP,2016,11767.0,1200.0,11195.0
BMW,R 18 B Black Storm Metallic,2022,300.0,18.0,25435.0
BMW,R 18 B Manhattan Metallic Matt,2022,141.0,18.0,18445.0
BMW,CE 04,2022,0.0,4.0,15445.0
BMW,R 1250 GS Light White,2023,2.0,1250.0,22185.0
BMW,R 1250 GS ADVENTURE,2023,0.0,1250.0,25425.0
BMW,R NINET,2023,0.0,973.6035958904109,21315.0
BMW,R 1250 GS,2023,0.0,1250.0,23165.0
BMW,R 1250 GS,2023,0.0,1250.0,24490.0
BMW,R 1250 GS,2023,0.0,1250.0,24490.0
BMW,R 1100 RT,1999,94710.0,1100.0,4900.0
BMW,K 1600 GT,2014,12002.0,1600.0,12495.0
BMW,R 18 CLASSIC,2021,2211.0,18.0,14495.0
BMW,K 1600 GTL,2022,0.0,1600.0,29640.0
BMW,S 1000 RR,2023,0.0,1000.0,28295.0
BMW,R 1250 RT,2023,0.0,1250.0,27265.0
BMW,R 1250 RT,2023,0.0,1250.0,27065.0
BMW,R nineT Scrambler,2019,5084.0,973.6035958904109,12499.0
BMW,R 18 TRANSCONTINENTAL,2023,7.0,18.0,29970.0
BMW,R 18 TRANSCONTINENTAL,2023,0.0,18.0,30470.0
BMW,F 900 R,2021,4985.0,900.0,7999.0
BMW,R 18 TRANSCONTINENTAL,2023,0.0,18.0,28080.0
BMW,K 1600 GTL Premium Black Storm Metallic,2016,23393.0,1600.0,11886.0
BMW,S1000R,2022,9.0,1000.0,18065.0
BMW,R 18 TRANSCONTINENTAL,2022,0.0,18.0,28585.0
BMW,S 1000 RR Light White/M Motorsport,2023,308.0,1000.0,29995.0
BMW,HP4 RACE,2018,258.0,973.6035958904109,58888.0
BMW,F 850 GS 850 GS ADVENTURE,2021,241.0,850.0,13999.0
BMW,R18 CLASSIC,2022,5.0,18.0,22195.0
BMW,R 1250 GS Rallye,2023,3.0,1250.0,23666.0
BMW,F 700 GS,2017,1756.0,700.0,9450.0
BMW,K 75 C,1986,18769.0,75.0,4499.0
BMW,K 1600 GTL EXCLUSIVE,2016,8914.0,1600.0,16995.0
BMW,S 1000 RR,2012,17974.0,1000.0,14999.0
BMW,R 1200 R,2009,45078.0,1200.0,6995.0
BMW,R 18 TRANSCONTINENTAL,2022,0.0,18.0,27815.0
BMW,K 1600 B,2023,0.0,1600.0,26655.0
BMW,K 1600 B,2023,0.0,1600.0,26655.0
BMW,R 1250 GS ADVENTURE,2023,0.0,1250.0,26225.0
BMW,R nineT,2015,11768.0,973.6035958904109,8597.0
BMW,R 1250 GS,2020,5689.0,1250.0,19995.0
BMW,K 1600 GT,2023,0.0,1600.0,29775.0
BMW,K 1600 GTL,2012,79761.0,1600.0,7995.0
BMW,R 1250 GS,2023,0.0,1250.0,23425.0
BMW,R 1250 GS,2019,9498.0,1250.0,18995.0
BMW,K 1600 GTL,2012,35286.0,1600.0,11495.0
BMW,R 18 TRANSCONTINENTAL,2022,0.0,18.0,26560.0
BMW,R 18 TRANSCONTINENTAL,2022,0.0,18.0,28965.0
BMW,R 18 B,2022,0.0,18.0,28140.0
BMW,R 18 B,2022,0.0,18.0,27765.0
BMW,K 1600 GRAND AMERICA,2023,0.0,1600.0,28360.0
BMW,R nineT 719 Aluminum,2022,153.0,719.0,16644.0
BMW,K 1600 B,2023,0.0,1600.0,33025.0
BMW,S1000 R Sport Dynamic Pro,2018,7545.0,1000.0,12900.0
BMW,R 18 B Gravity Blue Metallic,2023,2.0,18.0,25495.0
BMW,R 18 B,2022,0.0,18.0,25215.0
BMW,K 1600 Grand America,2018,45760.0,1600.0,13493.0
BMW,S 1000 XR,2019,1116.0,1000.0,15995.0
BMW,K 1600 B,2019,8982.0,1600.0,19999.0
BMW,R18,2021,4.0,18.0,14950.0
BMW,R 18 Transcontinental First Edition,2022,75.0,18.0,21990.0
BMW,R 1250 GS Adventure Rally,2022,2.0,1250.0,24370.0
BMW,CE 04,2022,0.0,4.0,14570.0
BMW,R 18 CLASSIC,2022,0.0,18.0,20690.0
BMW,R 18 B,2022,0.0,18.0,23815.0
BMW,R 18 B,2022,0.0,18.0,27515.0
BMW,R 18 B,2022,0.0,18.0,27515.0
BMW,R 18 B,2022,0.0,18.0,27365.0
BMW,K 1600 GRAND AMERICA OPTION 719 MIDNIGHT,2023,5.0,1600.0,30950.0
BMW,R 1250 GS Triple Black,2023,2.0,1250.0,22860.0
BMW,R 1250 GS Triple Black,2023,2.0,1250.0,22860.0
BMW,R nineT,2015,2085.0,973.6035958904109,10900.0
BMW,R 1250 RT Sport,2023,2.0,1250.0,27265.0
BMW,R 1200 RT,2013,24647.0,1200.0,9999.0
BMW,R1200CL W/ABS,2004,48650.0,1200.0,3995.0
BMW,R1250R 1250 R,2023,4.0,1250.0,18485.0
BMW,R 1250 GS Adventure Ice Gray,2023,0.0,1250.0,25000.0
BMW,S 1000 XR,2023,0.0,1000.0,21075.0
BMW,R 1250 GS,2023,0.0,1250.0,21935.0
BMW,R 1250 RS,2023,0.0,1250.0,19765.0
BMW,R nineT,2023,2.0,973.6035958904109,18740.0
BMW,R 1250 RS,2023,0.0,1250.0,19645.0
BMW,R 1250 RS,2023,0.0,1250.0,19645.0
BMW,R 1250 RS,2023,0.0,1250.0,19535.0
BMW,R 1250 RS,2023,0.0,1250.0,19535.0
BMW,R 1250 RS,2023,0.0,1250.0,20160.0
BMW,R 1250 RS,2023,0.0,1250.0,20010.0
BMW,R 1250 RS,2023,0.0,1250.0,20160.0
BMW,R 1250 GS,2023,0.0,1250.0,21685.0
BMW,F 850 GS ADVENTURE,2023,0.0,850.0,17620.0
BMW,K 1300 GT,2009,51015.0,1300.0,7500.0
BMW,R 1250 GS Triple Black,2023,2.0,1250.0,22860.0
BMW,S 1000 XR,2023,0.0,1000.0,21325.0
BMW,F 850 GS 850 GS ADVENTURE,2023,0.0,850.0,16275.0
BMW,R 1250 GS ADVENTURE,2023,0.0,1250.0,25580.0
BMW,R 1250 GS,2023,0.0,1250.0,23045.0
BMW,S 1000 XR,2023,0.0,1000.0,23200.0
BMW,S 1000 XR,2023,0.0,1000.0,23450.0
BMW,F 850 GS 850 GS ADVENTURE,2023,0.0,850.0,16425.0
BMW,K 1600 GTL,2023,5.0,1600.0,30275.0
BMW,R 18 B,2023,0.0,18.0,25790.0
BMW,R 1200 GS,2012,49842.0,1200.0,9000.0
BMW,K 1300 S HP Package,2012,12900.0,1300.0,13290.0
BMW,K1600GTL W/ABS 1600 GTL,2018,70008.0,1600.0,12885.0
BMW,K1600GTL W/ABS 1600 GTL,2018,22131.0,1600.0,18999.0
BMW,R 1250 RS,2021,4285.0,1250.0,17995.0
BMW,R nineT,2021,1288.0,973.6035958904109,12995.0
BMW,R 18 Transcontinental First Edition,2022,75.0,18.0,21990.0
BMW,K 1600 GTL Gravity Blue Metallic,2022,0.0,1600.0,30435.0
BMW,R 1250 GS Adventure Rally,2023,0.0,1250.0,26475.0
BMW,R 1250 GS,2023,0.0,1250.0,22850.0
BMW,M 1000 R Blackstorm Metallic/M Motorsport,2023,8.0,1000.0,26340.0
BMW,R 1250 RS Light White,2023,2.0,1250.0,19645.0
BMW,F 850 GS 850 GS ADVENTURE,2023,0.0,850.0,16030.0
BMW,S 1000 XR,2023,0.0,1000.0,20625.0
BMW,S 1000 RR,2023,0.0,1000.0,23675.0
BMW,R 1250 GS,2023,0.0,1250.0,23025.0
BMW,K 1600 GT Special Cosmic Blue / Black Storm Metallic,2016,26726.0,1600.0,13490.0
BMW,S 1000 XR,2016,25529.0,1000.0,11699.0
BMW,K 1600 B Black Storm Metallic,2018,8640.0,1600.0,19499.0
BMW,R 18 B,2023,7.0,18.0,25985.0
BMW,R nineT Black Storm Metallic,2022,853.0,973.6035958904109,16490.0
BMW,S 1000 XR,2022,0.0,1000.0,23615.0
BMW,R 18 B First Edition,2022,102.0,18.0,26720.0
BMW,R 18 B,2022,0.0,18.0,25365.0
BMW,R 18 B,2022,0.0,18.0,25740.0
BMW,R 18 B,2022,0.0,18.0,25365.0
BMW,R 18 B,2022,0.0,18.0,25365.0
BMW,M 1000 R Blackstorm Metallic/M Motorsport,2023,8.0,1000.0,26340.0
BMW,G 310 GS,2022,1229.0,310.0,6295.0
BMW,K 1600 GTL,2018,3126.0,1600.0,17995.0
BMW,R nineT 719 Night Black Matte/Aluminum Matte BASE,2023,11.0,719.0,19215.0
BMW,R 1200 GS Adventure Premium,2017,480.0,1200.0,20150.0
BMW,R 1000,2020,2000.0,1000.0,22800.0
BMW,F900R 900 R,2020,5600.0,900.0,8500.0
BMW,F 850 GSA 850 GS ADVENTURE,2021,3624.0,850.0,14500.0
BMW,S 1000 RR,2021,3600.0,1000.0,23000.0
BMW,R NINET URBAN G/S - EDITION 40 YEARS GS,2021,300.0,40.0,15123.0
BMW,R1250R 1250 R,2022,10.0,1250.0,20055.0
BMW,S 1000,2022,558.0,1000.0,19999.0
BMW,R 18 Transcontinental (DEMO),2022,243.0,18.0,21999.0
BMW,R 18 Transcontinental,2023,3.0,18.0,29290.0
BMW,S 1000 RR,2023,3.0,1000.0,23700.0
BMW,R1250GS 1250 GS,2023,11.0,1250.0,21935.0
BMW,K 100 RT,1985,22000.0,100.0,2700.0
BMW,R 1150 RT,2002,29900.0,1150.0,1750.0
BMW,K 1600 GT,2014,12046.0,1600.0,11000.0
BMW,S 1000 RR Black Storm Metallic / Racing Red,2016,11000.0,1000.0,14995.0
BMW,K 1600 GTL,2018,876.0,1600.0,19999.0
BMW,R 1200 RT,2016,58698.0,1200.0,6999.0
BMW,S 1000 RR,2018,12958.0,1000.0,14999.0
BMW,R 1200 RT,2014,10741.0,1200.0,13000.0
BMW,G 310 GS,2022,3.0,310.0,5945.0
BMW,R1250GS ADVENTURE 1250 GS ADVENTURE,2022,7.0,1250.0,24515.0
BMW,F900R 900 R,2022,4.0,900.0,12590.0
BMW,R 1250 RT,2023,302.0,1250.0,25000.0
BMW,R1250GS 1250 GS,2023,7.0,1250.0,23025.0
BMW,K 1200 RS,2002,37800.0,1200.0,4600.0
BMW,R1150RT,2003,55193.0,1150.0,3999.0
BMW,K 1200 LT,2005,45000.0,1200.0,5000.0
BMW,R1200RT,2007,83750.0,1200.0,3595.0
BMW,K 1200 S,2007,4800.0,1200.0,6500.0
BMW,R1200RT,2017,63643.0,1200.0,11500.0
BMW,F 900 R,2021,4200.0,900.0,10500.0
BMW,R 1250,2021,282.0,1250.0,35000.0
BMW,R1250GS ADVENTURE 1250 GS ADVENTURE,2022,7.0,1250.0,24370.0
BMW,R 1100 S,2000,32000.0,1100.0,5000.0
BMW,K 1600 GTL,2018,40000.0,1600.0,19500.0
BMW,S 1000 XR,2019,10698.0,1000.0,12500.0
BMW,K 1600 GRAND AMERICA,2019,10500.0,1600.0,19750.0
BMW,F 850 GS Adventure 40 Years GS,2021,38.0,850.0,18999.0
BMW,S 1000 RR Passion,2023,0.0,1000.0,21700.0
BMW,F 900 R Sport,2023,6.0,900.0,12501.0
BMW,R 18 B Gravity Blue Metallic,2023,1.0,18.0,22999.0
BMW,R 1250 GS GS Trophy,2023,0.0,1250.0,24340.0
BMW,F 900 XR Sport,2023,13.0,900.0,15710.0
BMW,R 1250 GS Adventure Rally,2023,15.0,1250.0,26225.0
BMW,R nineT Pure Mineral Gray Metallic,2023,6.0,973.6035958904109,12435.0
BMW,F 850 GS Triple Black 850 GS ADVENTURE,2023,14.0,850.0,16130.0
BMW,R 1250 GS Triple Black Factory Low Suspension,2023,0.0,1250.0,23790.0
BMW,F 750 GS Triple Black,2023,13.0,750.0,13135.0
BMW,R nineT Pure Mineral Gray Metallic,2023,14.0,973.6035958904109,12435.0
BMW,R 1250 GS Rallye,2023,3.0,1250.0,23025.0
BMW,R 1250 GS Triple Black,2023,14.0,1250.0,24005.0
BMW,R 1250 GS Rallye,2023,14.0,1250.0,24170.0
BMW,R1250GSA 1250 GS ADVENTURE,2023,3.0,1250.0,25145.0
BMW,R 18 Transcontinental,2023,3.0,18.0,27460.0
BMW,R 1250 RT,2023,10.0,1250.0,26510.0
BMW,R1250GS ADVENTURE 1250 GS ADVENTURE,2023,14.0,1250.0,25410.0
BMW,R 1250 GS Rallye,2023,6.0,1250.0,23150.0
BMW,F 850 GS Adventure 40 Years GS,2021,38.0,850.0,18999.0
BMW,F 900 XR,2021,2900.0,900.0,11500.0
BMW,S,2021,15626.0,973.6035958904109,14599.0
BMW,R 1250 GS ADVENTURE,2022,0.0,1250.0,24865.0
BMW,R 1250 RS Imperial Blue Metallic,2022,6.0,1250.0,17740.0
BMW,R 18 Transcontinental,2022,5.0,18.0,30240.0
BMW,K 1600 GTL Black Storm Metallic,2022,115.0,1600.0,27500.0
BMW,S 1000 XR,2016,6000.0,1000.0,11990.0
BMW,R1800TC BASE,2022,2.0,1800.0,23999.0
BMW,R 1250 GS Adventure Triple Black,2022,6.0,1250.0,24315.0
BMW,G 310 R,2022,0.0,310.0,5740.0
BMW,G 310 R,2022,0.0,310.0,5740.0
BMW,R 1250 GS Adventure,2022,0.0,1250.0,24515.0
BMW,R1250GS ADVENTURE 1250 GS ADVENTURE,2022,14.0,1250.0,24515.0
BMW,R 1250 GS Adventure Triple Black,2022,5.0,1250.0,22315.0
BMW,R 1250 GS GS Trophy,2023,0.0,1250.0,27083.0
BMW,R 1250 GS Rally,2022,6.0,1250.0,22030.0
BMW,R 1200 RT,2009,38623.0,1200.0,6950.0
BMW,R1250GS ADVENTURE 1250 GS ADVENTURE,2022,4.0,1250.0,24370.0
BMW,R1250GS ADVENTURE 1250 GS ADVENTURE,2022,4.0,1250.0,24515.0
BMW,K 1600 GT,2014,29972.0,1600.0,12466.0
BMW,K 1600 GTL Premium,2019,13817.0,1600.0,22950.0
BMW,K 1600 GTL Black Premium,2021,2826.0,1600.0,25960.0
BMW,K 1600 GT,2012,29640.0,1600.0,10950.0
BMW,R 1200 GS Adventure Premium,2018,41354.0,1200.0,15491.0
BMW,K 1600 GT,2014,27806.0,1600.0,12960.0
BMW,R 1200 GS Adventure Premium,2016,23732.0,1200.0,15960.0
BMW,K 1600 GTL Premium,2013,38982.0,1600.0,11950.0
BMW,R 1200 GS Premium,2018,25266.0,1200.0,16950.0
BMW,F 850 GS Adventure Premium,2019,12404.0,850.0,13960.0
BMW,K100 RT,1985,39077.0,100.0,2490.0
BMW,K 1600 GT Premium,2016,18094.0,1600.0,13499.0
BMW,R 1200 GS Adventure Premium,2016,16820.0,1200.0,16650.0
BMW,K 1600 GT Premium,2016,10251.0,1600.0,15960.0
BMW,R NINET URBAN G/S,2022,2369.0,973.6035958904109,13995.0
BMW,F 700 GS,2013,5807.0,700.0,7950.0
BMW,R 1200 GS,2011,35879.0,1200.0,8999.0
BMW,K 1200 LT,2002,29130.0,1200.0,4899.0
BMW,K 1600 B Premium,2019,9044.0,1600.0,18950.0
BMW,R 18 First Edition,2021,673.0,18.0,13777.0
BMW,R 18 First Edition,2021,892.0,18.0,13777.0
BMW,K 1600 B Premium,2018,9003.0,1600.0,17966.0
BMW,R 1250 GS Adventure Rally,2022,5571.0,1250.0,23860.0
BMW,K 1600 GT Premium,2013,41279.0,1600.0,10997.0
BMW,R nineT Scrambler,2019,3536.0,973.6035958904109,11950.0
BMW,S 1000 XR Premium Racing Red,2016,15620.0,1000.0,11499.0
BMW,K,1987,57000.0,973.6035958904109,3500.0
BMW,S 1000 XR Premium Racing Red,2016,15620.0,1000.0,11499.0
BMW,R 1200 GS Rally Premium,2017,13793.0,1200.0,17950.0
BMW,K 16GL 1600 GTL,2018,57783.0,16.0,15523.0
BMW,F 800 GS Adventure Premium Alpine White,2016,15312.0,800.0,12266.0
BMW,K 1600 B Black Storm Metallic Premium,2018,25379.0,1600.0,16990.0
BMW,R 1200 GS Adventure Premium,2015,32556.0,1200.0,13950.0
BMW,R 1200 GS Adventure Premium,2016,14839.0,1200.0,16650.0
BMW,R 1200 GS Adventure Premium,2018,1302.0,1200.0,18950.0
BMW,S 1000 XR Premium Racing Red,2016,15620.0,1000.0,11499.0
BMW,F 850 GS 850 GS ADVENTURE,2023,541.0,850.0,14995.0
BMW,R 1200 RT,2006,18008.0,1200.0,6900.0
BMW,G310GS 310 GS,2022,0.0,310.0,6440.0
BMW,R18 TC BASE,2023,0.0,18.0,29290.0
BMW,R1250GS ADVENTURE LOW 1250 GS ADVENTURE,2023,0.0,1250.0,25175.0
BMW,R 1250 GS Adventure,2023,4.0,1250.0,25915.0
BMW,R1250GS LOW 1250 GS,2023,4.0,1250.0,23790.0
BMW,R 1250 GS Adventure,2023,3.0,1250.0,26005.0
BMW,R1250GS ADVENTURE 1250 GS ADVENTURE,2023,8.0,1250.0,24750.0
BMW,CE 04,2023,2.0,4.0,13470.0
BMW,R nineT Pure,2023,2.0,973.6035958904109,13030.0
BMW,Pure,2023,2.0,973.6035958904109,11940.0
BMW,R 1250 GS Adventure,2023,2.0,1250.0,28175.0
BMW,R1250 RS,2023,1.0,1250.0,19765.0
BMW,G 310 R,2023,0.0,310.0,5785.0
BMW,F 750,2019,3624.0,750.0,10500.0
BMW,S 1000 RR,2020,8100.0,1000.0,17500.0
BMW,R1250GS ADVENTURE 1250 GS ADVENTURE,2022,4.0,1250.0,24315.0
BMW,R1250GS 1250 GS,2023,0.0,1250.0,22860.0
BMW,R nineT Pure,2023,0.0,973.6035958904109,13030.0
BMW,R1250 GS,2023,0.0,1250.0,23280.0
BMW,R 1250 GS Adventure,2023,2.0,1250.0,26005.0
BMW,F 900 R,2022,3.0,900.0,12700.0
BMW,R 1250 GS Adventure,2022,33.0,1250.0,22415.0
BMW,R1250 R,2022,0.0,1250.0,18165.0
BMW,F 850 GS 850 GS ADVENTURE,2022,17.0,850.0,16689.0
BMW,M 1000 RR,2022,357.0,1000.0,37000.0
BMW,R18 B,2022,0.0,18.0,26240.0
BMW,F900 XR,2022,0.0,900.0,14990.0
BMW,S 1000 XR,2018,14000.0,1000.0,13500.0
BMW,S1000 XR,2022,0.0,1000.0,21890.0
BMW,R 1250 GS Adventure,2023,4.0,1250.0,26690.0
BMW,G 310 R,2023,0.0,310.0,5785.0
BMW,R 1250 RT,2023,4.0,1250.0,27065.0
BMW,S1000RR,2023,0.0,1000.0,23700.0
BMW,R 1250 GS Adventure GS Trophy,2023,4.0,1250.0,26255.0
BMW,R 1250 GS Adventure GS Trophy,2023,4.0,1250.0,25580.0
BMW,F 850 GS 850 GS ADVENTURE,2023,4.0,850.0,16130.0
BMW,K 1600 B,2022,4.0,1600.0,28590.0
BMW,R 18 CLASSIC,2023,0.0,18.0,20020.0
BMW,R 18 B,2022,0.0,18.0,27265.0
BMW,R 18 CLASSIC,2022,0.0,18.0,23085.0
BMW,S 1000 XR Ice Grey,2020,9606.0,1000.0,15900.0
BMW,K 1600 B,2021,1619.0,1600.0,22880.0
BMW,R 18 Classic First Edition,2021,2506.0,18.0,13995.0
BMW,K 1600 B,2021,9745.0,1600.0,20995.0
BMW,K 1600 GTL,2022,0.0,1600.0,29640.0
BMW,R nineT 719 Night Black Matte/Aluminum Matte BASE,2022,862.0,719.0,17890.0
BMW,R 18 B First Edition,2022,1169.0,18.0,20878.0
BMW,R nineT 719 Night Black Matte/Aluminum Matte BASE,2022,0.0,719.0,16995.0
BMW,R 1250 R Black Storm Metallic,2022,0.0,1250.0,18165.0
BMW,M 1000 RR M RR with M Competition Package,2022,0.0,1000.0,34995.0
BMW,R nineT Scrambler Granite Gray Metallic,2022,0.0,973.6035958904109,15140.0
BMW,R NINET SCRAMBLER,2022,15.0,973.6035958904109,14990.0
BMW,R 18,2022,0.0,18.0,20190.0
BMW,R 18 CLASSIC,2022,0.0,18.0,20190.0
BMW,R 18,2022,0.0,18.0,18730.0
BMW,R NINET SCRAMBLER,2019,4376.0,973.6035958904109,12500.0
BMW,R 18 CLASSIC,2022,0.0,18.0,23515.0
BMW,K 1600 B Imperial Blue Metallic Premium Safety,2019,16466.0,1600.0,18495.0
BMW,F 750 GS,2019,16477.0,750.0,11495.0
BMW,R1250GS 1250 GS,2023,2.0,1250.0,23025.0
BMW,F 900 R,2023,0.0,900.0,12501.0
BMW,F 750 GS,2023,0.0,750.0,13350.0
BMW,F 900 R,2023,0.0,900.0,12501.0
BMW,C 400 GT,2023,0.0,400.0,9535.0
BMW,F 900 R,2023,0.0,900.0,12501.0
BMW,R 1250 GS Adventure Rally,2023,0.0,1250.0,25145.0
BMW,R 18 Transcontinental,2023,5.0,18.0,27460.0
BMW,R1200RT,2006,4560.0,1200.0,7995.0
BMW,K 1600 GTL Exclusive,2014,17604.0,1600.0,8493.0
BMW,S 1000 XR,2016,16111.0,1000.0,9995.0
BMW,R 1200 RT,2016,18634.0,1200.0,13990.0
BMW,R NineT Scrambler,2017,6789.0,973.6035958904109,10499.0
BMW,S 1000 XR White/Racing Blue/Red Premium,2018,14524.0,1000.0,15900.0
BMW,F 750 GS,2019,49005.0,750.0,8600.0
BMW,R nineT Pure,2019,7090.0,973.6035958904109,9999.0
BMW,S 1000 XR,2023,5.0,1000.0,20915.0
BMW,R NINET PURE,2023,1.0,973.6035958904109,12190.0
BMW,R 1250 GS,2023,0.0,1250.0,23290.0
BMW,F 900 R,2023,0.0,900.0,12260.0
BMW,F 750 GS,2023,0.0,750.0,13595.0
BMW,F 900 R,2023,0.0,900.0,12150.0
BMW,F 900 R,2023,0.0,900.0,12150.0
BMW,F 750 GS,2023,0.0,750.0,13595.0
BMW,S 1000 R,2023,0.0,1000.0,20075.0
BMW,R 1200 GS,2014,39149.0,1200.0,12999.0
BMW,S 1000 R,2014,35320.0,1000.0,8995.0
BMW,HP4,2014,11667.0,973.6035958904109,15499.0
BMW,R 1200 GS,2014,44160.0,1200.0,10995.0
BMW,R 1200 GS,2015,9485.0,1200.0,15999.0
BMW,R NINET,2016,18720.0,973.6035958904109,10995.0
BMW,K 1600 B,2018,22174.0,1600.0,15495.0
BMW,R 1250 RT Carbon Black Metallic Style Elegance,2019,6247.0,1250.0,17948.0
BMW,K 1600 Grand America Imperial Blue Metallic,2019,16793.0,1600.0,19799.0
BMW,F 900 R,2023,0.0,900.0,12260.0
BMW,G310R 310 R,2023,8.0,310.0,5785.0
BMW,R 1250 RT Sport,2023,10.0,1250.0,28160.0
BMW,R 1250 GS Adventure Ice Gray,2023,0.0,1250.0,24250.0
BMW,F 850 GS 850 GS ADVENTURE,2023,0.0,850.0,16425.0
BMW,F 850 GS 850 GS ADVENTURE,2023,0.0,850.0,16130.0
BMW,K 1600 GTL,2023,0.0,1600.0,29480.0
BMW,R 1250 GS,2023,1.0,1250.0,21935.0
BMW,M 1000 R Blackstorm Metallic/M Motorsport,2023,0.0,1000.0,27535.0
BMW,R nineT Pure Mineral Gray Metallic,2023,10.0,973.6035958904109,11940.0
BMW,G 310 GS Rally,2023,0.0,310.0,6485.0
BMW,R1250GS 1250 GS,2023,2.0,1250.0,23025.0
BMW,R 1250 GS Adventure Triple Black,2023,0.0,1250.0,23395.0
BMW,K 1600 Grand America Exclusive,2023,0.0,1600.0,28820.0
BMW,F 750 GS Sport,2023,8.0,750.0,12360.0
BMW,R NINET PURE,2023,0.0,973.6035958904109,12535.0
BMW,R NINET PURE,2023,0.0,973.6035958904109,12535.0
BMW,R NINET PURE,2023,0.0,973.6035958904109,12785.0
BMW,G 310 R Sport,2023,0.0,310.0,5785.0
BMW,G 310 GS Rally,2023,0.0,310.0,6485.0
BMW,K 1600 B 719 Midnight s,2023,0.0,1600.0,33200.0
BMW,R 18 B,2023,2.0,18.0,23500.0
BMW,F 900 XR,2023,0.0,900.0,15475.0
BMW,R 18 Transcontinental,2023,5.0,18.0,29290.0
BMW,F 900 R,2023,5.0,900.0,12260.0
BMW,G 310 GS,2023,2.0,310.0,6485.0
BMW,K 1600 GTL,2023,2.0,1600.0,29480.0
BMW,R 1250 GS,2023,2.0,1250.0,23110.0
BMW,K 1600 GTL,2023,2.0,1600.0,30525.0
BMW,F 900 XR,2023,2.0,900.0,15720.0
BMW,CE 04,2023,5.0,4.0,14770.0
BMW,F 750 GS,2023,1.0,750.0,13205.0
BMW,G 310 GS,2023,2.0,310.0,6485.0
BMW,G 310 GS,2023,2.0,310.0,6290.0
BMW,F 900 XR,2023,2.0,900.0,15475.0
BMW,S 1000 XR,2023,2.0,1000.0,20585.0
BMW,R 18 B,2023,201.0,18.0,17495.0
BMW,R 1250 GS Adventure,2023,6.0,1250.0,26375.0
BMW,R NINET URBAN G/S,2023,5.0,973.6035958904109,15190.0
BMW,R 1250 RT,2023,2.0,1250.0,28160.0
BMW,R 1250 GS Adventure,2023,2.0,1250.0,26625.0
BMW,R 1250 GS Adventure,2023,7.0,1250.0,26255.0
BMW,R 1250 GS,2023,202.0,1250.0,22076.0
BMW,R 1250 GS Adventure,2023,1.0,1250.0,25580.0
BMW,K 1600 B,2023,2.0,1600.0,28820.0
BMW,R NineT Scrambler,2023,5.0,973.6035958904109,15365.0
BMW,R 1250 GS Adventure,2023,2.0,1250.0,26005.0
BMW,CE 04,2023,2.0,4.0,14770.0
BMW,G 310 GS,2023,2.0,310.0,6290.0
BMW,G 310 GS,2023,2.0,310.0,6485.0
BMW,R NineT Scrambler,2023,11.0,973.6035958904109,14940.0
BMW,CE 04,2023,2.0,4.0,14550.0
BMW,R 1250 GS Adventure,2023,0.0,1250.0,25330.0
BMW,F 900 R,2023,2.0,900.0,11120.0
BMW,R 1250 GS,2023,6.0,1250.0,24170.0
BMW,K 1600 GTL,2023,2.0,1600.0,31630.0
BMW,F 750 GS,2023,6.0,750.0,13205.0
BMW,R 1250 GS Adventure,2023,6.0,1250.0,26225.0
BMW,F 900 R,2023,6.0,900.0,12501.0
BMW,R 1250 R,2023,2.0,1250.0,18190.0
BMW,F 900 R Hockenheim Silver Metallic / Racing Red,2020,862.0,900.0,9490.0
BMW,R 1250 GS,2023,2.0,1250.0,24255.0
BMW,F 850 GS Adventure,2023,2.0,850.0,17510.0
BMW,K 1600 B,2023,2.0,1600.0,28455.0
BMW,R nineT,2023,23.0,973.6035958904109,21315.0
BMW,F 850 GS 850 GS ADVENTURE,2023,2.0,850.0,16425.0
BMW,G 310 GS,2023,5.0,310.0,6290.0
BMW,R 1250 GS Adventure GS Trophy,2023,10.0,1250.0,25295.0
BMW,CE 04,2023,2.0,4.0,14770.0
BMW,R 1250 GS Adventure,2023,2.0,1250.0,26625.0
BMW,R 1250 GS Adventure,2023,2.0,1250.0,26625.0
BMW,G 310 GS,2023,2.0,310.0,6485.0
BMW,S 1000 XR,2023,2.0,1000.0,20835.0
BMW,G 310 R,2023,5.0,310.0,5785.0
BMW,C 400 GT,2023,5.0,400.0,9535.0
BMW,R 1250 GS Adventure GS Trophy,2023,0.0,1250.0,22780.0
BMW,F 750 GS,2023,2.0,750.0,13135.0
BMW,R 1250 RS,2023,6.0,1250.0,19765.0
BMW,C 400 GT,2023,2.0,400.0,9390.0
BMW,G 310 GS,2023,2.0,310.0,6485.0
BMW,K 1600 B,2023,2.0,1600.0,26655.0
BMW,R 1250 GS,2023,2.0,1250.0,24170.0
BMW,F 750 GS,2023,5.0,750.0,13450.0
BMW,R 1250 GS,2023,6.0,1250.0,24170.0
BMW,S 1000 XR,2023,2.0,1000.0,18250.0
BMW,G 310 R,2023,2.0,310.0,5785.0
BMW,R NineT Scrambler,2023,4.0,973.6035958904109,15785.0
BMW,R 1250 GS Adventure,2023,2.0,1250.0,26475.0
BMW,S 1000 XR,2023,2.0,1000.0,23450.0
BMW,CE 04,2023,1.0,4.0,13690.0
BMW,F 900 R,2023,2.0,900.0,11361.0
BMW,G 310 GS,2023,2.0,310.0,6485.0
BMW,R 1250 GS,2023,2.0,1250.0,24170.0
BMW,C 400 GT,2023,1.0,400.0,9390.0
BMW,F 850 GS Adventure,2023,2.0,850.0,17695.0
BMW,CE 04,2023,2.0,4.0,14550.0
BMW,F 900 XR,2023,2.0,900.0,15720.0
BMW,F 850 GS Adventure,2023,2.0,850.0,17160.0
BMW,R 18 Transcontinental,2023,203.0,18.0,20495.0
BMW,S 1000 R Black Storm Metallic,2023,14.0,1000.0,18755.0
BMW,R18 CLASSIC W/ABS,2021,2866.0,18.0,17299.0
BMW,F 850 GS Adventure Style Rallye,2022,0.0,850.0,17865.0
BMW,R 1200 R,2016,53030.0,1200.0,7995.0
BMW,S 1000 XR,2016,7728.0,1000.0,11995.0
BMW,F 800 GS Trophy,2018,37018.0,800.0,10499.0
BMW,R 1250 RT Alpine White,2019,22270.0,1250.0,19995.0
BMW,R 18 B Black Storm Metallic,2022,303.0,18.0,18395.0
BMW,R 18 CLASSIC,2022,0.0,18.0,21735.0
BMW,F 750 GS,2022,0.0,750.0,13190.0
BMW,R 1250 RT Racing Blue Metallic,2022,10.0,1250.0,28160.0
BMW,F900XR 900 XR,2022,9.0,900.0,14990.0
BMW,R NINE T PURE,2022,4.0,973.6035958904109,13190.0
BMW,F850GS 850 GS ADVENTURE,2022,4.0,850.0,16115.0
BMW,R 1250 GS ADVENTURE,2023,0.0,1250.0,25295.0
BMW,R 1250 GS ADVENTURE,2023,0.0,1250.0,25475.0
BMW,K 1600 GRAND AMERICA,2023,0.0,1600.0,30950.0
BMW,S 1000 XR,2023,0.0,1000.0,23450.0
BMW,R 1200 RT,2010,50153.0,1200.0,8995.0
BMW,R 1250 GS ADVENTURE,2023,0.0,1250.0,26005.0
BMW,K 1300 GT,2010,65260.0,1300.0,6999.0
BMW,R 1150 RT,2004,31591.0,1150.0,5995.0
BMW,R NINET PURE,2023,6.0,973.6035958904109,12285.0
BMW,R 1250 RT,2023,0.0,1250.0,27265.0
BMW,R 1250 RT,2023,0.0,1250.0,26570.0
BMW,F 850 GS ADVENTURE,2023,0.0,850.0,17230.0
BMW,R 1250 GS ADVENTURE,2023,0.0,1250.0,26225.0
BMW,R 1250 GS Adventure Triple Black,2023,0.0,1250.0,24315.0
BMW,F750GS 750 GS,2023,8.0,750.0,13205.0
BMW,R NINET SCRAMBLER,2023,9.0,973.6035958904109,14940.0
BMW,R NINET,2023,0.0,973.6035958904109,18640.0
BMW,F 850 GS Adventure Light White,2023,0.0,850.0,17230.0
BMW,G 310 GS Sport,2023,0.0,310.0,6485.0
BMW,R nineT Urban G/S Imperial Blue Metallic URBAN G S,2023,10.0,973.6035958904109,16340.0
BMW,K1600GTL,2023,10.0,1600.0,30275.0
BMW,R65,1987,15270.0,65.0,6500.0
BMW,R 1150 RS,2002,57282.0,1150.0,3199.0
BMW,F 800 S,2007,5325.0,800.0,5995.0
BMW,R 1250 GS ADVENTURE,2023,0.0,1250.0,26005.0
BMW,K 1600 B,2023,0.0,1600.0,27020.0
BMW,R1250RT 1250 RT,2023,13.0,1250.0,27065.0
BMW,R 1250 R Triple Black,2023,0.0,1250.0,18215.0
BMW,F 900 XR,2023,0.0,900.0,15790.0
BMW,R 1250 R,2023,0.0,1250.0,18215.0
BMW,F 900 XR,2023,0.0,900.0,15395.0
BMW,R 1250 GS,2023,0.0,1250.0,23080.0
BMW,F 850 GS 850 GS ADVENTURE,2023,0.0,850.0,15805.0
BMW,S 1000 R,2023,0.0,1000.0,20245.0
BMW,R 1200 GS Adventure,2009,137734.0,1200.0,8950.0
BMW,K 1600 GTL,2012,3195.0,1600.0,10900.0
BMW,K 1300 S,2013,16184.0,1300.0,10995.0
BMW,S 1000 XR Premium Light White,2016,15545.0,1000.0,10295.0
BMW,S1000rr,2020,3636.0,1000.0,25499.0
BMW,R 1250 GS Adventure Rally,2022,669.0,1250.0,22890.0
BMW,CE 04,2022,0.0,4.0,14795.0
BMW,R 18 CLASSIC,2022,0.0,18.0,22195.0
BMW,R 1250 RT 719 Meteoric II,2023,0.0,1250.0,30410.0
BMW,R 1250 RS Light White,2023,2.0,1250.0,19535.0
BMW,S 1000 RR,2023,6.0,1000.0,25825.0
BMW,R 18 B Manhattan Metallic Matt,2022,2.0,18.0,19995.0
BMW,R 18 Transcontinental Gravity Blue Metallic,2023,15.0,18.0,28395.0
BMW,CE 04 Avantgarde,2023,2.0,4.0,13690.0
BMW,F 900 XR,2023,0.0,900.0,15325.0
BMW,R NINET,2023,0.0,973.6035958904109,18740.0
BMW,S 1000 RR,2023,0.0,1000.0,21805.0
BMW,R NINET,2023,0.0,973.6035958904109,18740.0
BMW,R 1250 R,2023,0.0,1250.0,17710.0
BMW,R 1250 R,2022,3912.0,1250.0,14995.0
BMW,G 310 GS Rally,2023,0.0,310.0,6485.0
BMW,R NINET,2019,2689.0,973.6035958904109,13495.0
BMW,K 1600 GRAND AMERICA,2020,4183.0,1600.0,23995.0
BMW,R 1250 R,2020,1648.0,1250.0,14995.0
BMW,R 18 Transcontinental Manhattan Metallic Matt,2022,0.0,18.0,28965.0
BMW,R 18 CLASSIC,2022,0.0,18.0,20190.0
BMW,R 1250 GS,2022,2306.0,1250.0,22495.0
BMW,K 1600 GTL,2022,551.0,1600.0,24990.0
BMW,K 1600 GTL Exclusive,2023,10.0,1600.0,30275.0
BMW,R 18 B Manhattan Metallic Matt,2022,0.0,18.0,26240.0
BMW,R NINET PURE,2019,13692.0,973.6035958904109,9995.0
BMW,R 1250 RT Mars Red Metallic/Dark Slate Metallic Style S,2019,3110.0,1250.0,21999.0
BMW,F 900 R Sport,2023,10.0,900.0,12260.0
BMW,R 1250 GS GS Trophy,2023,10.0,1250.0,23925.0
BMW,R100RT,1982,37359.0,100.0,4500.0
BMW,R 1200 RT,2005,72500.0,1200.0,4500.0
BMW,R 1200 RT San Marino Blue Metallic / Granite Grey Metal RTP,2016,65976.0,1200.0,12999.0
BMW,K 1600 Grand America Imperial Blue Metallic,2019,2535.0,1600.0,17991.0
BMW,R 1250 R Black Storm Metallic,2020,8220.0,1250.0,14995.0
BMW,R NINET PURE,2021,1208.0,973.6035958904109,12999.0
BMW,K 1600 B,2022,0.0,1600.0,29590.0
BMW,R NineT Urban GS URBAN G/S,2022,10.0,973.6035958904109,16340.0
BMW,R 1250 RS Imperial Blue Metallic,2022,10.0,1250.0,18275.0
BMW,R 18 CLASSIC,2022,0.0,18.0,21010.0
BMW,R 18 CLASSIC,2022,0.0,18.0,20690.0
BMW,R 18 CLASSIC,2022,0.0,18.0,21010.0
BMW,R 18 CLASSIC,2022,0.0,18.0,21010.0
BMW,R 1250 GS Adventure,2023,3.0,1250.0,24925.0
BMW,F 900 R,2023,5.0,900.0,12150.0
BMW,R 1250 GS Adventure Ice Gray,2023,0.0,1250.0,24250.0
BMW,S 1000 R Bluestone Metallic,2023,2.0,1000.0,17655.0
BMW,R 1250 GS Adventure Rally,2022,0.0,1250.0,28266.0
BMW,S 1000 RR,2022,2350.0,1000.0,24999.0
BMW,R 1250 R Black Storm Metallic,2022,5.0,1250.0,16698.0
BMW,R18B,2022,566.0,18.0,18990.0
BMW,R 18 CLASSIC,2022,0.0,18.0,20785.0
BMW,R 18 CLASSIC,2022,0.0,18.0,23085.0
BMW,R 18 CLASSIC,2022,0.0,18.0,22195.0
BMW,R18,2022,0.0,18.0,17335.0
BMW,R 18 CLASSIC,2022,0.0,18.0,21640.0
BMW,R 1250 GS,2023,0.0,1250.0,24005.0
BMW,R NINET PURE,2023,0.0,973.6035958904109,13030.0
BMW,R 1250 GS,2023,0.0,1250.0,24420.0
BMW,R NINET PURE,2023,0.0,973.6035958904109,12535.0
BMW,R 1250 GS,2023,0.0,1250.0,24320.0
BMW,F 750 GS,2023,0.0,750.0,13205.0
BMW,F 750 GS,2023,2.0,750.0,13675.0
BMW,R 1250 GS,2023,0.0,1250.0,24005.0
BMW,K 1600 GT,2022,25.0,1600.0,27790.0
BMW,R 1250 GS ADVENTURE,2023,0.0,1250.0,25295.0
BMW,R 1250 GS,2023,0.0,1250.0,23330.0
BMW,F 900 R Black Storm Metallic,2023,10.0,900.0,12150.0
BMW,R 1250 GS Adventure Rally,2023,10.0,1250.0,26840.0
BMW,F 750 GS,2023,0.0,750.0,13675.0
BMW,F 750 GS,2023,0.0,750.0,13675.0
BMW,F 750 GS,2023,0.0,750.0,13200.0
BMW,R 1100 RT,1998,11999.0,1100.0,4995.0
BMW,R 1100 RT,1999,57802.0,1100.0,3995.0
BMW,F 650 GS DAKAR,2003,51611.0,650.0,4995.0
BMW,K 1200 S,2008,49136.0,1200.0,5700.0
BMW,K 1600 GT,2013,61635.0,1600.0,11999.0
BMW,R 1200 GS,2014,25087.0,1200.0,11999.0
BMW,K 1600 GTL Exclusive,2014,23564.0,1600.0,15699.0
BMW,K 1600 GTL Ebony Metallic,2018,23000.0,1600.0,20999.0
BMW,K 1600 B Black Storm Metallic Premium,2018,21416.0,1600.0,17990.0
BMW,R1200GS ADVENTURE 1200 W/ABS,2018,10001.0,1200.0,17999.0
BMW,R NINET URBAN G/S,2023,0.0,973.6035958904109,16085.0
BMW,R NINET URBAN G S,2023,0.0,973.6035958904109,15965.0
BMW,R NINET URBAN G/S,2023,0.0,973.6035958904109,15790.0
BMW,R NINET,2023,0.0,973.6035958904109,18640.0
BMW,R 1250 GS,2023,0.0,1250.0,23925.0
BMW,R NINET SCRAMBLER,2023,0.0,973.6035958904109,15785.0
BMW,R 1250 RS,2023,2.0,1250.0,20010.0
BMW,R 1250 GS,2023,0.0,1250.0,23705.0
BMW,R 1250 GS,2023,0.0,1250.0,22860.0
BMW,K1600GTL,2023,10.0,1600.0,29480.0
BMW,R 1250 RT Sport,2023,0.0,1250.0,27265.0
BMW,R 1250 GS,2023,0.0,1250.0,22780.0
BMW,R nineT 719 Night Black Matte/Aluminum Matte BASE,2023,0.0,719.0,18740.0
BMW,R NINET URBAN G/S,2023,0.0,973.6035958904109,16965.0
BMW,F 900 XR,2023,0.0,900.0,15475.0
BMW,R NINET PURE,2023,6.0,973.6035958904109,13280.0
BMW,R NINET,2023,0.0,973.6035958904109,18640.0
BMW,CE 04 Light White,2023,8.0,4.0,13955.0
BMW,K 1600 GT Sport,2023,0.0,1600.0,30080.0
BMW,R NINET SCRAMBLER,2023,7.0,973.6035958904109,14865.0
BMW,F 900 R Black Storm Metallic,2023,0.0,900.0,12150.0
BMW,R nineT Pure Mineral Gray Metallic,2023,5.0,973.6035958904109,11940.0
BMW,R 1250 GS,2023,0.0,1250.0,24005.0
BMW,R 1250 R Triple Black,2023,6.0,1250.0,18510.0
BMW,R1250GS ADVENTURE 1250 GS ADVENTURE,2022,9.0,1250.0,24315.0
BMW,S 1000 R,2022,266.0,1000.0,19999.0
BMW,CE 04,2022,0.0,4.0,14570.0
BMW,R nineT Urban G/S,2022,3.0,973.6035958904109,16930.0
BMW,R 1250 GS,2023,5.0,1250.0,24005.0
BMW,R 1250 GS - Low Suspension,2023,0.0,1250.0,24670.0
BMW,R nineT,2023,0.0,973.6035958904109,21415.0
BMW,R 1250 RS,2023,0.0,1250.0,21055.0
BMW,K 1200 R,2008,28000.0,1200.0,5800.0
BMW,R 1200 GS,2015,19752.0,1200.0,12999.0
BMW,K 1600 B,2018,20130.0,1600.0,15499.0
BMW,K 1600 GTL EXCLUSIVE,2019,1523.0,1600.0,24000.0
BMW,R 1250,2020,1368.0,1250.0,17500.0
BMW,F 850 GS ADVENTURE,2020,1766.0,850.0,13500.0
BMW,R 1250 1250 R,2021,1050.0,1250.0,21500.0
BMW,R1250GS ADVENTURE 1250 GS ADVENTURE,2022,12.0,1250.0,24315.0
BMW,R 1250 1250 R,2021,9557.0,1250.0,20999.0
BMW,K 1600 GTL Black Storm Metallic,2021,7401.0,1600.0,20999.0
BMW,R 1250 GS ADVENTURE,2020,8150.0,1250.0,24000.0
BMW,K 1600 GTL,2023,0.0,1600.0,31380.0
BMW,R 90 /6,1976,500.0,90.0,8000.0
BMW,R 1200 C CLASSIC,2002,14000.0,1200.0,6300.0
BMW,R 1150 R,2004,2271.0,1150.0,6300.0
BMW,K 1600 GT,2012,22064.0,1600.0,9899.0
BMW,R 1200 GS ADVENTURE,2013,14814.0,1200.0,11500.0
BMW,R 1200 GS ADVENTURE,2013,37925.0,1200.0,10500.0
BMW,K 1600 GTL,2014,14800.0,1600.0,16750.0
BMW,R 1200 GS,2015,7610.0,1200.0,12899.0
BMW,F 800 GT Premium Light White,2016,14636.0,800.0,8499.0
BMW,R 1200 GS,2016,45500.0,1200.0,11800.0
BMW,R 1200 RT Ebony Metallic,2016,6965.0,1200.0,12899.0
BMW,R 1250 1250 R,2019,22637.0,1250.0,16000.0
BMW,F 850 GS Adventure Rally Style Low Susp,2019,3219.0,850.0,11899.0
BMW,F 850 GS Adventure Exclusive Style,2019,18174.0,850.0,12995.0
BMW,G 310 GS,2021,897.0,310.0,5900.0
BMW,C 400 GT,2022,2800.0,400.0,8295.0
BMW,RNINET SCRAMBLER,2022,810.0,973.6035958904109,13999.0
BMW,M 1000 RR,2022,561.0,1000.0,36950.0
BMW,G 310 R Passion,2023,8.0,310.0,5190.0
BMW,S 1000 XR,2023,5.0,1000.0,21915.0
BMW,F 650 GS,2006,14426.0,650.0,5500.0
BMW,S 1000 RR,2012,28000.0,1000.0,11500.0
BMW,F 650 GS,2012,1365.0,650.0,8200.0
BMW,R 1200 GS,2012,24109.0,1200.0,9899.0
BMW,F 800 GT,2013,452.0,800.0,6599.0
BMW,R 1200 GS,2015,25885.0,1200.0,12900.0
BMW,S 1000 R Premium Racing Red,2016,12844.0,1000.0,8899.0
BMW,R 1200 RT,2018,27765.0,1200.0,12350.0
BMW,F 850 GS Adventure,2019,25048.0,850.0,10710.0
BMW,F 750 GS,2019,4163.0,750.0,9749.0
BMW,F 900 XR,2020,2403.0,900.0,10495.0
BMW,M 1000 RR,2021,1240.0,1000.0,39900.0
BMW,R 1250 GS,2021,4961.0,1250.0,20995.0
BMW,R 1250 GS Rallye,2023,0.0,1250.0,24035.0
BMW,K 1600 GTL EXCLUSIVE,2022,742.0,1600.0,25500.0
BMW,R 18 TRANSCONTINENTAL,2022,325.0,18.0,23000.0
BMW,R 1250,2021,16875.0,1250.0,21500.0
BMW,R 1250 GS Rallye,2023,0.0,1250.0,22525.0
BMW,F 900 R Black Storm Metallic,2023,8.0,900.0,11455.0
BMW,K 1600 B Black Storm Metallic,2023,0.0,1600.0,26665.0
BMW,R1250GS 1250 GS,2023,207.0,1250.0,21999.0
BMW,G 310 GS,2023,0.0,310.0,6485.0
BMW,R 18,2023,0.0,18.0,18945.0
BMW,R 1250 GS Adventure - Low Suspension,2023,0.0,1250.0,26625.0
BMW,S 1000 XR Light White/M Motorsport 1000 R,2023,1592.0,1000.0,20995.0
BMW,R 1200 GS ADVENTURE,2010,39000.0,1200.0,12960.0
BMW,K 1600 GTL,2012,55000.0,1600.0,12500.0
BMW,R 1200 GS ADVENTURE,2014,23850.0,1200.0,12490.0
BMW,S 1000 RR,2018,2058.0,1000.0,16999.0
BMW,R 1200 RT,2018,11000.0,1200.0,14995.0
BMW,F 750 GS,2019,17552.0,750.0,9000.0
BMW,F 900 XR,2020,4500.0,900.0,9750.0
BMW,R 1250 GS Adventure Ice Grey,2021,8097.0,1250.0,22995.0
BMW,R 1200 RT,2011,13698.0,1200.0,9850.0
BMW,R 1250 GS Adventure Triple Black,2023,8.0,1250.0,24745.0
BMW,R NINET BASE,2022,1359.0,973.6035958904109,16900.0
BMW,R 18 BASE,2021,1480.0,18.0,11995.0
BMW,R NINET 719,2022,1600.0,719.0,18499.0
BMW,R 1250 GS Adventure Rallyb- DEMO,2022,264.0,1250.0,24515.0
BMW,CE 04 Light White,2022,545.0,4.0,13445.0
BMW,F900R 900 R,2022,0.0,900.0,12590.0
BMW,R 18 Option 719 Mineral White BASE,2023,10.0,18.0,19940.0
BMW,G 310 GS,2023,3.0,310.0,6290.0
BMW,K 1600 GTL,2013,59000.0,1600.0,11711.0
BMW,R 1200 R CLASSIC,2014,28000.0,1200.0,9500.0
BMW,S 1000 XR,2016,15208.0,1000.0,9999.0
BMW,R NINET SCRAMBLER,2017,2558.0,973.6035958904109,11800.0
BMW,F800 GSA,2017,11152.0,800.0,10000.0
BMW,S 1000 XR,2018,360.0,1000.0,13995.0
BMW,R 1250 GS Black Storm Metallic Premium,2019,69435.0,1250.0,11999.0
BMW,R nineT Black Storm Metallic / Vintage 719,2019,15464.0,719.0,12995.0
BMW,R 1250,2020,8511.0,1250.0,16750.0
BMW,R 1250 GS ADVENTURE,2020,15892.0,1250.0,21000.0
BMW,R 1250,2020,5700.0,1250.0,15800.0
BMW,R 1200 RT Alpine White Premium,2018,61923.0,1200.0,11995.0
BMW,R 1200 GS ADVENTURE,2017,35587.0,1200.0,17500.0
BMW,R 18 B,2022,8.0,18.0,25590.0
BMW,R 18 B,2022,210.0,18.0,26240.0
BMW,R 18 B 719 Galaxy Dust Metallic/Titan Silver 2 Metallic,2022,135.0,18.0,16995.0
BMW,R 1000 RR,2022,234.0,1000.0,25000.0
BMW,M 1000 RR,2022,1450.0,1000.0,37999.0
BMW,G 310 R,2023,0.0,310.0,5785.0
BMW,R nineT,2023,0.0,973.6035958904109,19115.0
BMW,R 1250 RS Austin Yellow Metallic Matte,2020,38782.0,1250.0,13495.0
BMW,F 850 GS 850 GS ADVENTURE,2023,0.0,850.0,16425.0
BMW,R 1200 RT,2007,32800.0,1200.0,6250.0
BMW,RT1200,2011,36805.0,1200.0,8899.0
BMW,R 1200 R,2012,35243.0,1200.0,6500.0
BMW,K 1600 GT,2012,81125.0,1600.0,8995.0
BMW,F 800 GS ADVENTURE,2015,5292.0,800.0,10000.0
BMW,R 1200 GS ADVENTURE,2016,28000.0,1200.0,13900.0
BMW,K 1600,2016,40700.0,1600.0,8999.0
BMW,R 90 /6,1976,120000.0,90.0,8750.0
BMW,M1000RR,2022,946.0,1000.0,70000.0
BMW,F 750 GS Style Triple Black,2022,2.0,750.0,12995.0
BMW,S 1000 R,2022,2155.0,1000.0,17990.0
BMW,R 1250 R,2023,0.0,1250.0,18510.0
BMW,R 1250 GS,2023,0.0,1250.0,25195.0
BMW,F 800 R,2011,5197.0,800.0,5790.0
BMW,R 1200 GS Triple Black,2011,6001.0,1200.0,12790.0
BMW,S1000RR,2014,10783.0,1000.0,13514.0
BMW,R 1200 GS Adventure,2015,21636.0,1200.0,13990.0
BMW,R 1200 RT,2016,16500.0,1200.0,13999.0
BMW,S 1000 XR Premium Light White / Granite Grey Metallic /,2016,8129.0,1000.0,12499.0
BMW,R 1200 GS ADVENTURE,2017,2403.0,1200.0,19980.0
BMW,K 1600 B,2019,27804.0,1600.0,16890.0
BMW,R 1250 GS,2020,11000.0,1250.0,21000.0
BMW,R nineT /50th Anniversary,2020,7839.0,50.0,11900.0
BMW,R 1250,2020,9962.0,1250.0,19500.0
BMW,F 750,2020,3600.0,750.0,10500.0
BMW,S 1000 XR,2021,5935.0,1000.0,16290.0
BMW,R 1250 GS GS Trophy,2023,2274.0,1250.0,22780.0
BMW,K 1600 GTL Gravity Blue Metallic,2022,994.0,1600.0,28995.0
BMW,R 1250 GS Light White,2022,0.0,1250.0,24999.0
BMW,R 18 B Manhattan Metallic Matt,2022,11.0,18.0,23240.0
BMW,R 18 Transcontinental,2023,205.0,18.0,26990.0
BMW,R 1250 R Sport,2023,10.0,1250.0,18240.0
BMW,M,2023,100.0,973.6035958904109,39999.0
BMW,R 1250 GS GS Trophy,2023,208.0,1250.0,22840.0
BMW,R 1250 R,2023,0.0,1250.0,18485.0
BMW,R 1250 GS,2023,6.0,1250.0,23045.0
BMW,R 1250 GS,2023,6.0,1250.0,23045.0
BMW,R 18 Transcontinental,2022,0.0,18.0,28965.0
BMW,R 1200 RT,2007,29102.0,1200.0,5995.0
BMW,F 650 GS,2013,14711.0,650.0,6800.0
BMW,F 800 GT,2013,8700.0,800.0,6350.0
BMW,F 800 R,2013,4572.0,800.0,5499.0
BMW,R 1200 GS ADVENTURE,2017,54000.0,1200.0,12000.0
BMW,R Nine T,2018,4303.0,973.6035958904109,8997.0
BMW,S 1000 RR,2020,21000.0,1000.0,19800.0
BMW,R1250 GS ADVENTURE,2022,7702.0,1250.0,23900.0
BMW,K 1300 GT,2010,43082.0,1300.0,6499.0
BMW,R 18,2022,295.0,18.0,13495.0
BMW,S 1000 R,2023,400.0,1000.0,19900.0
BMW,R 1250 R Sport,2023,8.0,1250.0,17790.0
BMW,R 1250 GS,2023,0.0,1250.0,23025.0
BMW,R 1250 GS,2023,0.0,1250.0,23920.0
BMW,K 1600 B 719 Midnight s,2023,0.0,1600.0,29050.0
BMW,K 1300 S,2015,11100.0,1300.0,12900.0
BMW,R 1200 GS ADVENTURE,2017,26300.0,1200.0,16495.0
BMW,R 1250 GS Adventure,2021,7033.0,1250.0,23495.0
BMW,K 1600 GTL EXCLUSIVE,2014,29896.0,1600.0,14900.0
BMW,R 1200 GS RALLYE,2017,857.0,1200.0,18999.0
BMW,G 310 GS,2019,4467.0,310.0,4900.0
BMW,Rnine T PURE,2021,472.0,973.6035958904109,12999.0
BMW,S 1000 XR,2016,3700.0,1000.0,13494.0
BMW,G 310 GS,2019,1476.0,310.0,5500.0
BMW,G 310 R,2020,428.0,310.0,4999.0
BMW,G 310,2022,3707.0,310.0,6700.0
BMW,R 1250 GS,2023,0.0,1250.0,24845.0
BMW,R 1250 GS,2023,0.0,1250.0,23025.0
BMW,R NINET,2018,10879.0,973.6035958904109,13500.0
BMW,R 1200 GS,2014,50586.0,1200.0,10495.0
BMW,R 100 GS,1992,16325.0,100.0,26500.0
BMW,R 18 B,2023,2.0,18.0,23995.0
BMW,R 1250 GS Adventure,2023,6.0,1250.0,25145.0
BMW,R 18 Transcontinental,2023,2.0,18.0,27460.0
BMW,R 18,2023,2.0,18.0,20225.0
BMW,R 18 B,2023,0.0,18.0,25495.0
BMW,R 80 /7,1977,1668.0,80.0,8450.0
BMW,R 1200 GS,2010,5938.0,1200.0,10500.0
BMW,R NINET SCRAMBLER,2015,3200.0,973.6035958904109,9900.0
BMW,F 850 GS Adventure,2022,0.0,850.0,17515.0
BMW,R 1250 RT Alpine White,2023,10.0,1250.0,27465.0
BMW,R 18 Classic,2023,0.0,18.0,20020.0
BMW,R 1100 RT ABS,2000,59645.0,1100.0,4900.0
BMW,R 1200 GS,2014,51956.0,1200.0,10500.0
BMW,R 1200 R,2016,18384.0,1200.0,10296.0
BMW,K 1600 GRAND AMERICA OPTION 719 MIDNIGHT,2023,6.0,1600.0,30950.0
BMW,F 700 GS,2013,2800.0,700.0,7300.0
BMW,S 1000 XR,2018,7407.0,1000.0,14695.0
BMW,F 900 XR,2020,4264.0,900.0,10295.0
BMW,R 1250 RS,2020,3080.0,1250.0,14995.0
BMW,K 1600 GTL,2018,24805.0,1600.0,18995.0
BMW,K 1600 B,2019,6840.0,1600.0,19995.0
BMW,R 18 CLASSIC,2021,1837.0,18.0,15595.0
BMW,R 18 B FIRST EDITION,2022,5420.0,18.0,15999.0
BMW,S 1000 XR,2021,9200.0,1000.0,19999.0
BMW,R 1250 GS,2022,2900.0,1250.0,21900.0
BMW,R 1250 RT,2021,8048.0,1250.0,23995.0
BMW,R 1200 GS Adventure,2012,13301.0,1200.0,12499.0
BMW,K 1600 GTL,2019,13400.0,1600.0,25000.0
BMW,R 1250 GS,2020,9354.0,1250.0,19500.0
BMW,K 1600 B Grand America 1600 GRAND AMERICA,2018,20311.0,1600.0,19595.0
BMW,K 1600 GRAND AMERICA,2019,7709.0,1600.0,20000.0
BMW,R 60 /2,1966,123456.0,60.0,21000.0
BMW,K 1600 B Grand America 1600 GRAND AMERICA,2019,16479.0,1600.0,20995.0
BMW,R 1250 GS Triple Black Factory Low Suspension,2023,0.0,1250.0,23790.0
BMW,K 1600 GT,2016,13743.0,1600.0,16500.0
BMW,R 18 CLASSIC FIRST EDITION,2021,19500.0,18.0,29995.0
BMW,S 1000 RR,2023,3.0,1000.0,30978.0
BMW,K 75 S,1990,300.0,75.0,19999.0
BMW,R 1250,2019,4153.0,1250.0,18995.0
BMW,R 18 CLASSIC,2021,831.0,18.0,14995.0
BMW,R 18 TRANSCONTINENTAL,2022,4456.0,18.0,22900.0
BMW,R 18 B 719 Galaxy Dust Metallic/Titan Silver 2 Metallic,2022,0.0,18.0,22990.0
BMW,R 1250 GS Triple Black,2023,2.0,1250.0,22860.0
BMW,R 1200 GS ADVENTURE,2015,24398.0,1200.0,15900.0
BMW,R 1250 RS,2020,10524.0,1250.0,19995.0
BMW,R 1250 GS,2023,6.0,1250.0,24490.0
BMW,R 18 CLASSIC,2021,548.0,18.0,14995.0
BMW,G 650 GS,2009,21528.0,650.0,5595.0
BMW,R nineT,2015,13338.0,973.6035958904109,8999.0
BMW,K 1600 B,2018,4570.0,1600.0,17995.0
BMW,R 1100 S Boxer Cup,2004,7339.0,1100.0,13500.0
BMW,R 1200 RT,2011,45144.0,1200.0,7995.0
BMW,S 1000 RR,2014,13413.0,1000.0,13995.0
BMW,R 1200 GS ADVENTURE,2016,81471.0,1200.0,12995.0
BMW,F 650,1997,13698.0,650.0,4999.0
BMW,R 18 B,2023,2.0,18.0,23500.0
BMW,R 18 Transcontinental,2023,2.0,18.0,27985.0
BMW,R 18 Classic,2023,2.0,18.0,23305.0
BMW,S 1000 RR,2010,21400.0,1000.0,10500.0
BMW,K 1600 GTL,2012,22734.0,1600.0,11500.0
BMW,R 1200 GS,2015,5503.0,1200.0,14500.0
BMW,F 800 R,2015,19088.0,800.0,5499.0
BMW,R 1200 GS ADVENTURE,2017,23050.0,1200.0,15500.0
BMW,S 1000 R,2018,7600.0,1000.0,12995.0
BMW,R 1200 GS,2018,7100.0,1200.0,15200.0
BMW,S 1000 R,2018,8000.0,1000.0,10999.0
BMW,S 1000 XR Ice Grey Low Susp.,2021,9165.0,1000.0,16995.0
BMW,R 18 FIRST EDITION,2021,34.0,18.0,16950.0
BMW,G 310 R,2021,2669.0,310.0,4795.0
BMW,R 18 TRANSCONTINENTAL FIRST EDITION,2022,481.0,18.0,20495.0
BMW,S 1000 XR Light White/M Motorsport 1000 R,2023,8.0,1000.0,22505.0
BMW,S 1000 XR Triple Black,2023,208.0,1000.0,18995.0
BMW,K 1600 GTL Black Storm Metallic,2023,8.0,1600.0,28490.0
BMW,K 1200 S,2007,91392.0,1200.0,4500.0
BMW,K 1200 LT,2006,91000.0,1200.0,5000.0
BMW,R 18 Classic,2023,6.0,18.0,20020.0
BMW,R 1250 GS,2023,7.0,1250.0,24005.0
BMW,R nineT Pure 719 Underground/Light White,2023,10.0,719.0,13605.0
BMW,CE 04 Avantgarde,2023,8.0,4.0,13955.0
BMW,K 1600 Grand America,2023,0.0,1600.0,28455.0
BMW,R 1200 GS ADVENTURE,2013,14107.0,1200.0,9000.0
BMW,S 1000 R,2014,6150.0,1000.0,10400.0
BMW,R 1200 RT Mars Red Metallic / Dark Slate Metallic,2018,31749.0,1200.0,12899.0
BMW,K 1600 B Black Storm Metallic Premium,2018,21645.0,1600.0,15499.0
BMW,R nineT Pure 719 Pollux Metallic/Light White,2023,10.0,719.0,12535.0
BMW,R 1250,2019,190.0,1250.0,14250.0
BMW,R 18 Mars Red Metallic,2022,102.0,18.0,13495.0
BMW,R nineT Scrambler 719 Black Storm Metallic / Racing Red,2022,103.0,719.0,13295.0
BMW,RNINET SCRAMBLER,2022,203.0,973.6035958904109,14999.0
BMW,K 1600 Grand America 719 Midnight,2022,1607.0,1600.0,25990.0
BMW,R 18 Transcontinental Manhattan Metallic Matt,2022,156.0,18.0,18995.0
BMW,R 1250 RS Triple black,2023,208.0,1250.0,18465.0
BMW,R 1250 GS Adventure GS Trophy,2023,0.0,1250.0,25295.0
BMW,F 900 XR Light White,2020,8617.0,900.0,8499.0
BMW,R 1250 GS Rallye,2023,0.0,1250.0,24170.0
BMW,R 1250 GS Adventure,2023,3.0,1250.0,25145.0
BMW,F 800 GS,2010,33000.0,800.0,8900.0
BMW,K 1600 GTL K1600GTL,2018,8100.0,1600.0,18499.0
BMW,R 1200 RT,2018,33020.0,1200.0,12000.0
BMW,R 1200 GS ADVENTURE,2018,21880.0,1200.0,18299.0
BMW,R NINET URBAN G/S,2018,3965.0,973.6035958904109,10500.0
BMW,R nineT,2019,411.0,973.6035958904109,13790.0
BMW,F850GS 850 GS ADVENTURE,2019,14831.0,850.0,12895.0
BMW,S 1000 XR Racing Red with White Aluminum Metallic Matte,2020,18519.0,1000.0,14299.0
BMW,F,2021,2687.0,973.6035958904109,12465.0
BMW,F 850 GS 850 GS ADVENTURE,2021,5248.0,850.0,13990.0
BMW,K 1600 GT,2022,4.0,1600.0,29540.0
BMW,R NineT Urban G/S,2022,4.0,973.6035958904109,15340.0
BMW,F 850 GS 850 GS ADVENTURE,2022,108.0,850.0,16464.0
BMW,R 18 B,2022,150.0,18.0,17995.0
BMW,R 1250 GS Adventure GS Trophy,2023,10.0,1250.0,25295.0
BMW,2023 BMW R18 B Gravity Blue Metallic,2023,201.0,2023.0,22495.0
BMW,S 1000 RR,2017,8259.0,1000.0,16390.0
BMW,S 1000 XR,2016,10925.0,1000.0,11290.0
BMW,R 1200 GS Adventure,2015,16894.0,1200.0,17390.0
BMW,F 900 XR,2023,0.0,900.0,15720.0
BMW,K 1600 Grand America,2018,19477.0,1600.0,17899.0
BMW,K 1600 B,2018,37700.0,1600.0,14495.0
BMW,F 750 GS,2019,9974.0,750.0,9990.0
BMW,R 18 B Black Storm Metallic,2022,0.0,18.0,17999.0
BMW,K 1600 GTL Black Storm Metallic,2022,124.0,1600.0,26990.0
BMW,F 900 XR,2023,416.0,900.0,13995.0
BMW,R nineT Scrambler,2023,0.0,973.6035958904109,16985.0
BMW,R nineT Urban G/S,2023,0.0,973.6035958904109,15765.0
BMW,R 1200 GS ADVENTURE,2017,58640.0,1200.0,16297.0
BMW,R 1250 GS Adventure,2020,26038.0,1250.0,18290.0
BMW,R 1250 GS ADVENTURE,2021,6800.0,1250.0,29995.0
BMW,S 1000 XR M SPORT,2021,6300.0,1000.0,18000.0
BMW,S 1000 XR,2021,11999.0,1000.0,19600.0
BMW,R nineT Scrambler 719 Black Storm Metallic / Racing Red,2022,0.0,719.0,15730.0
BMW,R 18 B,2022,1080.0,18.0,16995.0
BMW,R 1250 RT Sport,2023,0.0,1250.0,27265.0
BMW,R 1200 GS ADVENTURE,2018,15725.0,1200.0,20000.0
BMW,F 750 GS Style Sport,2022,1167.0,750.0,12000.0
BMW,R 18,2021,1049.0,18.0,12750.0
BMW,S 1000 RR,2022,652.0,1000.0,21000.0
BMW,"R18 Classic, Demo Model",2023,0.0,18.0,20430.0
BMW,R 1250 GS Adventure Rally,2023,5.0,1250.0,25145.0
BMW,K 1600 GTL,2023,0.0,1600.0,30275.0
BMW,K 1600 GTL,2023,6.0,1600.0,29480.0
BMW,R 1250 GS,2023,15.0,1250.0,24170.0
BMW,F 900 R,2023,15.0,900.0,12501.0
BMW,K 1600 B,2023,15.0,1600.0,27020.0
BMW,R 69 US,1960,53000.0,69.0,18999.0
BMW,R 1100 RS,1994,54596.0,1100.0,3500.0
BMW,R 1200 C,1999,32000.0,1200.0,6200.0
BMW,R 1200 RT,2012,23700.0,1200.0,9250.0
BMW,R 1200 RT,2012,29587.0,1200.0,7900.0
BMW,S1000RR,2012,9497.0,1000.0,14999.0
BMW,R1200,2014,24500.0,1200.0,13950.0
BMW,HP4 BASE,2014,19200.0,973.6035958904109,13999.0
BMW,R nineT Scrambler,2023,0.0,973.6035958904109,15785.0
BMW,K 1600 GT,2015,55903.0,1600.0,12900.0
BMW,S 1000 RR,2023,0.0,1000.0,24730.0
BMW,R 1250 GS ADVENTURE,2020,5584.0,1250.0,24000.0
BMW,"G310GS, Demo Model 310 GS",2023,201.0,310.0,6040.0
BMW,F 750 GS Triple Black,2023,1.0,750.0,12835.0
BMW,R 1250 GS Rallye,2023,0.0,1250.0,24170.0
BMW,R18B,2023,5.0,18.0,23995.0
BMW,R Ninet Scrambler 719 Pollux Metallic / Light Whit,2023,4.0,719.0,15860.0
BMW,G 310 GS,2023,15.0,310.0,6485.0
BMW,R 1200 C,2004,1920.0,1200.0,14000.0
BMW,K 1200 R,2007,21371.0,1200.0,4200.0
BMW,R 1200 GS ADVENTURE,2017,61546.0,1200.0,13500.0
BMW,K 1600 GTL,2018,5000.0,1600.0,17750.0
BMW,K 1600 GT,2018,8500.0,1600.0,18400.0
BMW,G 310,2018,5217.0,310.0,4500.0
BMW,K 1600 B,2018,8100.0,1600.0,18000.0
BMW,R 1250 1250 R,2019,13500.0,1250.0,17950.0
BMW,R 1250 1250 R,2020,22000.0,1250.0,20500.0
BMW,R 1250 GS ADVENTURE,2022,800.0,1250.0,35000.0
BMW,S 1000 R,2015,5344.0,1000.0,12999.0
BMW,R 1200 RT,2016,25000.0,1200.0,13500.0
BMW,R 1200 GS,2017,31800.0,1200.0,15000.0
BMW,K 1200 GT,2003,34500.0,1200.0,4595.0
BMW,R 1200,2005,28000.0,1200.0,5500.0
BMW,K,2006,10540.0,973.6035958904109,6000.0
BMW,K 1200 R SPORT,2007,25577.0,1200.0,5200.0
BMW,S 1000 RR,2010,3912.0,1000.0,11000.0
BMW,K 1300 GT,2010,76200.0,1300.0,6850.0
BMW,K 1600 GT,2014,43650.0,1600.0,9500.0
BMW,S 1000 RR,2016,3608.0,1000.0,16500.0
BMW,R 1200 GS,2017,18770.0,1200.0,16000.0
BMW,R 1200 GS ADVENTURE,2017,30056.0,1200.0,15600.0
BMW,R 1200 GS ADVENTURE,2018,14327.0,1200.0,17999.0
BMW,K 1600 B,2019,17400.0,1600.0,17500.0
BMW,300,2019,1120.0,300.0,4495.0
BMW,K 1600 GT SPORT,2020,6830.0,1600.0,18890.0
BMW,K 1600 GTL,2021,4813.0,1600.0,22750.0
BMW,S 1000 R,2023,6.0,1000.0,18755.0
BMW,R1250GS 1250 GS,2023,11.0,1250.0,24885.0
BMW,R 1250 RS Light White,2023,6.0,1250.0,19535.0
BMW,R 1250 GS Adventure Rally,2023,6.0,1250.0,26475.0
BMW,K 1600 GTL,2018,16950.0,1600.0,17999.0
BMW,K 1600 GRAND AMERICA,2018,21829.0,1600.0,17475.0
BMW,K 1600 B,2018,6108.0,1600.0,16900.0
BMW,K 1600 B,2018,1321.0,1600.0,21500.0
BMW,K 1600 GRAND AMERICA,2020,8836.0,1600.0,22000.0
BMW,G 310 R,2021,463.0,310.0,4475.0
BMW,K 1600 Grand America Black Storm Metallic,2021,7079.0,1600.0,24000.0
BMW,"G310R, Demo Model 310 R",2023,201.0,310.0,5535.0
BMW,G 310 R,2021,971.0,310.0,4600.0
BMW,K 1600 B,2021,3700.0,1600.0,21500.0
BMW,"R nineT Pure, Demo Model",2022,201.0,973.6035958904109,12730.0
BMW,"R18 B, Demo Model",2022,201.0,18.0,23640.0
BMW,K 1600 GT Light White/Racing Blue Metallic/Racing Red,2022,1.0,1600.0,27560.0
BMW,S 1000 XR,2022,5400.0,1000.0,19500.0
BMW,R 1250 RT,2023,0.0,1250.0,27960.0
BMW,"R18 Transcontinental, Demo Model",2023,201.0,18.0,30025.0
BMW,K,2021,317.0,973.6035958904109,21999.0
BMW,R nineT Scrambler,2023,0.0,973.6035958904109,15190.0
BMW,R18 C BASE,2022,6.0,18.0,21695.0
BMW,K 1600 GRAND AMERICA,2022,4994.0,1600.0,25000.0
BMW,K 1600 GT Black Storm Metallic,2023,8.0,1600.0,26640.0
BMW,CE 04 Light White,2023,8.0,4.0,13995.0
BMW,S 1000 XR Light White/M Motorsport 1000 R,2023,8.0,1000.0,22755.0
BMW,R 18 100 Years BASE,2023,15.0,18.0,20225.0
BMW,R18,2023,0.0,18.0,17765.0
BMW,R 1200 GS,2005,15050.0,1200.0,8000.0
BMW,R 1200 RT 1250 RT,2007,54400.0,1200.0,6000.0
BMW,R 1200 GS,2011,50842.0,1200.0,8499.0
BMW,K 1600 GTL,2013,1009.0,1600.0,15499.0
BMW,R 1200 GS ADVENTURE,2014,56170.0,1200.0,12855.0
BMW,R 1200 RT,2014,106878.0,1200.0,7999.0
BMW,S 1000 RR,2015,19943.0,1000.0,11495.0
BMW,R 1200 R,2015,22000.0,1200.0,9000.0
BMW,R 1200 GS ADVENTURE,2015,11000.0,1200.0,15900.0
BMW,R 1200,2017,10856.0,1200.0,11000.0
BMW,R1250GS 1250 GS,2023,5.0,1250.0,25065.0
BMW,S1000RR w/ Forged Wheels 1000 RR,2023,0.0,1000.0,23700.0
BMW,R1250 GS ADVENTURE,2023,3.0,1250.0,24571.0
BMW,R nineT Pure Mineral Gray Metallic,2023,5.0,973.6035958904109,11940.0
BMW,R 1250 GS Rallye,2023,4.0,1250.0,22735.0
BMW,R 1250,2022,2500.0,1250.0,23790.0
BMW,G 310 R,2023,0.0,310.0,5785.0
BMW,R 1250 GS Light White,2023,0.0,1250.0,21935.0
BMW,S 1000 RR Black Storm Metallic,2023,14.0,1000.0,21205.0
BMW,G 310 GS,2023,0.0,310.0,6290.0
BMW,R 1250 GS Light White,2023,6.0,1250.0,21935.0
BMW,F 800 GS ADVENTURE,2017,2357.0,800.0,10500.0
BMW,R 1250 RT 719 Meteoric II,2023,0.0,1250.0,28815.0
BMW,R 1250 GS,2023,5.0,1250.0,23025.0
BMW,G 310 R,2023,2.0,310.0,5785.0
BMW,R1250GS 1250 GS,2023,5.0,1250.0,24165.0
BMW,R 1250 GS Triple Black,2023,14.0,1250.0,24420.0
BMW,R 1250 GS Adventure,2023,5.0,1250.0,24250.0
BMW,R 1250 GS GS Trophy,2023,14.0,1250.0,24340.0
BMW,R 18 B Manhattan Metallic Matte,2023,6.0,18.0,23995.0
BMW,R 1250 GS Adventure Triple Black,2023,0.0,1250.0,26005.0
BMW,R 1250,2022,675.0,1250.0,23500.0
BMW,R 1200 GS,2018,7400.0,1200.0,17950.0
BMW,R 1250 GS ADVENTURE,2021,7000.0,1250.0,25500.0
BMW,R NINET,2015,266.0,973.6035958904109,11000.0
BMW,K 1600 GTL,2016,24346.0,1600.0,16995.0
BMW,R 1200 GS ADVENTURE,2018,12000.0,1200.0,17500.0
BMW,R 1200,2018,13500.0,1200.0,10000.0
BMW,S 1000 XR,2018,2500.0,1000.0,14500.0
BMW,R NINET SCRAMBLER,2019,11700.0,973.6035958904109,9600.0
BMW,R 1250 1250 R,2019,17200.0,1250.0,19000.0
BMW,R 1250 GS,2021,13000.0,1250.0,18000.0
BMW,F 900 R Black Storm Metallic,2022,250.0,900.0,9245.0
BMW,R 1250,2022,1200.0,1250.0,24500.0
BMW,"K1600GTL, Demo Model 1600 GTL",2022,201.0,1600.0,27640.0
BMW,"R1250R, Demo Model 1250 R",2022,201.0,1250.0,17765.0
BMW,R 18 Transcontinental Manhattan Metallic Matt,2022,0.0,18.0,23599.0
BMW,R 18 B Manhattan Metallic Matt,2022,212.0,18.0,17900.0
BMW,K 1600 GRAND AMERICA,2022,434.0,1600.0,28000.0
BMW,K 1600 GTL,2012,32700.0,1600.0,11500.0
BMW,K 1300 S,2012,28328.0,1300.0,12999.0
BMW,F 800 GS,2012,65600.0,800.0,6995.0
BMW,S 1000 RR,2010,17740.0,1000.0,10500.0
BMW,CE 04,2022,1000.0,4.0,17000.0
BMW,"R nineT Urban G/S, Demo Model URBAN G S",2022,201.0,973.6035958904109,14930.0
BMW,K 1600 GTL Gravity Blue Metallic,2022,5.0,1600.0,27999.0
BMW,R 1250 RT 719 Mineral White Metallic,2022,5.0,1250.0,28035.0
BMW,F 750 GS,2022,5.0,750.0,13450.0
BMW,R 18 Manhattan Metallic Matte BASE,2022,110.0,18.0,13495.0
BMW,G 310 GS,2022,177.0,310.0,5695.0
BMW,F 850 GS Adventure,2021,1179.0,850.0,15875.0
BMW,R 18 Transcontinental,2023,3.0,18.0,27460.0
BMW,R 1250 GS Adventure GS Trophy,2023,4.0,1250.0,26495.0
BMW,R 1250 GS Triple Black,2023,5.0,1250.0,23810.0
BMW,F 750 GS,2023,0.0,750.0,13470.0
BMW,R 1250 GS GS Trophy,2023,5.0,1250.0,24860.0
BMW,R1250 GS ADVENTURE,2023,1.0,1250.0,25145.0
BMW,F 900 R,2023,15.0,900.0,10215.0
BMW,K 1200 RS,2002,37800.0,1200.0,4600.0
BMW,R 1250 GS Adventure GS Trophy,2023,5.0,1250.0,26745.0
BMW,R 1250,2022,12757.0,1250.0,26000.0
BMW,R nineT 719 Night Black Matte/Aluminum Matte BASE,2022,5.0,719.0,21965.0
BMW,R 18,2022,75.0,18.0,17888.0
BMW,R1250GS HP 1250 GS,2019,14597.0,1250.0,16899.0
BMW,R 1250 GS ADVENTURE,2019,1286.0,1250.0,22950.0
BMW,S 1000 RR,2020,11186.0,1000.0,23999.0
BMW,S 1000 RR Motorsport,2021,15984.0,1000.0,17495.0
BMW,F 850 GSA 850 GS ADVENTURE,2021,6000.0,850.0,14900.0
BMW,S 1000 R,2022,1464.0,1000.0,14390.0
BMW,S 1000 RR,2023,0.0,1000.0,23700.0
BMW,S 1000 RR,2023,5.0,1000.0,23700.0
BMW,F 850 GS GS Trophy,2023,32.0,850.0,17288.0
BMW,R nineT 719 Night Black Matte/Aluminum Matte BASE,2023,0.0,719.0,19215.0
BMW,G 310 GS Cosmic Black 3,2023,6.0,310.0,6290.0
BMW,R 1250 RT Alpine White,2023,0.0,1250.0,26570.0
BMW,K 1600 B Exclusive,2023,3.0,1600.0,27020.0
BMW,R 1250 GS,2023,8.0,1250.0,22860.0
BMW,R 1250 GS,2023,8.0,1250.0,23025.0
BMW,R 1200 GS RALLYE,2017,18000.0,1200.0,15999.0
BMW,R 1200 RT,2015,146703.0,1200.0,8995.0
BMW,R NINET,2015,24927.0,973.6035958904109,8750.0
BMW,F 800 GS,2014,31248.0,800.0,6900.0
BMW,S 1000 RR,2023,100.0,1000.0,32000.0
BMW,K 1600 GT Sport,2023,10.0,1600.0,28355.0
BMW,C 400 GT Triple Black,2023,10.0,400.0,9535.0
BMW,R nineT Scrambler Granite Gray Metallic,2023,6.0,973.6035958904109,15190.0
BMW,R 1250 GS Adventure,2023,2.0,1250.0,26005.0
BMW,K 1600 B,2023,3.0,1600.0,27020.0
BMW,F 750 GS,2023,3.0,750.0,13450.0
BMW,R 1250 GS,2023,0.0,1250.0,24300.0
BMW,R 1250 GS,2023,2.0,1250.0,24170.0
BMW,R 18 B 719 Mineral White Metallic,2023,0.0,18.0,27240.0
BMW,R 1250 GS Adventure Triple Black,2023,215.0,1250.0,28600.0
BMW,R 1100 RT ABS,2000,39399.0,1100.0,3500.0
BMW,R 1200 RT,2005,53641.0,1200.0,4995.0
BMW,K 1200 S,2007,32609.0,1200.0,4999.0
BMW,K 1200 LT,2009,49300.0,1200.0,6500.0
BMW,R NINET,2014,7300.0,973.6035958904109,16000.0
BMW,S 1000 XR Light White/M Motorsport 1000 R,2023,6.0,1000.0,25270.0
BMW,R NINET,2023,5.0,973.6035958904109,29000.0
BMW,R 1250 GS Adventure Low,2023,1.0,1250.0,25700.0
BMW,F 800 GT,2013,30583.0,800.0,6300.0
BMW,S 1000 RR,2016,6885.0,1000.0,15000.0
BMW,S 1000 R,2016,3972.0,1000.0,10500.0
BMW,S 1000 RR,2016,5200.0,1000.0,13000.0
BMW,S 1000 XR White/Racing Blue/Red Premium,2018,36671.0,1000.0,8795.0
BMW,R 1200 RT,2018,55237.0,1200.0,12995.0
BMW,R 1250 GS,2019,13013.0,1250.0,19000.0
BMW,R 1250,2019,13207.0,1250.0,22000.0
BMW,K 1600 GT,2019,28329.0,1600.0,17995.0
BMW,R 1250 R,2020,6006.0,1250.0,18500.0
BMW,S 1000 XR,2020,5780.0,1000.0,15300.0
BMW,K 1600 GTL,2020,8750.0,1600.0,24000.0
BMW,R 1250 GS Adventure Ice Grey,2021,3285.0,1250.0,22995.0
BMW,CE 04 Style Avantgarde,2022,209.0,4.0,13499.0
BMW,R 18 First Edition,2021,9266.0,18.0,10995.0
BMW,R 18 CLASSIC FIRST EDITION,2021,767.0,18.0,14999.0
BMW,S 1000 XR,2016,48050.0,1000.0,10000.0
BMW,S 1000 XR,2016,19350.0,1000.0,10900.0
BMW,R 1200 GS,2014,58000.0,1200.0,9800.0
BMW,F 800 GS,2010,46675.0,800.0,7000.0
BMW,K 1600 GTL,2013,15686.0,1600.0,12950.0
BMW,G 650 GS,2016,10500.0,650.0,5950.0
BMW,R NINET,2016,5180.0,973.6035958904109,9990.0
BMW,G,2017,25120.0,973.6035958904109,16000.0
BMW,R 1250 GS HP,2019,7907.0,1250.0,20000.0
BMW,R 1250,2020,6450.0,1250.0,24700.0
BMW,R 1250 1250 R,2021,2895.0,1250.0,21500.0
BMW,K 1600 GTL,2013,39374.0,1600.0,10000.0
BMW,R 1250,2021,5100.0,1250.0,21000.0
BMW,R nineT Scrambler 719 Black Storm Metallic / Racing Red,2022,2.0,719.0,13995.0
BMW,R1250GS ADVENTURE 1250 GS ADVENTURE,2022,12.0,1250.0,24315.0
BMW,G 310 GS Cosmic Black 3,2023,6.0,310.0,6290.0
BMW,R 1250 GS,2023,0.0,1250.0,24155.0
BMW,R 1250 GS,2023,0.0,1250.0,24490.0
BMW,R 1250 GS Adventure,2023,6.0,1250.0,25330.0
BMW,R 75 /5,1973,5.0,75.0,14400.0
BMW,R 1250 RS Imperial Blue Metallic,2022,106.0,1250.0,18440.0
BMW,S 1000 RR,2023,0.0,1000.0,25425.0
BMW,R nineT Urban G/S Imperial Blue Metallic URBAN G S,2023,10.0,973.6035958904109,15485.0
BMW,R 1250 GS,2023,202.0,1250.0,23925.0
BMW,F 850 GS 850 GS ADVENTURE,2022,173.0,850.0,17000.0
BMW,R 1250 GS Light White,2023,2.0,1250.0,21240.0
BMW,K 1600 GTL Black Storm Metallic,2023,10.0,1600.0,29480.0
BMW,R 1250 GS Light White,2023,1.0,1250.0,21240.0
BMW,R nineT 719 Night Black Matte/Aluminum Matte BASE,2023,3.0,719.0,18045.0
BMW,R 1250 GS,2023,15.0,1250.0,22780.0
BMW,R 60,1968,23000.0,60.0,17950.0
BMW,K RS,1987,8600.0,973.6035958904109,9000.0
BMW,OTHER GS,2010,14840.0,973.6035958904109,7750.0
BMW,R 1200 R,2015,6598.0,1200.0,10000.0
BMW,K 1600 GTL,2015,39583.0,1600.0,12777.0
BMW,R NINET,2015,4460.0,973.6035958904109,12750.0
BMW,R 1200 GS Premium Racing Red,2016,17085.0,1200.0,15222.0
BMW,S 1000 XR,2016,39000.0,1000.0,12000.0
BMW,K 1600 B,2018,7000.0,1600.0,17800.0
BMW,R NINET URBAN G/S,2022,7365.0,973.6035958904109,12995.0
BMW,R 18 B,2022,7.0,18.0,21999.0
BMW,R 1250 GS Adventure Rally,2022,5.0,1250.0,23120.0
BMW,F 850 GSA 850 GS ADVENTURE,2021,2100.0,850.0,12800.0
BMW,R 1250 GS,2023,5.0,1250.0,23980.0
BMW,R nineT Pure Mineral Gray Metallic,2023,3.0,973.6035958904109,11295.0
BMW,R 18 B Gravity Blue Metallic,2023,3.0,18.0,24390.0
BMW,S 1000 RR,2023,0.0,1000.0,23075.0
BMW,R 1250 GS,2023,200.0,1250.0,23255.0
BMW,R 1250 GS Adventure,2023,5.0,1250.0,26225.0
BMW,R 1250 GS,2023,201.0,1250.0,21565.0
BMW,K 1600 GTL,2018,11700.0,1600.0,18000.0
BMW,R 1250 GS,2023,4.0,1250.0,21935.0
BMW,R 1200 RT,2005,43000.0,1200.0,6500.0
BMW,R 1200 GS ADVENTURE,2010,45748.0,1200.0,8500.0
BMW,R 1200 GS,2013,18686.0,1200.0,12000.0
BMW,R NINET BASE,2016,2891.0,973.6035958904109,11995.0
BMW,S 1000 XR,2016,11104.0,1000.0,11990.0
BMW,K 1600 GTL,2018,1.0,1600.0,23000.0
BMW,K 1600 GTL,2019,34390.0,1600.0,15900.0
BMW,R 18 B,2023,7.0,18.0,25890.0
BMW,K 1600 B,2018,19439.0,1600.0,16500.0
BMW,R 1200 GS RALLYE,2017,26000.0,1200.0,17999.0
BMW,F 900 XR,2020,891.0,900.0,11498.0
BMW,R NINET BASE,2015,4653.0,973.6035958904109,10950.0
BMW,R 1200 GS ADVENTURE,2016,28000.0,1200.0,16000.0
BMW,R 1200 RT,2016,2660.0,1200.0,15300.0
BMW,R NINET SCRAMBLER,2017,5600.0,973.6035958904109,10995.0
BMW,K 1600 GTL Thunder Grey Metallic Premium,2018,19195.0,1600.0,18495.0
BMW,OTHER,2018,7699.0,973.6035958904109,20000.0
BMW,F 900 XR,2022,101.0,900.0,12990.0
BMW,S 1000 RR,2015,3182.0,1000.0,15950.0
BMW,R 1250 RS,2020,900.0,1250.0,17000.0
BMW,S 1000 XR,2021,5500.0,1000.0,18600.0
BMW,R 18 First Edition,2021,5.0,18.0,18999.0
BMW,S 1000 R,2021,705.0,1000.0,14990.0
BMW,K 1600 GT,2020,11968.0,1600.0,18995.0
BMW,R 18 Transcontinental,2022,108.0,18.0,21999.0
BMW,F 850 GS Premium Package,2022,2.0,850.0,13995.0
BMW,F 900 R,2022,102.0,900.0,10999.0
BMW,S 1000 XR,2021,5832.0,1000.0,18500.0
BMW,F 750,2013,18931.0,750.0,6950.0
BMW,R 1250 1250 R,2020,14000.0,1250.0,18600.0
BMW,R 100 RT,1983,500.0,100.0,10000.0
BMW,R nineT Scrambler,2021,245.0,973.6035958904109,12998.0
BMW,R 1250,2021,6100.0,1250.0,14500.0
BMW,R 80 RT,1985,24800.0,80.0,6895.0
BMW,S1000XR 1000 XR,2020,3075.0,1000.0,17499.0
BMW,F 750,2022,1068.0,750.0,13500.0
BMW,C 400 GT Callisto Gray Metallic,2022,129.0,400.0,8499.0
BMW,R 1250,2022,645.0,1250.0,28997.0
BMW,R 18 TRANSCONTINENTAL,2022,910.0,18.0,21500.0
BMW,R NINET 719,2021,1257.0,719.0,13999.0
BMW,F 750 GS,2023,1.0,750.0,13595.0
BMW,R 1250 GS GS Trophy,2023,0.0,1250.0,23524.0
BMW,G 310 GS Rally,2023,3.0,310.0,6485.0
BMW,R Ninet Scrambler 719 Underground/Light White,2023,4.0,719.0,15860.0
BMW,R Ninet Scrambler Granite Gray Metallic,2023,4.0,973.6035958904109,14940.0
BMW,R 18 B,2022,7.0,18.0,22999.0
KTM,1190 Adventure R,2015,18495.0,1190.0,10498.0
KTM,XC 250,2023,0.0,250.0,10799.0
KTM,790 Duke,2023,0.0,790.0,9199.0
KTM,890 ADVENTURE,2023,3.0,890.0,13949.0
KTM,990 SM T,2010,12007.0,990.0,6995.0
KTM,690 Duke,2014,4838.0,690.0,5491.0
KTM,690 Enduro R,2023,1.0,690.0,12999.0
KTM,1190 Adventure ABS,2014,29942.0,1190.0,8995.0
KTM,SX 250,2023,0.0,250.0,8949.0
KTM,790 Adventure R,2019,3911.0,790.0,11999.0
KTM,65 SX,2018,75.0,65.0,3995.0
KTM,1290 Super Adventure S,2018,25159.0,1290.0,11488.0
KTM,790 Adventure,2019,15091.0,790.0,10595.0
KTM,250 SX-F,2019,50.0,250.0,4999.0
KTM,350 XC-F,2019,27.0,350.0,6999.0
KTM,500 EXC-F,2019,655.0,500.0,8999.0
KTM,1290 SUPERDUKE R SUPER ADVENTURE S,2019,2940.0,1290.0,14995.0
KTM,790 Adventure R,2020,13160.0,790.0,11999.0
KTM,1290 SUPERDUKE R W/ABS SUPER ADVENTURE S,2019,4570.0,1290.0,15499.0
KTM,790 Adventure R,2020,12788.0,790.0,11500.0
KTM,150 XC-W TPI,2020,131.0,150.0,6495.0
KTM,450 SXF FACTORY EDITION SX-F FACTORY EDITION,2020,999999.0,450.0,6995.0
KTM,1290 Super Duke GT,2017,14744.0,1290.0,10950.0
KTM,450 SX-F,2023,3.0,450.0,8299.0
KTM,390 Adventure,2022,1.0,390.0,9378.0
KTM,300 XC-W Erzbergrodeo 300 W ERZBERGRODEO,2023,0.0,300.0,11897.0
KTM,450 EXC-F Six Days,2019,665.0,450.0,9999.0
KTM,1290 Super Adventure S,2020,20186.0,1290.0,12999.0
KTM,125 SX,2021,71.0,125.0,6495.0
KTM,690 SMC R ENDURO R,2020,1182.0,690.0,11799.0
KTM,1290 Super Duke R,2019,2367.0,1290.0,14495.0
KTM,690 SMC R ENDURO R,2020,2675.0,690.0,10799.0
KTM,450 SX-F,2021,53.0,450.0,7795.0
KTM,ADVENTURE 890,2021,7401.0,890.0,11390.0
KTM,250 SX-F,2021,1.0,250.0,7291.0
KTM,890 Adventure R,2021,1611.0,890.0,13591.0
KTM,450 XC-F,2022,3.0,450.0,11399.0
KTM,250 SX-F Factory Edition,2022,52.0,250.0,9995.0
KTM,390 Adventure,2022,0.0,390.0,7999.0
KTM,890 ADVENTURE,2022,10.0,890.0,13399.0
KTM,RC 390,2022,17.0,390.0,5799.0
KTM,450 SX-F Factory Edition,2023,0.0,450.0,12099.0
KTM,790 Duke,2023,0.0,790.0,7997.0
KTM,450 SX-F,2023,0.0,450.0,7599.0
KTM,500 EXC-F,2023,0.0,500.0,12549.0
KTM,350 EXC-F,2023,0.0,350.0,12149.0
KTM,350 EXC-F,2023,0.0,350.0,12149.0
KTM,250 XC-W,2023,0.0,250.0,8299.0
KTM,150 XC-W,2023,0.0,150.0,8299.0
KTM,690 Enduro R,2023,1.0,690.0,12999.0
KTM,150 XC-W,2023,0.0,150.0,8299.0
KTM,500 EXC-F,2023,10.0,500.0,16900.0
KTM,250 SX-F,2021,9.0,250.0,7495.0
KTM,250 XC-F,2023,0.0,250.0,7999.0
KTM,390 Adventure,2022,0.0,390.0,6799.0
KTM,690 Enduro R,2023,0.0,690.0,10997.0
KTM,150 XC-W,2023,0.0,150.0,7499.0
KTM,250 XC-F,2023,0.0,250.0,7999.0
KTM,450 SX-F Factory Edition,2023,0.0,450.0,12099.0
KTM,Super Adventure 1290 S,2023,1.0,1290.0,20299.0
KTM,Adventure 890,2023,1.0,890.0,13949.0
KTM,SMC 690 R,2023,1.0,690.0,12999.0
KTM,890 DUKE R,2023,3.0,890.0,12949.0
KTM,690 Enduro R,2023,5.0,690.0,12999.0
KTM,690 Enduro R,2023,0.0,690.0,12999.0
KTM,1290 Super Duke R - 1290 R,2016,5223.0,1290.0,13488.0
KTM,1290 Super Adventure S,2022,1251.0,1290.0,18999.0
KTM,1290 Super Duke GT,2016,4394.0,1290.0,14488.0
KTM,390 Duke,2017,6167.0,390.0,5499.0
KTM,1090 Adventure R -,2017,26790.0,1090.0,11988.0
KTM,1290 SUPER DUKE GT,2017,2740.0,1290.0,14999.0
KTM,1290 Super Adventure S,2018,16963.0,1290.0,14798.0
KTM,1290 SUPER DUKE GT,2019,9733.0,1290.0,16090.0
KTM,RC 390,2020,6737.0,390.0,6190.0
KTM,1290 Super Duke R,2020,3404.0,1290.0,17988.0
KTM,450 SX-F,2022,0.0,450.0,8790.0
KTM,790DUKE,2019,4817.0,790.0,9591.0
KTM,1290 SUPER DUKE R,2020,12183.0,1290.0,14499.0
KTM,300 XC-W TPI,2021,3.0,300.0,8995.0
KTM,1090 ADVENTURE R,2017,10339.0,1090.0,10590.0
KTM,200 Duke,2022,1153.0,200.0,4249.0
KTM,RC 390,2022,0.0,390.0,4999.0
KTM,XCF-W 500,2022,10.0,500.0,10899.0
KTM,390 Adventure,2022,0.0,390.0,6799.0
KTM,890 Duke R,2022,0.0,890.0,10699.0
KTM,890 DUKE GP W/ABS,2022,4485.0,890.0,9999.0
KTM,390 Adventure,2023,0.0,390.0,7399.0
KTM,500 EXC-F,2023,0.0,500.0,9997.0
KTM,250 SX-F,2023,0.0,250.0,7299.0
KTM,690 SMC R ENDURO R,2023,0.0,690.0,10997.0
KTM,1290 Super Adventure R,2023,0.0,1290.0,18997.0
KTM,450 SX-F,2023,0.0,450.0,7599.0
KTM,300 XC-W Erzbergrodeo 300 W ERZBERGRODEO,2023,0.0,300.0,12649.0
KTM,250 SX-F,2023,0.0,250.0,7299.0
KTM,450 SX-F,2023,0.0,450.0,7599.0
KTM,1290 Super Adventure R,2023,0.0,1290.0,20299.0
KTM,690 Enduro R,2023,1.0,690.0,12999.0
KTM,SX 50 FACTORY EDITION,2023,0.0,50.0,5599.0
KTM,890 Duke R,2023,5.0,890.0,12949.0
KTM,1290 Super Adventure,2015,31982.0,1290.0,11998.0
KTM,1290 Super Adventure,2015,9901.0,1290.0,9799.0
KTM,1290 SUPER ADVENTURE,2015,8641.0,1290.0,11995.0
KTM,1090 Adventure R,2018,15432.0,1090.0,10999.0
KTM,1290 Super Duke R,2018,869.0,1290.0,16995.0
KTM,SUPER DUKE 1290 GT,2019,6913.0,1290.0,16390.0
KTM,1290 Super Duke R,2019,8694.0,1290.0,15999.0
KTM,450 SX-F Factory Edition,2020,88.0,450.0,8995.0
KTM,790 Adventure,2020,810.0,790.0,11995.0
KTM,1290 Super Duke R EVO,2022,0.0,1290.0,16982.0
KTM,250 EXC-F,2019,672.0,250.0,8592.0
KTM,125 XC,2023,0.0,125.0,5973.0
KTM,790 Adventure,2019,17355.0,790.0,9999.0
KTM,250 XC,2023,0.0,250.0,8973.0
KTM,125 XC,2023,0.0,125.0,5973.0
KTM,250 SX,2023,0.0,250.0,7637.0
KTM,125 XC,2023,0.0,125.0,5973.0
KTM,390 Adventure,2023,0.0,390.0,7399.0
KTM,890 Duke R,2023,0.0,890.0,12949.0
KTM,250 XC-W,2023,0.0,250.0,10799.0
KTM,890 Duke R,2023,0.0,890.0,12949.0
KTM,390 Adventure,2023,0.0,390.0,7399.0
KTM,350 EXC-F,2023,0.0,350.0,9573.0
KTM,250 SX,2023,0.0,250.0,7637.0
KTM,300 XC-W,2023,0.0,300.0,7999.0
KTM,Super Duke 1290 GT,2023,1.0,1290.0,19799.0
KTM,1190 Adventure R ABS,2014,43000.0,1190.0,8499.0
KTM,Super Duke R 1290 ABS 1290 R ABS,2015,10280.0,1290.0,10495.0
KTM,1290 Super Adventure,2015,17778.0,1290.0,9999.0
KTM,1290 SUPER DUKE R,2015,12594.0,1290.0,9999.0
KTM,1190 Adventure,2015,27451.0,1190.0,10799.0
KTM,1190 Adventure,2015,8794.0,1190.0,9021.0
KTM,1290 SUPER DUKE GT,2017,9050.0,1290.0,14880.0
KTM,300 XC,2017,1087.0,300.0,4599.0
KTM,RC 390,2017,10574.0,390.0,5500.0
KTM,1290 SUPER ADVENTURE R,2018,6156.0,1290.0,15950.0
KTM,SX 350 F SX-F,2018,61.0,350.0,6995.0
KTM,690 SMC R ENDURO R,2023,1.0,690.0,12999.0
KTM,390 Adventure,2023,0.0,390.0,7399.0
KTM,1290 Super Adventure S,2023,0.0,1290.0,20299.0
KTM,450 SX-F Factory Edition,2023,0.0,450.0,12099.0
KTM,450 SX-F Factory Edition,2020,82.0,450.0,8499.0
KTM,890 ADV-R Black / Orange / White,2021,1792.0,890.0,13299.0
KTM,890 Adventure,2022,3.0,890.0,12599.0
KTM,890 Adventure,2021,12108.0,890.0,11999.0
KTM,250 SX-F,2022,32.0,250.0,8482.0
KTM,250 SX-F,2022,57.0,250.0,7997.0
KTM,STACYC 16E DRIVE FACTORY REPLICA,2022,0.0,16.0,969.0
KTM,500 EXC-F,2022,370.0,500.0,10999.0
KTM,STACYC 12E DRIVE FACTORY REPLICA,2022,0.0,12.0,769.0
KTM,390 Adventure,2022,1.0,390.0,7877.0
KTM,450 SX-F,2022,128.0,450.0,7599.0
KTM,450 SX-F,2022,38.0,450.0,8999.0
KTM,Super Adventure 1290 R,2022,2793.0,1290.0,19499.0
KTM,1290 Super Duke R EVO,2022,783.0,1290.0,16892.0
KTM,450 SMR,2023,0.0,450.0,11999.0
KTM,450 SMR,2023,0.0,450.0,11999.0
KTM,1290 Super Duke R EVO,2023,0.0,1290.0,20399.0
KTM,390 Adventure,2023,0.0,390.0,7399.0
KTM,390 Adventure,2023,0.0,390.0,7399.0
KTM,1290 Super Adventure S,2023,0.0,1290.0,20299.0
KTM,1290 Super Adventure S,2023,0.0,1290.0,20299.0
KTM,390 Adventure,2023,0.0,390.0,7399.0
KTM,300 XC-W,2023,0.0,300.0,7999.0
KTM,1290 Super Adventure S,2023,0.0,1290.0,20299.0
KTM,390 Adventure,2023,0.0,390.0,7399.0
KTM,1290 SUPER ADVENTURE S,2019,17338.0,1290.0,12900.0
KTM,1290 Super Duke R,2019,5462.0,1290.0,14999.0
KTM,SUPER ADVENTURE 1290 S,2020,15300.0,1290.0,14250.0
KTM,390 Duke,2020,7511.0,390.0,4995.0
KTM,1290 Super Duke R Evo,2023,0.0,1290.0,20399.0
KTM,1290 Super Duke R Evo,2023,0.0,1290.0,20399.0
KTM,1290 Super Duke R Evo,2023,0.0,1290.0,20399.0
KTM,690 Enduro R,2023,0.0,690.0,12999.0
KTM,390 Adventure,2023,5.0,390.0,7399.0
KTM,450 SX-F Factory Edition (2023.5) 450 F FACTORY EDITION,2023,0.0,450.0,12099.0
KTM,350 EXC-F,2023,1.0,350.0,12149.0
KTM,XC 300 W,2023,1.0,300.0,11099.0
KTM,450 XC-F,2023,49.0,450.0,9799.0
KTM,125 XC,2023,0.0,125.0,8249.0
KTM,890 ADVENTURE,2023,0.0,890.0,13949.0
KTM,XC 300 W,2023,1.0,300.0,11099.0
KTM,85 SX 17/14,2023,0.0,85.0,6549.0
KTM,890 Adventure R,2023,1.0,890.0,15199.0
KTM,500 EXC-F Six Days,2023,0.0,500.0,13049.0
KTM,1290 Super Duke R EVO,2023,1.0,1290.0,20399.0
KTM,390 Adventure,2023,1.0,390.0,7399.0
KTM,890 Adventure R,2023,1.0,890.0,15199.0
KTM,1190 ADVENTURE R,2016,11772.0,1190.0,11890.0
KTM,1290 Super Duke GT,2016,26141.0,1290.0,12999.0
KTM,1090 Adventure R,2018,17760.0,1090.0,10999.0
KTM,450 SX-F,2019,72.0,450.0,6997.0
KTM,450 SX-F,2019,111.0,450.0,7997.0
KTM,1290 Super Duke GT,2019,9277.0,1290.0,18999.0
KTM,1290 Super Duke R EVO,2023,1.0,1290.0,20399.0
KTM,Adventure 390,2023,1.0,390.0,7399.0
KTM,Adventure 390,2023,1.0,390.0,7399.0
KTM,690 Enduro R,2023,0.0,690.0,12999.0
KTM,1290 SUPER DUKE R,2022,2960.0,1290.0,20000.0
KTM,450 SX-F,2022,20.0,450.0,9999.0
KTM,1290 Super Duke R EVO,2022,2215.0,1290.0,16999.0
KTM,450 SX-F,2022,3.0,450.0,10699.0
KTM,450 SX-F FACTORY EDITION,2022,23.0,450.0,10197.0
KTM,300 XC,2022,53.0,300.0,8899.0
KTM,390 Duke,2022,359.0,390.0,5999.0
KTM,300 XC,2023,0.0,300.0,8797.0
KTM,250 XC-F,2023,0.0,250.0,7997.0
KTM,790 Duke,2023,0.0,790.0,7997.0
KTM,500 EXC-F Six Days,2023,0.0,500.0,12997.0
KTM,390 Adventure,2023,5.0,390.0,7399.0
KTM,50 SX Factory Edition,2023,0.0,50.0,5599.0
KTM,150 XC-W,2023,0.0,150.0,6999.0
KTM,150 XC-W,2023,0.0,150.0,6999.0
KTM,890 Duke R,2023,0.0,890.0,12949.0
KTM,150 XC-W,2023,0.0,150.0,6999.0
KTM,150 XC-W,2023,0.0,150.0,6999.0
KTM,150 XC-W,2023,0.0,150.0,6999.0
KTM,150 XC-W,2023,0.0,150.0,6999.0
KTM,1290 Super Adventure R,2023,0.0,1290.0,20299.0
KTM,450 SX-F,2023,0.0,450.0,8999.0
KTM,350 EXC-F,2023,0.0,350.0,10288.0
KTM,500 EXC-F,2023,0.0,500.0,12398.0
KTM,50 SX Factory Edition,2023,0.0,50.0,5599.0
KTM,790 Adventure,2020,523.0,790.0,11990.0
KTM,50 SX MINI,2022,0.0,50.0,2499.0
KTM,FREERIDE E-XC,2023,1.0,565.8104089219331,7999.0
KTM,1290 Super Duke GT,2023,0.0,1290.0,19799.0
KTM,500 EXC-F,2021,900.0,500.0,9950.0
KTM,300 XC TPI,2022,9.0,300.0,9000.0
KTM,250 XC-W TPI,2022,10.0,250.0,10500.0
KTM,390 Duke,2022,1.0,390.0,5999.0
KTM,Duke 200,2022,3.0,200.0,4099.0
KTM,890 ADVENTURE,2022,0.0,890.0,12899.0
KTM,Freeride E-XC,2023,0.0,565.8104089219331,8999.0
KTM,350 XC-F,2023,0.0,350.0,9899.0
KTM,390 Adventure,2023,1.0,390.0,7399.0
KTM,450 SX-F,2023,0.0,450.0,8899.0
KTM,990 ADVENTURE LC8,2007,48500.0,990.0,5850.0
KTM,390 DUKE,2015,5480.0,390.0,3799.0
KTM,1290 SUPER DUKE R,2014,11032.0,1290.0,10500.0
KTM,1290 SUPER ADVENTURE R,2020,3480.0,1290.0,17900.0
KTM,1290 SUPER DUKE R,2020,3261.0,1290.0,16500.0
KTM,350 EXC-F,2022,698.0,350.0,10299.0
KTM,790 Duke,2023,0.0,790.0,9199.0
KTM,FREERIDE E-XC,2023,0.0,565.8104089219331,7795.0
KTM,350 EXC-F,2023,0.0,350.0,12149.0
KTM,Super Duke 990,2008,2095.0,990.0,7499.0
KTM,1290 Super Duke R,2016,13840.0,1290.0,9995.0
KTM,RC 390 ABS,2017,4429.0,390.0,4797.0
KTM,1290 SUPER ADVENTURE R,2018,6100.0,1290.0,12500.0
KTM,300 XC-W TPI,2019,1600.0,300.0,7800.0
KTM,65 SX,2018,139.0,65.0,3999.0
KTM,300 XC-W TPI,2019,900.0,300.0,8500.0
KTM,690 SMC R ENDURO R,2023,1.0,690.0,12999.0
KTM,890 DUKE,2021,0.0,890.0,10999.0
KTM,65 SX,2023,0.0,65.0,4699.0
KTM,300 XC-W ERZBERGRODEO 300 W ERZBERGRODEO,2023,0.0,300.0,12649.0
KTM,350 XC-F,2023,0.0,350.0,8668.0
KTM,RC 390,2022,0.0,390.0,4999.0
KTM,125 XC,2023,0.0,125.0,6994.0
KTM,RC 390,2022,0.0,390.0,4999.0
KTM,85SX 17/14 85 17 14,2022,1.0,85.0,5699.0
KTM,500 EXC-F Six Days,2023,0.0,500.0,12049.0
KTM,500 EXC-F,2023,0.0,500.0,9999.0
KTM,300 XC-W,2023,0.0,300.0,11099.0
KTM,500 EXC-F,2023,0.0,500.0,9999.0
KTM,890 DUKE GP,2022,0.0,890.0,9995.0
KTM,690 SMC R ENDURO R,2023,0.0,690.0,12999.0
KTM,500 EXC-F,2023,0.0,500.0,12549.0
KTM,500 EXC-F,2023,0.0,500.0,12549.0
KTM,890 Duke R,2023,1.0,890.0,12949.0
KTM,890 Duke R,2023,1.0,890.0,12949.0
KTM,500 EXC-F,2023,1.0,500.0,10999.0
KTM,500 EXC-F,2023,0.0,500.0,12549.0
KTM,500 EXC-F,2023,0.0,500.0,13549.0
KTM,500 EXC-F,2023,0.0,500.0,13549.0
KTM,690 Enduro R,2023,1.0,690.0,12999.0
KTM,950 SUPER ENDURO R,2007,4800.0,950.0,12000.0
KTM,500 EXC-F,2019,922.0,500.0,8580.0
KTM,500 EXC-F,2023,0.0,500.0,12549.0
KTM,350 SX-F,2021,32.0,350.0,7999.0
KTM,390 Adventure,2022,0.0,390.0,6183.0
KTM,RC 390,2022,1.0,390.0,5799.0
KTM,390 Adventure,2023,0.0,390.0,7399.0
KTM,500 EXC-F Six Days,2023,0.0,500.0,13549.0
KTM,390 Adventure,2023,0.0,390.0,7399.0
KTM,890 Duke R,2023,5.0,890.0,12949.0
KTM,890 Duke R,2023,5.0,890.0,12949.0
KTM,390 Adventure,2023,15.0,390.0,7399.0
KTM,450 XC-F,2023,1.0,450.0,8588.0
KTM,890 Adventure R,2023,0.0,890.0,15199.0
KTM,890 Duke R,2023,10.0,890.0,12949.0
KTM,690 SMC R ENDURO R,2023,5.0,690.0,12999.0
KTM,690 SMC R ENDURO R,2023,0.0,690.0,12999.0
KTM,500 EXC-F,2023,1.0,500.0,10999.0
KTM,450 SX-F,2023,0.0,450.0,9999.0
KTM,500 EXC-F,2023,0.0,500.0,11395.0
KTM,890 ADVENTURE R,2023,0.0,890.0,15199.0
KTM,1190 ADVENTURE,2015,886.0,1190.0,10999.0
KTM,300 XC-W SIX DAYS,2017,3000.0,300.0,7700.0
KTM,RC 390,2017,10300.0,390.0,4500.0
KTM,500 EXC-F,2020,400.0,500.0,10000.0
KTM,SUPER DUKE 1290 R EVO,2022,2400.0,1290.0,20000.0
KTM,890 Adventure,2022,0.0,890.0,13399.0
KTM,250 SX F SX-F,2022,95.0,250.0,7499.0
KTM,390 Adventure,2020,3874.0,390.0,5699.0
KTM,890 Duke,2022,1.0,890.0,11299.0
KTM,250 SX-F,2023,1.0,250.0,7700.0
KTM,890 Adventure R,2023,0.0,890.0,15199.0
KTM,350 SX-F,2023,0.0,350.0,8499.0
KTM,350 XC-F,2023,1.0,350.0,11399.0
KTM,390 Adventure,2022,1.0,390.0,6799.0
KTM,RC 390,2022,1.0,390.0,4799.0
KTM,390 Adventure,2022,0.0,390.0,6183.0
KTM,890 Adventure,2022,5.0,890.0,12288.0
KTM,890 Duke,2022,0.0,890.0,11299.0
KTM,RC 390,2022,1.0,390.0,5799.0
KTM,RC 390,2022,0.0,390.0,4498.0
KTM,RC390,2022,0.0,390.0,5799.0
KTM,RC 390,2022,0.0,390.0,4498.0
KTM,RC 390,2022,0.0,390.0,4498.0
KTM,RC390,2022,0.0,390.0,5799.0
KTM,390 DUKE,2022,1450.0,390.0,5250.0
KTM,390 Duke,2022,1.0,390.0,5999.0
KTM,RC 8C,2022,0.0,565.8104089219331,37999.0
KTM,1290SPRDKEREVO SUPER ADVENTURE S,2022,1.0,1290.0,19599.0
KTM,1290 Super Adventure R,2023,0.0,1290.0,20299.0
KTM,890 Adventure,2023,5.0,890.0,13949.0
KTM,890 Duke R,2023,0.0,890.0,12949.0
KTM,390 Adventure,2023,1.0,390.0,7399.0
KTM,890 Adventure R,2023,0.0,890.0,15199.0
KTM,890 Duke R,2023,10.0,890.0,12949.0
KTM,RC 390,2023,0.0,390.0,5899.0
KTM,250 SX-F,2023,1.0,250.0,8499.0
KTM,890 Duke R,2023,0.0,890.0,12949.0
KTM,690 Enduro R,2023,0.0,690.0,12999.0
KTM,890 ADVENTURE R,2023,0.0,890.0,15199.0
KTM,DUKE 890 GP,2022,0.0,890.0,8994.0
KTM,390 Adventure,2020,1812.0,390.0,6397.0
KTM,990 ADVENTURE,2007,19453.0,990.0,8999.0
KTM,1290 Super Duke GT,2017,14654.0,1290.0,11999.0
KTM,RC 390,2017,98.0,390.0,5998.0
KTM,1290 Super Duke R,2018,4440.0,1290.0,13374.0
KTM,790 Duke,2019,2927.0,790.0,8998.0
KTM,790 Duke,2019,3377.0,790.0,9999.0
KTM,350 XC-F,2019,130.0,350.0,6907.0
KTM,SUPER DUKE 1290 R,2020,2394.0,1290.0,16595.0
KTM,790 Duke,2020,1102.0,790.0,9995.0
KTM,RC 390,2022,0.0,390.0,5799.0
KTM,RC 390,2022,0.0,390.0,5799.0
KTM,890 Duke GP,2022,0.0,890.0,11899.0
KTM,Super Adventure 1290,2016,18933.0,1290.0,11995.0
KTM,300 XC-W,2023,0.0,300.0,8599.0
KTM,450 XCF-W,2023,0.0,450.0,9649.0
KTM,450 SX-F,2023,0.0,450.0,8399.0
KTM,Super Duke 1290 R EVO,2023,1.0,1290.0,20399.0
KTM,250 SX,2023,0.0,250.0,8949.0
KTM,1290 SUPER DUKE GT,2016,21714.0,1290.0,11595.0
KTM,690 DUKE,2017,10677.0,690.0,7950.0
KTM,65 SX,2018,85.0,65.0,4995.0
KTM,ADVENTURE 1090 R ADVENTURE R,2019,12261.0,1090.0,10995.0
KTM,390 Adventure,2020,1762.0,390.0,5499.0
KTM,790 Duke,2020,2475.0,790.0,9695.0
KTM,125 SX,2023,0.0,125.0,6797.0
KTM,RC 8C,2023,0.0,565.8104089219331,50000.0
KTM,350 XC-F,2023,0.0,350.0,9997.0
KTM,1290 Super Duke R ABS 1290 R ABS,2015,8804.0,1290.0,12499.0
KTM,Duke 690,2013,15069.0,690.0,5499.0
KTM,350 XC-F Factory Edition,2023,0.0,350.0,12499.0
KTM,890 Adventure R,2023,0.0,890.0,13997.0
KTM,300 XC,2023,0.0,300.0,8999.0
KTM,790 Duke,2023,0.0,790.0,9199.0
KTM,250 XC-W,2023,0.0,250.0,8499.0
KTM,690 Enduro R,2023,0.0,690.0,12999.0
KTM,790 Duke,2023,0.0,790.0,9199.0
KTM,65 SX,2023,0.0,65.0,4899.0
KTM,790 Duke,2023,0.0,790.0,9199.0
KTM,790 Duke,2023,0.0,790.0,9199.0
KTM,790 Duke,2023,0.0,790.0,9199.0
KTM,1290 SUPER DUKE R,2014,13095.0,1290.0,10595.0
KTM,250 XC-W,2023,0.0,250.0,8499.0
KTM,150 XC-W,2023,0.0,150.0,7499.0
KTM,790 Duke,2023,0.0,790.0,9199.0
KTM,450 SX-F Factory Edition,2023,0.0,450.0,12099.0
KTM,65 SX,2023,0.0,65.0,4899.0
KTM,450 SX-F,2023,0.0,450.0,7999.0
KTM,150 XC-W,2023,0.0,150.0,9799.0
KTM,125 XC,2023,0.0,125.0,8249.0
KTM,50 SX Factory Edition,2023,0.0,50.0,5599.0
KTM,Adventure 890,2023,1.0,890.0,13949.0
KTM,Adventure 890,2023,1.0,890.0,13949.0
KTM,300 XC-W Erzbergrodeo 300 W ERZBERGRODEO,2023,0.0,300.0,12649.0
KTM,790 Duke,2023,0.0,790.0,9199.0
KTM,450 SX-F Factory Edition,2023,0.0,450.0,12099.0
KTM,250 SX,2023,0.0,250.0,7597.0
KTM,300 XC-W,2023,0.0,300.0,8599.0
KTM,1190 Adventure,2014,10423.0,1190.0,8999.0
KTM,250 SX-F,2023,0.0,250.0,8597.0
KTM,1290 SUPER ADVENTURE W/ABS,2015,23033.0,1290.0,12999.0
KTM,1290 SUPER DUKE GT W/ABS 1290 GT,2017,20703.0,1290.0,13999.0
KTM,300 XC-W,2018,2065.0,300.0,7499.0
KTM,890 Adventure,2023,0.0,890.0,13949.0
KTM,250 XC TPI XC-W TPI,2022,0.0,250.0,9199.0
KTM,EXC 450,2008,3418.0,450.0,6999.0
KTM,RC 390,2017,7016.0,390.0,5295.0
KTM,SUPER DUKE 1290 R CARBON 1290 R ABS,2019,4375.0,1290.0,16499.0
KTM,SUPER DUKE 1290 R CARBON 1290 R ABS,2019,4375.0,1290.0,16499.0
KTM,250 SX-F,2023,0.0,250.0,9999.0
KTM,SUPER DUKE 1290 R CARBON 1290 R ABS,2019,4375.0,1290.0,16499.0
KTM,890 Adventure,2021,10247.0,890.0,11985.0
KTM,450 XC-F,2009,4737.0,450.0,6999.0
KTM,350 EXC-F,2017,2422.0,350.0,8999.0
KTM,790 Adventure,2019,2133.0,790.0,11499.0
KTM,1290 Super Duke R,2020,8208.0,1290.0,18499.0
KTM,790 Adventure R,2019,4824.0,790.0,12495.0
KTM,300 XC TPI,2022,0.0,300.0,9499.0
KTM,1290 Super Adventure,2015,44063.0,1290.0,9995.0
KTM,1290 Super Duke R,2019,20981.0,1290.0,15499.0
KTM,1290 Super Adventure,2015,19798.0,1290.0,8997.0
KTM,RC 390,2017,995.0,390.0,4995.0
KTM,790 Duke,2020,4686.0,790.0,9697.0
KTM,300 XC,2023,0.0,300.0,11099.0
KTM,890 ADVENTURE R WHITE 890 R,2023,1.0,890.0,15199.0
KTM,890 Adventure R,2023,0.0,890.0,15199.0
KTM,300 XC-W,2023,0.0,300.0,8599.0
KTM,390 Adventure,2023,0.0,390.0,7399.0
KTM,300 XC-W Erzbergrodeo 300 W ERZBERGRODEO,2023,0.0,300.0,12649.0
KTM,450 SX-F Factory Edition,2023,0.0,450.0,12099.0
KTM,65 SX,2023,0.0,65.0,5499.0
KTM,1290 Super Adventure S,2023,5.0,1290.0,20299.0
KTM,300 XC,2023,0.0,300.0,11099.0
KTM,125 XC,2023,0.0,125.0,8249.0
KTM,300 XC,2023,0.0,300.0,11099.0
KTM,1290 Super Adventure,2015,9432.0,1290.0,12495.0
KTM,1190 Adventure,2015,5917.0,1190.0,9499.0
KTM,1290 Super Duke GT,2016,25555.0,1290.0,12999.0
KTM,1290 Super Adventure R,2018,13741.0,1290.0,12499.0
KTM,1290 Super Duke GT,2019,12868.0,1290.0,14999.0
KTM,790 Adventure R,2020,959.0,790.0,17497.0
KTM,1290 SUPER ADVENTURE S,2020,908.0,1290.0,15399.0
KTM,300 XC-W TPI Erzbergrodeo,2022,90.0,300.0,8999.0
KTM,1290 SUPER DUKE R EVO,2022,1.0,1290.0,19599.0
KTM,1290 Super Duke R EVO,2022,5.0,1290.0,19599.0
KTM,890 Adventure,2023,0.0,890.0,12997.0
KTM,390 Adventure,2023,0.0,390.0,7399.0
KTM,1290 Super Adventure S,2023,0.0,1290.0,20299.0
KTM,890 Adventure R,2023,1.0,890.0,15199.0
KTM,1290 Super Adventure S,2023,0.0,1290.0,20299.0
KTM,890 Adventure,2023,1.0,890.0,13949.0
KTM,1290 Super Duke GT,2017,3431.0,1290.0,15999.0
KTM,SUPERDUKE 1290 R,2020,2069.0,1290.0,16880.0
KTM,XC 500 XCF-W 500 W,2020,121.0,500.0,9200.0
KTM,1290 SUPER DUKE GT,2019,23740.0,1290.0,16999.0
KTM,1290 SUPER ADVENTURE S,2020,8789.0,1290.0,15270.0
KTM,890 Duke R,2021,7019.0,890.0,11192.0
KTM,890 Adventure,2021,1472.0,890.0,12399.0
KTM,690 SMC R ENDURO R,2021,244.0,690.0,11995.0
KTM,85 SX 17/14,2022,0.0,85.0,4797.0
KTM,890 DUKE,2022,5.0,890.0,11299.0
KTM,RC 390,2022,1.0,390.0,4799.0
KTM,500 XCF-W,2022,0.0,500.0,9999.0
KTM,450 SX-F,2022,24.0,450.0,9095.0
KTM,200 Duke,2022,1.0,200.0,3999.0
KTM,350 SX-F,2022,39.0,350.0,7795.0
KTM,250 XCW TPI XC-W TPI,2020,631.0,250.0,8499.0
KTM,200 Duke,2022,7020.0,200.0,3699.0
KTM,RC 390,2022,0.0,390.0,4799.0
KTM,500 EXC-F,2022,3690.0,500.0,9999.0
KTM,RC 390,2022,0.0,390.0,4799.0
KTM,RC 390,2022,0.0,390.0,4799.0
KTM,RC 390,2022,0.0,390.0,4799.0
KTM,390 Adventure,2022,349.0,390.0,5995.0
KTM,RC 390,2022,0.0,390.0,4799.0
KTM,890 Duke GP,2022,888.0,890.0,10990.0
KTM,125 SX,2023,0.0,125.0,7949.0
KTM,790 Duke,2023,0.0,790.0,9199.0
KTM,1290 Super Adventure S,2023,0.0,1290.0,20299.0
KTM,1290 Super Adventure S,2022,0.0,1290.0,19499.0
KTM,65 SX,2023,0.0,65.0,4999.0
KTM,85 SX 17/14,2019,20.0,85.0,4995.0
KTM,1290 Super Duke GT,2019,2473.0,1290.0,16397.0
KTM,300 XC,2023,0.0,300.0,11099.0
KTM,690 SMC R ENDURO R,2023,0.0,690.0,12999.0
KTM,300 XC,2023,0.0,300.0,11099.0
KTM,300 XC,2023,0.0,300.0,11099.0
KTM,890 ADVENTURE R,2023,5.0,890.0,15199.0
KTM,300 XC,2023,0.0,300.0,11099.0
KTM,890 ADVENTURE R,2023,5.0,890.0,15199.0
KTM,890 ADVENTURE R,2023,5.0,890.0,15199.0
KTM,1290 SUPER DUKE R EVO,2023,5.0,1290.0,20399.0
KTM,890 Adventure R,2023,0.0,890.0,15199.0
KTM,890 Adventure R,2023,0.0,890.0,15199.0
KTM,1290 Super Adventure R TKC,2019,4858.0,1290.0,15995.0
KTM,450 XCF-W,2023,0.0,450.0,8397.0
KTM,890 Adventure R,2023,0.0,890.0,15199.0
KTM,390 ADVENTURE SW,2023,0.0,390.0,7399.0
KTM,125 SX,2023,0.0,125.0,5999.0
KTM,1290 Super Duke R ABS 1290 R ABS,2015,1302.0,1290.0,12490.0
KTM,1290 Super Duke GT,2016,14782.0,1290.0,12225.0
KTM,1090 Adventure R,2017,18195.0,1090.0,9999.0
KTM,1290 Super Duke GT,2017,9314.0,1290.0,13999.0
KTM,1090 Adventure R,2017,20722.0,1090.0,10749.0
KTM,1090 Adventure R,2018,14250.0,1090.0,11500.0
KTM,1290 Super Duke GT,2019,13017.0,1290.0,15999.0
KTM,1290 Super Duke R,2019,12154.0,1290.0,16383.0
KTM,890 Adventure R,2023,0.0,890.0,15199.0
KTM,65 SX,2023,0.0,65.0,4999.0
KTM,50 SX Mini,2023,0.0,50.0,4199.0
KTM,690 Enduro R,2023,0.0,690.0,12999.0
KTM,390 Adventure,2023,1.0,390.0,7399.0
KTM,690 SMC R ENDURO R,2023,0.0,690.0,12999.0
KTM,1290 SUPER DUKE GT,2023,0.0,1290.0,19799.0
KTM,690 SMC R ENDURO R,2023,0.0,690.0,12999.0
KTM,390 ADVENTURE,2023,5.0,390.0,7399.0
KTM,450 SX-F,2023,0.0,450.0,7447.0
KTM,1290 SUPER DUKE R EVO,2023,1.0,1290.0,20399.0
KTM,790 DUKE,2023,5.0,790.0,9199.0
KTM,65 SX,2023,0.0,65.0,3999.0
KTM,1290 SUPER ADVENTURE S,2023,5.0,1290.0,20299.0
KTM,690 ENDURO R,2023,5.0,690.0,12999.0
KTM,1290 SUPER DUKE GT,2023,0.0,1290.0,22999.0
KTM,890 ADVENTURE,2023,5.0,890.0,13949.0
KTM,1290 Super Duke GT,2023,1.0,1290.0,19799.0
KTM,690 ENDURO R,2023,5.0,690.0,12999.0
KTM,390 ADVENTURE,2023,5.0,390.0,7399.0
KTM,790 Duke,2023,1.0,790.0,9199.0
KTM,50 SX MINI,2023,0.0,50.0,4199.0
KTM,790 DUKE,2023,5.0,790.0,9199.0
KTM,690 ENDURO R,2023,5.0,690.0,12999.0
KTM,890 ADVENTURE,2023,5.0,890.0,13949.0
KTM,890 ADVENTURE,2023,5.0,890.0,13949.0
KTM,1290 SUPER ADVENTURE S,2023,5.0,1290.0,20299.0
KTM,1290 SUPER ADVENTURE S,2023,5.0,1290.0,20299.0
KTM,390 ADVENTURE,2023,5.0,390.0,7399.0
KTM,890 Duke R,2023,0.0,890.0,12949.0
KTM,690 SMC R ENDURO R,2023,0.0,690.0,12999.0
KTM,65 SX,2023,0.0,65.0,3999.0
KTM,350 SX-F,2023,0.0,350.0,9199.0
KTM,690 SMC R ENDURO R,2023,0.0,690.0,12999.0
KTM,390 ADVENTURE,2023,5.0,390.0,7399.0
KTM,390 ADVENTURE,2023,5.0,390.0,7399.0
KTM,85 SX 17/14,2023,0.0,85.0,6549.0
KTM,250 SX,2023,0.0,250.0,7949.0
KTM,125 SX,2023,0.0,125.0,7949.0
KTM,250 SX-F,2023,0.0,250.0,7999.0
KTM,65 SX,2023,1.0,65.0,4988.0
KTM,390 Adventure,2023,1.0,390.0,6399.0
KTM,65 SX,2023,0.0,65.0,3999.0
KTM,450 XCF-W,2023,0.0,450.0,11649.0
KTM,890 Adventure R,2023,0.0,890.0,15199.0
KTM,Freeride E-XC,2023,2.0,565.8104089219331,11299.0
KTM,890 Duke R,2023,5.0,890.0,12949.0
KTM,500 EXC-F,2023,6.0,500.0,16995.0
KTM,300 XC,2023,0.0,300.0,9349.0
KTM,890 Adventure R,2023,0.0,890.0,15199.0
KTM,65 SX,2023,0.0,65.0,3999.0
KTM,250 SX-F,2023,0.0,250.0,8249.0
KTM,Freeride E-XC,2023,2.0,565.8104089219331,11299.0
KTM,890 Adventure R,2023,0.0,890.0,15199.0
KTM,65 SX,2023,0.0,65.0,3999.0
KTM,450 SX-F,2023,0.0,450.0,8899.0
KTM,250 XC,2023,0.0,250.0,9099.0
KTM,890 ADVENTURE R,2023,5.0,890.0,15199.0
KTM,50 SX MINI,2023,0.0,50.0,4199.0
KTM,690 Enduro R,2023,1.0,690.0,12499.0
KTM,390 Adventure,2023,0.0,390.0,7399.0
KTM,450 XCF-W,2023,0.0,450.0,11649.0
KTM,250 XC,2023,0.0,250.0,10799.0
KTM,1190 RC8 RC8 R,2010,11327.0,1190.0,9780.0
KTM,990 Adventure Dakar,2011,20075.0,990.0,8999.0
KTM,690 DUKE,2014,10510.0,690.0,5999.0
KTM,RC 390,2015,8829.0,390.0,5990.0
KTM,RC 390,2015,12266.0,390.0,4995.0
KTM,1290 Super Duke R ABS 1290 R ABS,2015,12849.0,1290.0,12990.0
KTM,1290 SUPER DUKE R,2015,5505.0,1290.0,11995.0
KTM,RC 390,2016,12495.0,390.0,3999.0
KTM,690 Duke,2016,4498.0,690.0,6995.0
KTM,450 SX-F,2023,0.0,450.0,10899.0
KTM,350 XCF-W Six Days,2016,140.0,350.0,6899.0
KTM,1290 ADVENTURE SUPER DUKE SUPER ADVENTURE S,2016,8800.0,1290.0,13399.0
KTM,1290 Super Duke R,2017,15970.0,1290.0,11999.0
KTM,RC 390 ABS,2017,88.0,390.0,6990.0
KTM,390 Duke,2017,10225.0,390.0,4499.0
KTM,390 Duke,2017,6347.0,390.0,5990.0
KTM,1290 Super Duke GT,2017,19654.0,1290.0,12900.0
KTM,690 Enduro R,2017,9396.0,690.0,8999.0
KTM,1090 Adventure R,2018,9360.0,1090.0,12000.0
KTM,500 EXC-F,2019,552.0,500.0,10880.0
KTM,1290 Super Duke GT,2019,9627.0,1290.0,15999.0
KTM,1290 Super Adventure S,2019,2337.0,1290.0,12998.0
KTM,1290 SUPER ADVENTURE,2016,11015.0,1290.0,11999.0
KTM,790 DUKE,2019,2072.0,790.0,8999.0
KTM,450 SX-F,2023,0.0,450.0,10899.0
KTM,450 SX-F,2023,0.0,450.0,10899.0
KTM,500 EXC-F Six Days,2023,0.0,500.0,12049.0
KTM,450 XC F XC-F,2023,0.0,450.0,9649.0
KTM,85 SX 17/14,2023,0.0,85.0,5299.0
KTM,350 EXC-F,2023,0.0,350.0,9836.0
KTM,890 Adventure R,2023,1.0,890.0,15199.0
KTM,50 SX Factory Edition,2023,0.0,50.0,5599.0
KTM,85 SX 17/14,2023,0.0,85.0,5299.0
KTM,890 Adventure R,2023,1.0,890.0,15199.0
KTM,690 SMC R ENDURO R,2023,1.0,690.0,12999.0
KTM,50 SX Factory Edition,2023,0.0,50.0,5599.0
KTM,250 SX,2023,0.0,250.0,8949.0
KTM,450 SX-F,2023,0.0,450.0,10899.0
KTM,450 SMR,2023,1.0,450.0,10999.0
KTM,1290 Super Adventure R,2023,1.0,1290.0,20299.0
KTM,500 EXC-F,2023,16.0,500.0,16995.0
KTM,50 SX,2023,0.0,50.0,4699.0
KTM,150 XC-W,2023,0.0,150.0,9799.0
KTM,450 XC F XC-F,2023,0.0,450.0,9649.0
KTM,450 XC F XC-F,2023,0.0,450.0,9649.0
KTM,SX-E 5,2023,5.0,565.8104089219331,5499.0
KTM,SX-E 5,2023,0.0,565.8104089219331,5499.0
KTM,890 ADVENTURE,2023,1.0,890.0,13949.0
KTM,890 ADVENTURE,2023,0.0,890.0,13949.0
KTM,450 SX-F,2023,0.0,450.0,10899.0
KTM,1290 Super Adventure S,2023,1.0,1290.0,20299.0
KTM,450 SX-F,2019,110.0,450.0,6899.0
KTM,790 Adventure,2019,12077.0,790.0,11993.0
KTM,390 Duke,2019,1027.0,390.0,5377.0
KTM,250 SX-F,2023,0.0,250.0,9999.0
KTM,790 Duke,2023,0.0,790.0,9199.0
KTM,1290 Super Adventure S,2023,0.0,1290.0,20299.0
KTM,250 SX-F,2023,0.0,250.0,9999.0
KTM,350 SX-F,2023,0.0,350.0,9199.0
KTM,250 SX,2023,0.0,250.0,8199.0
KTM,450 SX-F,2023,0.0,450.0,8999.0
KTM,350 SX-F,2023,0.0,350.0,9199.0
KTM,125 SX,2023,0.0,125.0,7199.0
KTM,250 SX-F,2023,0.0,250.0,8299.0
KTM,1290 Super Adventure S,2023,0.0,1290.0,20299.0
KTM,250 SX-F,2023,0.0,250.0,9999.0
KTM,890 Duke R,2023,1.0,890.0,12949.0
KTM,300 XC-W Erzbergrodeo 300 W ERZBERGRODEO,2023,0.0,300.0,11149.0
KTM,250 XC,2023,0.0,250.0,9299.0
KTM,85 SX 17/14,2023,0.0,85.0,5299.0
KTM,890 Duke R,2023,1.0,890.0,12949.0
KTM,790 Duke,2023,1.0,790.0,9199.0
KTM,350 EXC-F,2023,0.0,350.0,10149.0
KTM,250 XC,2023,0.0,250.0,9299.0
KTM,390 Adventure,2023,0.0,390.0,7399.0
KTM,450 SX-F Factory Edition,2023,0.0,450.0,12099.0
KTM,450 XC-F,2023,0.0,450.0,9649.0
KTM,50 SX Mini,2023,0.0,50.0,2699.0
KTM,790 Duke,2023,1.0,790.0,9199.0
KTM,250 SX-F,2023,0.0,250.0,9999.0
KTM,250 SX-F,2023,0.0,250.0,9999.0
KTM,250 SX-F,2023,0.0,250.0,9999.0
KTM,500 EXC-F,2020,190.0,500.0,11550.0
KTM,250 SX-F,2020,88.0,250.0,6990.0
KTM,RC 390,2020,360.0,390.0,5549.0
KTM,350 EXC-F,2020,363.0,350.0,9000.0
KTM,FREERIDE E-XC,2021,654.0,565.8104089219331,9250.0
KTM,300 XC-W TPI Erzbergrodeo,2021,118.0,300.0,9999.0
KTM,390 Duke,2021,159.0,390.0,6990.0
KTM,50 SX,2021,500.0,50.0,3899.0
KTM,Duke 390,2021,3068.0,390.0,5995.0
KTM,1290 Super Duke R EVO,2022,1.0,1290.0,17599.0
KTM,390 Adventure,2022,2.0,390.0,6799.0
KTM,390 Adventure,2022,2.0,390.0,6799.0
KTM,125 XC,2022,1.0,125.0,7577.0
KTM,390 Adventure,2022,2.0,390.0,6799.0
KTM,390 Adventure,2022,2.0,390.0,6799.0
KTM,390 Adventure,2022,2.0,390.0,6799.0
KTM,500 EXC-F Six Days,2022,0.0,500.0,10988.0
KTM,890 Duke GP,2022,0.0,890.0,9999.0
KTM,1290 Super Adventure S,2022,270.0,1290.0,18950.0
KTM,890 Duke GP,2022,0.0,890.0,9999.0
KTM,RC 390,2022,1.0,390.0,5799.0
KTM,Duke 890R 890 R,2022,1746.0,890.0,12500.0
KTM,RC 390,2022,10.0,390.0,5799.0
KTM,1290 SUPER DUKE R EVO,2022,5.0,1290.0,17499.0
KTM,250 SX-F,2023,0.0,250.0,9999.0
KTM,690 SMC R ENDURO R,2023,0.0,690.0,12999.0
KTM,250 EXC-F,2019,6190.0,250.0,7899.0
KTM,1290 SUPER ADVENTURE S,2023,5.0,1290.0,20299.0
KTM,890 Adventure,2023,0.0,890.0,13949.0
KTM,450 SMR,2023,0.0,450.0,10999.0
KTM,1290 Super Adventure S,2023,0.0,1290.0,20299.0
KTM,1290 Super Duke R Evo,2023,0.0,1290.0,20399.0
KTM,450 SX-F,2023,0.0,450.0,8999.0
KTM,65 SX,2023,0.0,65.0,3599.0
KTM,450 SX-F,2023,0.0,450.0,8999.0
KTM,890 Adventure,2023,0.0,890.0,13949.0
KTM,690 SMC R ENDURO R,2023,0.0,690.0,12999.0
KTM,65 SX,2023,0.0,65.0,3599.0
KTM,690 Enduro R,2023,0.0,690.0,12999.0
KTM,690 SMC R ENDURO R,2023,0.0,690.0,12999.0
KTM,1290 Super Adventure S,2023,0.0,1290.0,20299.0
KTM,65 SX,2023,0.0,65.0,3599.0
KTM,65 SX,2023,0.0,65.0,3599.0
KTM,450 SX-F,2023,0.0,450.0,8999.0
KTM,65 SX,2023,0.0,65.0,3599.0
KTM,890 Adventure,2023,0.0,890.0,13949.0
KTM,85 SX 17/14,2023,0.0,85.0,4447.0
KTM,Freeride E-XC,2023,0.0,565.8104089219331,8799.0
KTM,890 Adventure R,2023,1.0,890.0,15199.0
KTM,790 Duke,2023,1.0,790.0,9199.0
KTM,1290 Super Duke R Evo,2023,1.0,1290.0,20399.0
KTM,Freeride E-XC,2023,0.0,565.8104089219331,8799.0
KTM,85 SX 19/16,2023,0.0,85.0,4749.0
KTM,65 SX,2023,0.0,65.0,3599.0
KTM,450 SMR,2023,1.0,450.0,10673.0
KTM,890 Adventure,2023,0.0,890.0,13949.0
KTM,250 XC,2023,0.0,250.0,8497.0
KTM,1290 Super Adventure S,2020,534.0,1290.0,14900.0
KTM,250 SX-F,2020,50.0,250.0,7999.0
KTM,Duke,2021,2608.0,565.8104089219331,10783.0
KTM,390 DUKE,2022,1029.0,390.0,5695.0
KTM,1290 Super Duke R EVO,2022,3626.0,1290.0,17799.0
KTM,RC 390,2022,5.0,390.0,4588.0
KTM,300 XC TPI,2022,0.0,300.0,6999.0
KTM,300 XC TPI,2022,0.0,300.0,6999.0
KTM,300 XC TPI,2022,0.0,300.0,6999.0
KTM,390 Adventure,2022,1.0,390.0,5799.0
KTM,390 Adventure,2022,1.0,390.0,5799.0
KTM,250 SX-F,2023,0.0,250.0,7299.0
KTM,RC 390,2022,0.0,390.0,4499.0
KTM,Freeride E-XC,2022,0.0,565.8104089219331,7990.0
KTM,Freeride E-XC,2022,0.0,565.8104089219331,7990.0
KTM,1290 Super Duke R EVO,2022,1.0,1290.0,16990.0
KTM,Freeride E-XC,2022,0.0,565.8104089219331,7990.0
KTM,450 SMR,2022,1.0,450.0,10499.0
KTM,Freeride E-XC,2022,0.0,565.8104089219331,7990.0
KTM,390 Adventure,2022,1.0,390.0,5799.0
KTM,890 Duke GP,2022,1.0,890.0,9750.0
KTM,300 XC TPI,2022,0.0,300.0,6999.0
KTM,RC 390,2022,1.0,390.0,5599.0
KTM,450 SMR,2022,0.0,450.0,11999.0
KTM,1290 Super Adventure S,2022,1.0,1290.0,17600.0
KTM,890 Adventure R,2023,1.0,890.0,15199.0
KTM,50 SX,2023,0.0,50.0,3648.0
KTM,85 SX 17/14,2023,0.0,85.0,4447.0
KTM,Freeride E-XC,2023,0.0,565.8104089219331,8799.0
KTM,390 Adventure,2023,1.0,390.0,7399.0
KTM,890 Adventure,2023,1.0,890.0,13949.0
KTM,790 Duke,2023,1.0,790.0,9199.0
KTM,1290 Super Duke GT,2023,1.0,1290.0,19799.0
KTM,KTM 300 XC-W ERZBERGRODEO 300 W ERZBERGRODEO,2023,0.0,300.0,12649.0
KTM,250 SX-F,2023,0.0,250.0,8197.0
KTM,65 SX,2023,0.0,65.0,4123.0
KTM,350 XC-F FACTORY EDITION,2023,0.0,350.0,12499.0
KTM,250 SX-F,2023,0.0,250.0,9999.0
KTM,85 SX 17/14,2023,0.0,85.0,4447.0
KTM,890 Adventure R,2023,0.0,890.0,15199.0
KTM,890 Duke R,2023,1.0,890.0,12949.0
KTM,390 Adventure,2023,1.0,390.0,7564.0
KTM,790 DUKE,2023,0.0,790.0,9199.0
KTM,50 SX Factory Edition,2023,0.0,50.0,5599.0
KTM,450 SMR,2023,0.0,450.0,11999.0
KTM,50 SX Mini,2023,0.0,50.0,4199.0
KTM,690 SMC R ENDURO R,2023,1.0,690.0,12999.0
KTM,530 EXC-R EXC CHAMPIONS EDITION,2008,1030.0,530.0,4990.0
KTM,690 Duke,2017,1590.0,690.0,7290.0
KTM,1290 SUPER ADVENTURE R,2018,8500.0,1290.0,13999.0
KTM,RC 390,2018,11817.0,390.0,6990.0
KTM,390 Duke,2019,132.0,390.0,4991.0
KTM,890 Duke R,2023,1.0,890.0,12949.0
KTM,890 Adventure R,2023,0.0,890.0,15199.0
KTM,890 Adventure R,2023,0.0,890.0,15199.0
KTM,500 EXC-F Six Days,2023,0.0,500.0,10997.0
KTM,450 SX-F Factory Edition,2023,0.0,450.0,12099.0
KTM,1290 Super Duke R Evo,2023,1.0,1290.0,20399.0
KTM,690 SMC R ENDURO R,2023,1.0,690.0,12999.0
KTM,450 SX-F,2023,0.0,450.0,8999.0
KTM,1290 Super Adventure R,2023,1.0,1290.0,20299.0
KTM,890 Duke R,2023,1.0,890.0,12949.0
KTM,1290 Super Duke GT,2023,1.0,1290.0,19799.0
KTM,1290 Super Duke R Evo,2023,1.0,1290.0,20399.0
KTM,690 Enduro R,2023,1.0,690.0,12999.0
KTM,300 XC-W Erzbergrodeo 300 W ERZBERGRODEO,2023,0.0,300.0,12649.0
KTM,890 Adventure R,2023,1.0,890.0,15199.0
KTM,85 SX 19/16,2023,0.0,85.0,4749.0
KTM,1290 Super Adventure R,2023,0.0,1290.0,20299.0
KTM,500 EXC-F Six Days,2023,0.0,500.0,10997.0
KTM,85 SX 17/14,2023,0.0,85.0,4447.0
KTM,390 Adventure,2023,1.0,390.0,7399.0
KTM,790 Duke,2023,1.0,790.0,9199.0
KTM,890 Adventure R,2023,0.0,890.0,15199.0
KTM,85 SX 19/16,2023,0.0,85.0,4749.0
KTM,65 SX,2023,0.0,65.0,4123.0
KTM,790 Duke,2023,1.0,790.0,9199.0
KTM,890 Adventure R,2023,1.0,890.0,15199.0
KTM,690 SMC R ENDURO R,2023,1.0,690.0,12999.0
KTM,50 SX Mini,2023,0.0,50.0,3147.0
KTM,690 SMC R ENDURO R,2023,1.0,690.0,12999.0
KTM,390 Duke,2018,2878.0,390.0,4699.0
KTM,790 DUKE,2023,5.0,790.0,9199.0
KTM,1090 ADVENTURE R,2018,9900.0,1090.0,11750.0
KTM,1290 Super Duke R,2014,23592.0,1290.0,7999.0
KTM,390 Adventure,2022,172.0,390.0,6570.0
KTM,RC 390,2022,10.0,390.0,5799.0
KTM,125 SX,2024,0.0,125.0,8099.0
KTM,125 XC,2024,0.0,125.0,8399.0
KTM,125 XC,2024,0.0,125.0,8399.0
KTM,250 SX-F,2024,1.0,250.0,10199.0
KTM,125 XC,2024,1.0,125.0,8399.0
KTM,300 XC,2024,0.0,300.0,11299.0
KTM,250 XC,2024,0.0,250.0,10999.0
KTM,250 SX-F,2024,0.0,250.0,10199.0
KTM,125 XC,2024,0.0,125.0,8399.0
KTM,890 Duke,2022,0.0,890.0,9799.0
KTM,300 XC,2024,0.0,300.0,11299.0
KTM,250 XC,2024,3.0,250.0,10999.0
KTM,125 SX,2024,3.0,125.0,8099.0
KTM,125 XC,2024,3.0,125.0,8399.0
KTM,250 XC,2024,0.0,250.0,10999.0
KTM,450 XC-F,2024,0.0,450.0,11899.0
KTM,250 SX-F,2024,0.0,250.0,10199.0
KTM,250 SX-F,2024,0.0,250.0,10199.0
KTM,250 XC,2024,0.0,250.0,10999.0
KTM,250 SX-F,2024,0.0,250.0,10199.0
KTM,125 SX,2024,0.0,125.0,8099.0
KTM,125 XC,2024,1.0,125.0,8399.0
KTM,125 XC,2024,0.0,125.0,8399.0
KTM,300 XC,2024,1.0,300.0,11299.0
KTM,390 Adventure,2022,595.0,390.0,7999.0
KTM,890 Duke,2022,0.0,890.0,9799.0
KTM,SX 65,2023,0.0,65.0,4499.0
KTM,690 SMC R ENDURO R,2023,3.0,690.0,12999.0
KTM,500 EXC-F,2023,1.0,500.0,12049.0
KTM,300 XC-W,2007,3047.0,300.0,5500.0
KTM,450 XC,2007,1.0,450.0,3999.0
KTM,1290 Super Adventure,2015,4437.0,1290.0,14599.0
KTM,1190 Adventure,2015,11563.0,1190.0,9999.0
KTM,1290 Super Duke R,2017,6519.0,1290.0,13499.0
KTM,1290 Super Adventure R,2017,26370.0,1290.0,13594.0
KTM,1090 Adventure R,2018,7791.0,1090.0,9998.0
KTM,1290 SUPER ADVENTURE,2018,20798.0,1290.0,15599.0
KTM,890 Duke,2022,0.0,890.0,9799.0
KTM,690 SMC R ENDURO R,2019,4718.0,690.0,9999.0
KTM,790 Adventure,2020,3074.0,790.0,10995.0
KTM,790 Duke,2020,2963.0,790.0,9499.0
KTM,890 Adventure R,2021,1658.0,890.0,12982.0
KTM,250 SX-F,2021,40.0,250.0,8999.0
KTM,350 SX-F,2021,59.0,350.0,7499.0
KTM,RC 390,2022,0.0,390.0,4999.0
KTM,450 SX-F,2022,53.0,450.0,8797.0
KTM,350 SX-F,2022,70.0,350.0,7495.0
KTM,890 Duke GP,2022,1.0,890.0,9899.0
KTM,200 Duke,2022,3051.0,200.0,3999.0
KTM,125 XC,2022,1.0,125.0,8099.0
KTM,790 Duke,2020,12365.0,790.0,10499.0
KTM,125 SX,2024,0.0,125.0,8099.0
KTM,125 XC,2024,0.0,125.0,8399.0
KTM,450 XC-F,2024,0.0,450.0,11899.0
KTM,85 SX 19/16,2023,0.0,85.0,4999.0
KTM,85 SX 19/16,2023,0.0,85.0,4999.0
KTM,350 SX-F,2023,0.0,350.0,8699.0
KTM,790 Duke,2023,0.0,790.0,9199.0
KTM,790 Duke,2023,0.0,790.0,9199.0
KTM,125 XC,2023,0.0,125.0,6749.0
KTM,300 XC,2023,0.0,300.0,7999.0
KTM,85 SX 19/16,2023,0.0,85.0,4299.0
KTM,790 Duke,2023,0.0,790.0,9199.0
KTM,690 Enduro R,2023,0.0,690.0,12999.0
KTM,790 Duke,2023,0.0,790.0,9199.0
KTM,125 XC,2023,0.0,125.0,6749.0
KTM,300 XC,2023,0.0,300.0,7999.0
KTM,85 SX 19/16,2023,0.0,85.0,4999.0
KTM,790 Duke,2023,0.0,790.0,9199.0
KTM,790 Duke,2023,0.0,790.0,9199.0
KTM,450 SX-F,2023,0.0,450.0,7447.0
KTM,690 SMC R ENDURO R,2023,5.0,690.0,12999.0
KTM,1290 Super Duke R Evo,2023,0.0,1290.0,20399.0
KTM,1290 SUPER DUKE R,2023,5.0,1290.0,20399.0
KTM,125 SX,2023,0.0,125.0,5999.0
KTM,890 Adventure,2023,0.0,890.0,13949.0
KTM,350 EXC-F,2023,0.0,350.0,9597.0
KTM,690 Duke,2014,8064.0,690.0,4736.0
KTM,250 SX,2023,0.0,250.0,8948.0
KTM,890 Duke R,2023,0.0,890.0,12949.0
KTM,690 Enduro R,2023,0.0,690.0,12999.0
KTM,690 Enduro R,2023,0.0,690.0,12999.0
KTM,125 SX,2024,0.0,125.0,8099.0
KTM,250 SX-F,2024,0.0,250.0,10199.0
KTM,125 SX,2024,0.0,125.0,8099.0
KTM,250 XC,2024,0.0,250.0,10999.0
KTM,250 XC-F,2024,0.0,250.0,10599.0
KTM,450 XC-F,2024,0.0,450.0,11899.0
KTM,250 XC-F,2024,0.0,250.0,10599.0
KTM,125 XC,2024,0.0,125.0,8399.0
KTM,125 XC,2024,3.0,125.0,8399.0
KTM,250 SX-F,2024,1.0,250.0,10199.0
KTM,125 XC,2024,0.0,125.0,8399.0
KTM,125 XC,2024,0.0,125.0,8399.0
KTM,250 SX-F,2024,0.0,250.0,10199.0
KTM,450 XC-F,2024,0.0,450.0,11899.0
KTM,125 SX,2024,0.0,125.0,8099.0
KTM,125 SX,2024,0.0,125.0,8099.0
KTM,250 XC,2024,0.0,250.0,10999.0
KTM,300 XC,2024,0.0,300.0,11299.0
KTM,SX-E 5,2023,0.0,565.8104089219331,4997.0
KTM,690 SMC R ENDURO R,2023,0.0,690.0,12999.0
KTM,450 SX-F Factory Edition,2023,0.0,450.0,12099.0
KTM,690 SMC R ENDURO R,2023,0.0,690.0,12999.0
KTM,690 Enduro R,2023,0.0,690.0,12999.0
KTM,65 SX,2023,0.0,65.0,5097.0
KTM,790 Duke,2023,0.0,790.0,9199.0
KTM,1290 Super Duke GT,2017,12008.0,1290.0,11992.0
KTM,450 SX-F,2023,0.0,450.0,8700.0
KTM,65 SX,2023,0.0,65.0,4999.0
KTM,50 SX,2023,0.0,50.0,4199.0
KTM,300 XC-W Erzbergrodeo 300 W ERZBERGRODEO,2023,0.0,300.0,12649.0
KTM,450 XCF-W,2023,0.0,450.0,11577.0
KTM,50 SX,2023,0.0,50.0,4699.0
KTM,300 XC,2023,0.0,300.0,9499.0
KTM,350 SX-F,2023,0.0,350.0,10699.0
KTM,250 XC-W,2023,0.0,250.0,9788.0
KTM,350 SX-F,2023,0.0,350.0,8699.0
KTM,450 XCF-W,2023,0.0,450.0,11649.0
KTM,50 SX,2023,0.0,50.0,4699.0
KTM,250 XC-W,2023,0.0,250.0,7988.0
KTM,300 XC-W,2023,0.0,300.0,7988.0
KTM,1290 Super Adventure R,2023,2.0,1290.0,20299.0
KTM,1290 Super Adventure R,2023,2.0,1290.0,20299.0
KTM,65 SX,2023,1.0,65.0,5499.0
KTM,390 Adventure,2023,1.0,390.0,7399.0
KTM,85 SX 17/14,2023,0.0,85.0,5049.0
KTM,500 EXC-F SIX DAYS,2023,0.0,500.0,11990.0
KTM,250 SX F SX-F,2023,0.0,250.0,7999.0
KTM,300 XC,2023,0.0,300.0,9487.0
KTM,250 SX F SX-F,2023,0.0,250.0,9999.0
KTM,250 SX F SX-F,2023,0.0,250.0,9999.0
KTM,450 SX-F,2023,0.0,450.0,10899.0
KTM,85 SX 17/14,2023,0.0,85.0,5049.0
KTM,85 SX 17/14,2023,0.0,85.0,5049.0
KTM,250 SX F SX-F,2023,0.0,250.0,9999.0
KTM,390 Adventure,2023,1.0,390.0,7399.0
KTM,350 SX-F,2023,0.0,350.0,8699.0
KTM,1290 SUPER ADVENTURE S,2023,1.0,1290.0,20299.0
KTM,300 XC,2023,0.0,300.0,9487.0
KTM,85 SX 17/14,2023,0.0,85.0,5049.0
KTM,85 SX 17/14,2023,0.0,85.0,5049.0
KTM,390 Adventure,2023,1.0,390.0,7399.0
KTM,300 XC-W Erzbergrodeo 300 W ERZBERGRODEO,2023,0.0,300.0,12649.0
KTM,65 SX,2023,0.0,65.0,5499.0
KTM,350 XC-F,2023,0.0,350.0,11399.0
KTM,85 SX 19/16,2023,0.0,85.0,5199.0
KTM,200 Duke,2023,1.0,200.0,4199.0
KTM,450 SMR,2023,0.0,450.0,10999.0
KTM,450 SMR,2023,333.0,450.0,11849.0
KTM,350 SX-F,2023,0.0,350.0,8566.0
KTM,450 SMR,2023,0.0,450.0,10999.0
KTM,450 SMR,2023,0.0,450.0,11999.0
KTM,350 SX-F,2023,0.0,350.0,11999.0
KTM,350 XC-F,2023,0.0,350.0,7999.0
KTM,450 XC-F,2023,1.0,450.0,12649.0
KTM,Freeride E-XC,2023,0.0,565.8104089219331,9299.0
KTM,450 SX-F,2024,0.0,450.0,11099.0
KTM,300 SX,2024,0.0,300.0,9399.0
KTM,300 XC,2024,0.0,300.0,11299.0
KTM,300 XC,2024,0.0,300.0,11299.0
KTM,350 SX-F,2024,0.0,350.0,10899.0
KTM,1290 Super Adventure S,2023,0.0,1290.0,20299.0
KTM,125 SX,2023,0.0,125.0,6799.0
KTM,450 SMR,2023,0.0,450.0,11999.0
KTM,450 SMR,2023,0.0,450.0,10888.0
KTM,65 SX,2023,0.0,65.0,5499.0
KTM,1290 Super Duke R Evo,2023,2.0,1290.0,20399.0
KTM,790 Duke,2023,2.0,790.0,9199.0
KTM,300 SX,2023,0.0,300.0,8199.0
KTM,1290 Super Duke R Evo,2023,0.0,1290.0,20399.0
KTM,250 XC,2023,0.0,250.0,8199.0
KTM,450 SX-F Factory Edition,2023,0.0,450.0,12099.0
KTM,300 XC-W,2023,0.0,300.0,11099.0
KTM,890 Adventure R,2023,0.0,890.0,15199.0
KTM,500 EXC-F,2023,2.0,500.0,12549.0
KTM,450 SMR,2023,1.0,450.0,11999.0
KTM,350 EXC-F,2023,0.0,350.0,9688.0
KTM,1290 Super Adventure R,2023,0.0,1290.0,20299.0
KTM,450 SMR,2023,0.0,450.0,9699.0
KTM,450 SMR,2023,0.0,450.0,11999.0
KTM,350 SX-F,2023,0.0,350.0,7999.0
KTM,300 SX,2024,0.0,300.0,9399.0
KTM,300 XC-W,2023,0.0,300.0,11099.0
KTM,250 XC-W,2023,0.0,250.0,10799.0
KTM,300 XC TPI,2022,0.0,300.0,8496.0
KTM,1290 Super Adventure S,2022,1.0,1290.0,18577.0
KTM,1290 Super Duke R EVO,2022,0.0,1290.0,19599.0
KTM,250 SX,2022,1.0,250.0,8277.0
KTM,890 Duke R,2022,1676.0,890.0,10995.0
KTM,SX-E 5,2022,0.0,565.8104089219331,3996.0
KTM,150 XC-W,2023,0.0,150.0,9799.0
KTM,890 Duke R,2022,1.0,890.0,15398.0
KTM,890 Duke R,2022,0.0,890.0,11898.0
KTM,1290 Super Duke R EVO,2022,0.0,1290.0,17599.0
KTM,890 Duke R,2022,1.0,890.0,15398.0
KTM,85 SX 17/14,2022,0.0,85.0,5296.0
KTM,890 Duke GP,2022,0.0,890.0,10399.0
KTM,SX-E 5,2022,0.0,565.8104089219331,3996.0
KTM,250 XC-W TPI,2022,0.0,250.0,8499.0
KTM,350 XC-F,2023,0.0,350.0,7999.0
KTM,250 SX-F,2023,0.0,250.0,6999.0
KTM,250 XC-W,2023,0.0,250.0,7949.0
KTM,300 XC,2023,0.0,300.0,9349.0
KTM,450 XC-F,2023,0.0,450.0,8749.0
KTM,85 SX 17/14,2023,0.0,85.0,4999.0
KTM,125 XC,2023,0.0,125.0,8249.0
KTM,150 XC-W,2023,0.0,150.0,8299.0
KTM,250 XC,2023,0.0,250.0,10799.0
KTM,250 XC,2023,0.0,250.0,10799.0
KTM,690 Enduro R,2023,1.0,690.0,12999.0
KTM,300 XC,2023,0.0,300.0,11099.0
KTM,890 Duke R,2023,1.0,890.0,12949.0
KTM,690 SMC R ENDURO R,2023,0.0,690.0,12999.0
KTM,450 XCF-W,2023,0.0,450.0,8749.0
KTM,85 SX 17/14,2023,0.0,85.0,5299.0
KTM,125 XC,2023,0.0,125.0,8249.0
KTM,125 XC,2023,0.0,125.0,6299.0
KTM,890 Adventure,2021,2810.0,890.0,12499.0
KTM,85 SX 17/14,2023,0.0,85.0,6549.0
KTM,250 XC-F,2021,150.0,250.0,7991.0
KTM,890 Duke,2021,6724.0,890.0,10799.0
KTM,Super Duke 990,2007,23643.0,990.0,4899.0
KTM,1290 SUPER DUKE GT,2023,3.0,1290.0,19799.0
KTM,450 SX-F,2023,10.0,450.0,10899.0
KTM,1290 SUPER ADVENTURE R OT 1290 R,2023,0.0,1290.0,20299.0
KTM,XC 450 F,2023,0.0,450.0,14999.0
KTM,500 EXC-F,2023,0.0,500.0,10999.0
KTM,1290 SUPER ADVENTURE T,2015,8500.0,1290.0,11500.0
KTM,450 XC-F,2023,10.0,450.0,11649.0
KTM,125 SX,2023,10.0,125.0,7949.0
KTM,690 ENDURO R,2023,10.0,690.0,12999.0
KTM,390 Adventure,2023,0.0,390.0,7399.0
KTM,450 SX-F,2023,3.0,450.0,7994.0
KTM,SUPER ADVENTURE 1290 R - BLUE - WHITE - ORANGE,2023,3.0,1290.0,20299.0
KTM,1290 SuperDuke R SUPER ADVENTURE S,2023,3.0,1290.0,20399.0
KTM,XC-W 300 300 W,2023,0.0,300.0,8999.0
KTM,1290 SUPER DUKE R,2015,26500.0,1290.0,11750.0
KTM,390 DUKE,2015,4219.0,390.0,4000.0
KTM,1190 ADVENTURE,2015,17162.0,1190.0,10495.0
KTM,1290 SUPER ADVENTURE,2020,12495.0,1290.0,14999.0
KTM,Super Adventure S,2020,6159.0,565.8104089219331,14990.0
KTM,790 Adventure R,2020,4056.0,790.0,11991.0
KTM,1290 SUPER ADVENTURE S,2020,1909.0,1290.0,15999.0
KTM,300 XC-W TPI,2019,2950.0,300.0,8250.0
KTM,1290 SUPER ADVENTURE S,2018,11131.0,1290.0,12899.0
KTM,1290 SUPER DUKE R,2018,24474.0,1290.0,11999.0
KTM,RC 390,2018,1711.0,390.0,4499.0
KTM,Duke 690,2018,2309.0,690.0,8495.0
KTM,690 Duke,2018,7431.0,690.0,7088.0
KTM,65 SX,2018,34.0,65.0,4499.0
KTM,690 Duke,2018,5608.0,690.0,7499.0
KTM,1290 SUPER ADVENTURE R,2018,5323.0,1290.0,13999.0
KTM,1290 SUPER ADVENTURE R,2018,8272.0,1290.0,14750.0
KTM,250 XC-F,2017,260.0,250.0,4995.0
KTM,350 XC-F Kailub Russell 350 F KAILUB RUSSELL,2021,92.0,350.0,9997.0
KTM,250 SX,2024,0.0,250.0,9149.0
KTM,350 SX-F,2024,0.0,350.0,10899.0
KTM,450 SX-F,2024,0.0,450.0,11099.0
KTM,690 Duke ABS 690 ABS,2014,10995.0,690.0,4499.0
KTM,690 SMC R ENDURO R,2023,3.0,690.0,12999.0
KTM,500 EXC-F,2023,0.0,500.0,10999.0
KTM,500 EXC-F,2023,0.0,500.0,10999.0
KTM,250 XC,2023,0.0,250.0,8999.0
KTM,SX-E 5,2023,0.0,565.8104089219331,4699.0
KTM,1190 Adventure,2014,13568.0,1190.0,10999.0
KTM,790 DUKE,2023,3.0,790.0,9199.0
KTM,250 XC-F,2023,0.0,250.0,7999.0
KTM,300 XC,2023,0.0,300.0,10899.0
KTM,500 EXC-F,2023,0.0,500.0,10999.0
KTM,SX-E 5,2023,0.0,565.8104089219331,5499.0
KTM,790 DUKE,2023,3.0,790.0,9199.0
KTM,500 EXC-F,2023,0.0,500.0,10999.0
KTM,500 EXC-F,2023,0.0,500.0,10999.0
KTM,690 ABS Duke,2014,11815.0,690.0,5999.0
KTM,1190 Adventure R,2014,26756.0,1190.0,9999.0
KTM,1190 Adventure,2014,22185.0,1190.0,11999.0
KTM,790 Adventure R,2019,2634.0,790.0,11450.0
KTM,RC 390 ABS,2019,767.0,390.0,6475.0
KTM,1290 SUPER DUKE R,2018,14489.0,1290.0,10999.0
KTM,390DUKE,2018,1497.0,390.0,5201.0
KTM,390 Duke,2018,4197.0,390.0,5000.0
KTM,1090 Adventure R,2018,11391.0,1090.0,11999.0
KTM,1290 SUPER ADVENTURE R,2018,5200.0,1290.0,14750.0
KTM,450 XC-F,2018,299.0,450.0,5995.0
KTM,1290 SUPER ADVENTURE R,2018,14391.0,1290.0,12495.0
KTM,690 DUKE,2017,17300.0,690.0,6999.0
KTM,RC390,2017,18554.0,390.0,3999.0
KTM,1290 SUPER DUKE GT,2017,4916.0,1290.0,13999.0
KTM,50 SX,2016,5.0,50.0,2468.0
KTM,1290 Super Adventure,2016,10179.0,1290.0,12999.0
KTM,1290 Super Adventure,2015,27195.0,1290.0,12987.0
KTM,500 EXC-F,2023,0.0,500.0,10999.0
KTM,1290 Super Duke R,2019,7418.0,1290.0,16901.0
KTM,500 EXC-F,2023,0.0,500.0,10999.0
KTM,50 SX,2023,0.0,50.0,3499.0
KTM,500 EXC-F SIX DAYS,2023,0.0,500.0,11990.0
KTM,125 SX,2023,0.0,125.0,7949.0
KTM,250 XC-W,2023,0.0,250.0,10799.0
KTM,250 XC-W,2023,0.0,250.0,10799.0
KTM,450 XC-F,2023,0.0,450.0,11649.0
KTM,250 XC-W,2023,0.0,250.0,10799.0
KTM,890 ADVENTURE R,2023,5.0,890.0,15199.0
KTM,250 XC-W,2023,0.0,250.0,10799.0
KTM,450 XC-F,2023,0.0,450.0,11649.0
KTM,250 XC-W,2023,0.0,250.0,10799.0
KTM,250 XC-W,2023,0.0,250.0,10799.0
KTM,450 XC-F,2023,0.0,450.0,11649.0
KTM,250 XC-F,2023,0.0,250.0,10399.0
KTM,SX-E 3,2023,0.0,565.8104089219331,4897.0
KTM,250 XC-W,2023,0.0,250.0,10799.0
KTM,250 XC-W,2023,0.0,250.0,10799.0
KTM,500 EXC-F SIX DAYS,2023,0.0,500.0,11990.0
KTM,450 XC-F,2023,0.0,450.0,11649.0
KTM,350 SX-F,2023,0.0,350.0,8499.0
KTM,350 XC-F,2023,0.0,350.0,7999.0
KTM,500 EXC-F,2023,1.0,500.0,10999.0
KTM,500 EXC-F,2023,0.0,500.0,10999.0
KTM,250 SX-F,2023,0.0,250.0,9999.0
KTM,790 DUKE,2023,5.0,790.0,9199.0
KTM,250 SX-F,2023,0.0,250.0,9999.0
KTM,250 SX-F,2023,0.0,250.0,9999.0
KTM,250 SX-F,2023,0.0,250.0,9999.0
KTM,250 SX-F,2023,0.0,250.0,9999.0
KTM,250 SX-F,2023,0.0,250.0,9999.0
KTM,1290 SUPER DUKE R EVO,2023,0.0,1290.0,20399.0
KTM,250 XC-W,2023,0.0,250.0,10799.0
KTM,250 XC-F,2023,0.0,250.0,10399.0
KTM,250 XC-W,2023,0.0,250.0,10799.0
KTM,450 SX-F,2023,0.0,450.0,10489.0
KTM,350 EXC-F,2019,1669.0,350.0,8138.0
KTM,RC 390,2020,2194.0,390.0,4199.0
KTM,450 SX-F Factory Edition,2020,41.0,450.0,9599.0
KTM,450 SX-F,2024,0.0,450.0,11099.0
KTM,350 XC-F,2024,1.0,350.0,11649.0
KTM,350 SX-F,2024,0.0,350.0,10899.0
KTM,300 XC,2024,0.0,300.0,11299.0
KTM,300 XC,2024,3.0,300.0,11299.0
KTM,300 XC,2024,3.0,300.0,11299.0
KTM,450 SX-F,2024,1.0,450.0,11099.0
KTM,300 SX,2024,3.0,300.0,9399.0
KTM,350 SX-F,2024,0.0,350.0,10899.0
KTM,300 SX,2024,0.0,300.0,9399.0
KTM,450 SX-F,2024,0.0,450.0,11099.0
KTM,450 SX-F,2024,0.0,450.0,11099.0
KTM,350 SX-F,2024,3.0,350.0,10899.0
KTM,300 SX,2024,0.0,300.0,9399.0
KTM,300 XC,2024,0.0,300.0,11299.0
KTM,350 SX-F,2024,0.0,350.0,10899.0
KTM,350 SX-F,2024,0.0,350.0,10899.0
KTM,250 SX,2024,0.0,250.0,9149.0
KTM,350 XC-F,2024,1.0,350.0,11649.0
KTM,450 SX-F,2024,0.0,450.0,11099.0
KTM,350 SX-F,2024,1.0,350.0,10899.0
KTM,250 SX,2024,3.0,250.0,9149.0
KTM,350 XC-F,2023,0.0,350.0,8599.0
KTM,350 XC-F,2024,0.0,350.0,11649.0
KTM,350 SX-F,2024,0.0,350.0,10899.0
KTM,350 XC-F,2024,0.0,350.0,11649.0
KTM,350 SX-F,2024,0.0,350.0,10899.0
KTM,300 XC,2024,0.0,300.0,11299.0
KTM,350 SX-F,2024,0.0,350.0,10899.0
KTM,350 SX-F,2024,1.0,350.0,10899.0
KTM,300 XC,2024,1.0,300.0,11299.0
KTM,300 XC,2024,0.0,300.0,11299.0
KTM,300 XC,2024,0.0,300.0,11299.0
KTM,250 SX,2024,0.0,250.0,9149.0
KTM,350 SX-F,2024,0.0,350.0,10899.0
KTM,450 SX-F,2024,1.0,450.0,11099.0
KTM,350 SX-F,2024,0.0,350.0,10899.0
KTM,250 XC TPI XC-W TPI,2022,0.0,250.0,10077.0
KTM,250 XC-W TPI,2022,0.0,250.0,10077.0
KTM,RC 390,2022,5.0,390.0,4588.0
KTM,450 XC-F,2022,0.0,450.0,9399.0
KTM,390 Duke,2022,2900.0,390.0,5499.0
KTM,RC 390,2022,0.0,390.0,5448.0
KTM,890 Adventure,2022,605.0,890.0,13298.0
KTM,390 Adventure,2022,0.0,390.0,5958.0
KTM,390 Adventure,2022,0.0,390.0,5958.0
KTM,450 XC-F,2022,0.0,450.0,9399.0
KTM,890 Duke GP,2022,0.0,890.0,11488.0
KTM,250 XC-W TPI,2022,0.0,250.0,9977.0
KTM,RC 390,2022,2.0,390.0,5799.0
KTM,390 Adventure,2022,2.0,390.0,6799.0
KTM,350 EXC-F STREET LEGAL 350 F,2020,1354.0,350.0,8490.0
KTM,1290 Super Adventure R,2022,0.0,1290.0,19499.0
KTM,125 XC,2023,0.0,125.0,6299.0
KTM,RC 390,2022,0.0,390.0,5448.0
KTM,390 Duke,2022,210.0,390.0,5585.0
KTM,300 SX,2024,0.0,300.0,9399.0
KTM,350 SX-F,2024,0.0,350.0,10899.0
KTM,450 SX-F,2024,1.0,450.0,11099.0
KTM,SX-E 3,2024,0.0,565.8104089219331,5099.0
KTM,SX-E 3,2024,0.0,565.8104089219331,5099.0
KTM,890 Duke,2022,1.0,890.0,10999.0
KTM,890 DUKE GP,2022,3.0,890.0,7995.0
KTM,390 Adventure,2022,0.0,390.0,6799.0
KTM,1290 Super Duke R EVO,2022,0.0,1290.0,18599.0
KTM,390 Adventure,2022,0.0,390.0,6799.0
KTM,350 SX-F,2022,20.0,350.0,8485.0
KTM,RC 390,2022,0.0,390.0,4799.0
KTM,1290 Super Duke R EVO,2022,0.0,1290.0,15999.0
KTM,390 DUKE,2022,1.0,390.0,5799.0
KTM,RC 390,2022,0.0,390.0,4799.0
KTM,RC 390,2022,0.0,390.0,4799.0
KTM,350 EXC-F,2023,0.0,350.0,9649.0
KTM,450 SX-F,2024,0.0,450.0,11099.0
KTM,250 SX-F,2023,0.0,250.0,6999.0
KTM,450 XCF-W,2023,1.0,450.0,11649.0
KTM,85 SX 17/14,2023,0.0,85.0,5049.0
KTM,65 SX,2023,0.0,65.0,4799.0
KTM,KTM 500 EXC-F SIX DAYS,2023,2.0,500.0,13549.0
KTM,65 SX,2023,0.0,65.0,4999.0
KTM,690 SMC R ENDURO R,2023,0.0,690.0,12999.0
KTM,250 SX-F,2022,40.0,250.0,6899.0
KTM,500 EXC-F,2023,0.0,500.0,12549.0
KTM,500 XC-W,2014,3700.0,500.0,6599.0
KTM,1290 Super Adventure,2015,30442.0,1290.0,12997.0
KTM,250 XC,2016,7500.0,250.0,5200.0
KTM,Super Adventure 1290,2018,11200.0,1290.0,13000.0
KTM,SUPER ADVENTURE 1290 R,2018,20734.0,1290.0,14950.0
KTM,790 DUKE,2020,6492.0,790.0,9500.0
KTM,500 EXC-F,2023,1.0,500.0,14999.0
KTM,390 Adventure,2022,1.0,390.0,6999.0
KTM,390 Adventure,2022,1.0,390.0,6999.0
KTM,790 Duke,2020,2453.0,790.0,9477.0
KTM,350 XC-F,2021,0.0,350.0,9899.0
KTM,390 Duke,2022,1355.0,390.0,5495.0
KTM,890 Duke,2022,1.0,890.0,10499.0
KTM,65 SX,2022,100.0,65.0,4600.0
KTM,350 XC-F,2023,1.0,350.0,11399.0
KTM,890 Adventure,2023,0.0,890.0,13949.0
KTM,890 Adventure,2023,0.0,890.0,13949.0
KTM,890 Adventure,2023,0.0,890.0,13949.0
KTM,200 Duke,2023,0.0,200.0,4199.0
KTM,200 Duke,2023,0.0,200.0,4199.0
KTM,Super Adventure 1290,2015,52525.0,1290.0,8495.0
KTM,1290 Super Duke GT,2017,31115.0,1290.0,9998.0
KTM,1290 Super Duke,2017,4548.0,1290.0,15488.0
KTM,450 EXC-F SIX DAYS,2019,596.0,450.0,10685.0
KTM,790 DUKE,2020,2421.0,790.0,8200.0
KTM,390 ADVENTURE,2022,0.0,390.0,6799.0
KTM,250 XC-W TPI,2019,262.0,250.0,9000.0
KTM,390 ADVENTURE,2022,0.0,390.0,6599.0
KTM,250 SX-F,2023,1.0,250.0,8249.0
KTM,200 Duke,2022,0.0,200.0,2999.0
KTM,125 XC,2023,0.0,125.0,6249.0
KTM,690 Enduro R,2023,1.0,690.0,12999.0
KTM,350 EXC-F,2023,0.0,350.0,10649.0
KTM,250 SX-F,2023,0.0,250.0,5999.0
KTM,890 Adventure R,2023,0.0,890.0,15199.0
KTM,1290 Super Duke R EVO,2022,0.0,1290.0,15999.0
KTM,125 XC,2023,0.0,125.0,8249.0
KTM,450 XC-F,2023,0.0,450.0,9995.0
KTM,1290 Super Duke R,2019,4999.0,1290.0,14995.0
KTM,500,2019,346.0,500.0,10500.0
KTM,1290 Super Duke GT,2020,7177.0,1290.0,15990.0
KTM,790 ADVENTURE R RALLY,2020,5991.0,790.0,20700.0
KTM,350 XC-F,2022,14.0,350.0,8750.0
KTM,390 ADVENTURE,2023,3.0,390.0,7399.0
KTM,790 Duke,2019,8424.0,790.0,8990.0
KTM,1290 Super Adventure S,2019,3757.0,1290.0,14790.0
KTM,1090 ADVENTURE R,2018,5300.0,1090.0,10900.0
KTM,690 ENDURO R,2023,2.0,690.0,12995.0
KTM,250 SX-F,2023,1.0,250.0,8249.0
KTM,300 XC,2023,0.0,300.0,9487.0
KTM,450 SX-F,2023,0.0,450.0,9030.0
KTM,SUPER DUKE 1290 R,2017,4804.0,1290.0,12999.0
KTM,790 ADVENTURE,2020,7000.0,790.0,12000.0
KTM,450 XC-F,2021,0.0,450.0,6982.0
KTM,RC 390,2022,3.0,390.0,5669.0
KTM,390 ADVENTURE,2022,0.0,390.0,6799.0
KTM,390 ADVENTURE,2022,0.0,390.0,5999.0
KTM,390 ADVENTURE,2022,0.0,390.0,5999.0
KTM,300 XC-W,2023,0.0,300.0,8999.0
KTM,450 SX-F,2023,1.0,450.0,10899.0
KTM,450 SX-F,2023,1.0,450.0,10899.0
KTM,1190 Adventure R,2014,14889.0,1190.0,11995.0
KTM,125 SX,2023,1.0,125.0,7199.0
KTM,DUKE 390,2017,1524.0,390.0,4799.0
KTM,RC 390,2015,10893.0,390.0,4838.0
KTM,390 Adventure,2023,0.0,390.0,7399.0
KTM,500 EXC-F,2018,3900.0,500.0,7500.0
KTM,SUPER ADVENTURE 1290 R,2018,467.0,1290.0,16000.0
KTM,790 DUKE,2019,11500.0,790.0,6200.0
KTM,790 ADVENTURE R,2020,8000.0,790.0,11500.0
KTM,890 Duke GP,2022,1.0,890.0,9999.0
KTM,RC390,2022,2.0,390.0,4799.0
KTM,1090 Adventure R,2018,3307.0,1090.0,12987.0
KTM,390 Adventure,2022,1.0,390.0,5799.0
KTM,300 XC TPI,2022,19.0,300.0,9390.0
KTM,ADVENTURE 390,2022,0.0,390.0,5799.0
KTM,125 XC,2023,1.0,125.0,6749.0
KTM,250 XC-F,2023,0.0,250.0,8299.0
KTM,250 XC,2023,1.0,250.0,9299.0
KTM,150 XC-W,2023,0.0,150.0,9799.0
KTM,RC 390,2022,0.0,390.0,4294.0
KTM,1090 ADVENTURE R,2017,2544.0,1090.0,10800.0
KTM,350 EXC-F,2012,220.0,350.0,8500.0
KTM,690 ENDURO R,2023,0.0,690.0,12999.0
KTM,1290 Super Adventure R,2023,0.0,1290.0,20299.0
KTM,1290 Super Adventure S,2023,1.0,1290.0,20299.0
KTM,250 250,2016,919.0,250.0,5000.0
KTM,1290 SUPER DUKE R,2018,1077.0,1290.0,13999.0
KTM,500 EXC-F,2023,0.0,500.0,11049.0
KTM,SMC 690 R,2023,0.0,690.0,12999.0
KTM,450 SX-F,2023,1.0,450.0,7988.0
KTM,890 Adventure R,2023,5.0,890.0,15199.0
KTM,250 XC-W,2023,0.0,250.0,8500.0
KTM,890 Adventure R,2023,5.0,890.0,15199.0
KTM,EXC-F 350 350 F,2023,3.0,350.0,8994.0
KTM,350 EXC-F,2023,5.0,350.0,10500.0
KTM,890 Adventure R,2023,0.0,890.0,15199.0
KTM,500 EXC-F SIX DAYS USA 500 SIX DAYS,2023,0.0,500.0,12295.0
KTM,ADVENTURE 890 R,2023,0.0,890.0,15199.0
KTM,500 EXC-F,2023,0.0,500.0,12549.0
KTM,390 Adventure,2023,0.0,390.0,7399.0
KTM,450 SX-F,2023,0.0,450.0,8899.0
KTM,350 SX-F,2023,1.0,350.0,9199.0
KTM,Freeride E-XC,2023,0.0,565.8104089219331,8999.0
KTM,250 XC-W,2023,0.0,250.0,8799.0
KTM,390 DUKE,2017,14200.0,390.0,4350.0
KTM,350 EXC-F,2020,350.0,350.0,11995.0
KTM,RC 390,2022,5.0,390.0,5799.0
KTM,390 Adventure,2022,1.0,390.0,6799.0
KTM,300 XC TPI,2022,0.0,300.0,8999.0
KTM,350 EXC-F,2023,5.0,350.0,12149.0
KTM,690 SMC R ENDURO R,2023,0.0,690.0,12999.0
KTM,500 EXC-F,2023,1.0,500.0,9549.0
KTM,450 SX-F,2023,0.0,450.0,7999.0
KTM,1290 SUPER DUKE R,2023,3.0,1290.0,20399.0
KTM,SX 250,2023,3.0,250.0,6994.0
KTM,390 Adventure,2023,1.0,390.0,7399.0
KTM,390 Adventure,2023,1.0,390.0,7399.0
KTM,85 SX 17/14,2023,0.0,85.0,5399.0
KTM,500 EXC-F,2023,0.0,500.0,11049.0
KTM,450 SX-F,2023,0.0,450.0,10899.0
KTM,1290 Super Adventure S,2023,0.0,1290.0,20299.0
KTM,990 ADVENTURE,2007,12252.0,990.0,6990.0
KTM,450 XCF-W,2008,3408.0,450.0,4400.0
KTM,690 DUKE,2014,8262.0,690.0,6000.0
KTM,1190 ADVENTURE R,2015,7911.0,1190.0,11500.0
KTM,1290 Super Adventure,2016,16187.0,1290.0,13999.0
KTM,1090 ADVENTURE R,2018,18000.0,1090.0,13500.0
KTM,Adventure 390,2020,1960.0,390.0,4998.0
KTM,450 XC-F,2022,0.0,450.0,8999.0
KTM,RC 390,2022,0.0,390.0,4799.0
KTM,890 Duke GP,2022,0.0,890.0,10499.0
KTM,250 XC TPI XC-W TPI,2022,0.0,250.0,8599.0
KTM,Freeride E-XC,2022,12.0,565.8104089219331,9150.0
KTM,250 XC,2023,0.0,250.0,8599.0
KTM,150 XC-W,2023,0.0,150.0,7699.0
KTM,500 EXC-F,2023,5.0,500.0,12549.0
KTM,500 EXC-F Six Days,2023,0.0,500.0,12499.0
KTM,500 EXC-F,2023,0.0,500.0,11049.0
KTM,450 SX-F Factory Edition,2023,0.0,450.0,12099.0
KTM,950 SUPERMOTO ORANGE,2007,19500.0,950.0,5800.0
KTM,250 SX,2023,0.0,250.0,8949.0
KTM,450 XCF-W,2023,0.0,450.0,11649.0
KTM,65 SX,2023,0.0,65.0,4499.0
KTM,150 XC-W,2023,0.0,150.0,7799.0
KTM,65 SX,2023,0.0,65.0,5499.0
KTM,65 SX,2023,0.0,65.0,5499.0
KTM,150 XC-W,2023,0.0,150.0,6995.0
KTM,450 XCF-W,2023,0.0,450.0,9649.0
KTM,150 XC-W,2023,0.0,150.0,7799.0
KTM,65 SX,2023,0.0,65.0,4699.0
KTM,150 XC-W,2023,0.0,150.0,7799.0
KTM,450 XCF-W,2023,0.0,450.0,10149.0
KTM,450 XCF-W,2023,0.0,450.0,11649.0
KTM,350 SX F SX-F,2023,0.0,350.0,10699.0
KTM,150 XC-W,2023,0.0,150.0,7799.0
KTM,1290 Super Duke R ABS 1290 R ABS,2015,5527.0,1290.0,9578.0
KTM,1290 Super Adventure,2015,28699.0,1290.0,11948.0
KTM,1290 Super Adventure S,2019,11145.0,1290.0,12498.0
KTM,890 ADVENTURE,2023,1.0,890.0,13949.0
KTM,450 SX-F,2023,0.0,450.0,8899.0
KTM,125 XC,2022,86.0,125.0,6795.0
KTM,450 XC-F,2022,0.0,450.0,11149.0
KTM,300 XC-W TPI,2022,0.0,300.0,10899.0
KTM,890 Duke,2022,1.0,890.0,9299.0
KTM,500 EXC-F Six Days,2022,0.0,500.0,13299.0
KTM,1290 Super Duke R EVO,2022,1.0,1290.0,15996.0
KTM,150 XC-W TPI,2022,0.0,150.0,9599.0
KTM,150 XC-W TPI,2022,1.0,150.0,9077.0
KTM,890 ADVENTURE,2021,1643.0,890.0,12099.0
KTM,1290 Super Duke GT,2020,10502.0,1290.0,14738.0
KTM,1290 Super Adventure S,2020,2759.0,1290.0,17599.0
KTM,1290 Super Duke GT,2020,3816.0,1290.0,16499.0
KTM,Super Adventure S,2020,825.0,565.8104089219331,15990.0
KTM,65 SX,2023,0.0,65.0,3999.0
KTM,1290 SUPER DUKE GT,2019,10336.0,1290.0,14994.0
KTM,250 XC-W,2023,0.0,250.0,7876.0
KTM,150 XC-W,2023,0.0,150.0,7799.0
KTM,250 XC,2023,0.0,250.0,7999.0
KTM,85 SX 17/14,2023,0.0,85.0,5599.0
KTM,250 XC,2023,0.0,250.0,7999.0
KTM,250 XC,2023,0.0,250.0,9299.0
KTM,250 XC,2023,0.0,250.0,7999.0
KTM,250 SX-F,2023,0.0,250.0,6999.0
KTM,250 XC-W,2023,0.0,250.0,10799.0
KTM,250 XC,2023,0.0,250.0,10799.0
KTM,300 XC,2023,0.0,300.0,11099.0
KTM,250 SX-F,2023,0.0,250.0,6999.0
KTM,250 XC-W,2023,0.0,250.0,9299.0
KTM,390 Adventure,2023,0.0,390.0,7399.0
KTM,250 XC,2023,0.0,250.0,7999.0
KTM,250 XC,2023,0.0,250.0,7999.0
KTM,85 SX 17/14,2023,0.0,85.0,4999.0
KTM,85 SX 17/14,2023,0.0,85.0,4999.0
KTM,85 SX 17/14,2023,0.0,85.0,4999.0
KTM,250 SX-F,2023,0.0,250.0,9999.0
KTM,125 XC,2023,0.0,125.0,6299.0
KTM,300 XC,2023,0.0,300.0,9349.0
KTM,250 XC,2023,0.0,250.0,7949.0
KTM,300 XC,2023,0.0,300.0,9349.0
KTM,250 XC,2023,0.0,250.0,9299.0
KTM,125 XC,2023,0.0,125.0,6749.0
KTM,85 SX 17/14,2023,0.0,85.0,4999.0
KTM,125 XC,2023,0.0,125.0,6299.0
KTM,250 XC,2023,0.0,250.0,9299.0
KTM,125 XC,2023,0.0,125.0,6749.0
KTM,125 SX,2023,0.0,125.0,7949.0
KTM,350 EXC-F,2023,0.0,350.0,9649.0
KTM,1290 Super Adventure S,2023,1.0,1290.0,20299.0
KTM,85 SX 17/14,2023,0.0,85.0,4999.0
KTM,450 XC-F,2023,0.0,450.0,8749.0
KTM,250 SX,2023,0.0,250.0,8949.0
KTM,SMC 690 R,2019,5796.0,690.0,10999.0
KTM,250 SX-F,2023,0.0,250.0,6999.0
KTM,350 XC-F,2020,57.0,350.0,7995.0
KTM,890 Duke R,2021,3638.0,890.0,9499.0
KTM,RC 390,2022,0.0,390.0,4799.0
KTM,RC 390,2022,0.0,390.0,4799.0
KTM,450 SX-F,2023,0.0,450.0,8399.0
KTM,890 Duke R,2023,0.0,890.0,12949.0
KTM,690 ENDURO R,2014,6059.0,690.0,8500.0
KTM,1190 Adventure R,2016,18307.0,1190.0,9699.0
KTM,1290 SUPER DUKE GT,2019,5292.0,1290.0,15200.0
KTM,1290 Super Duke GT,2019,8807.0,1290.0,15899.0
KTM,390 Duke,2019,1800.0,390.0,4990.0
KTM,450 SX-F,2020,55.0,450.0,6795.0
KTM,790 Adventure R,2020,13970.0,790.0,10999.0
KTM,RC 390,2022,1.0,390.0,4999.0
KTM,1290 Super Duke R EVO,2022,859.0,1290.0,18495.0
KTM,690 Enduro R,2023,5.0,690.0,12999.0
KTM,1290 Super Duke R,2019,26315.0,1290.0,13278.0
KTM,890 Adventure R,2023,0.0,890.0,15199.0
KTM,690 ENDURO R,2015,15333.0,690.0,9000.0
KTM,790 DUKE,2020,105.0,790.0,11000.0
KTM,350 EXC-F,2018,924.0,350.0,10000.0
KTM,790 Duke,2019,19683.0,790.0,5499.0
KTM,DUKE 390 ABS,2020,1056.0,390.0,5200.0
KTM,350 EXC-F,2018,485.0,350.0,9500.0
KTM,890 ADVENTURE R RALLY 890 R RALLY,2021,14257.0,890.0,18500.0
KTM,300 SX,2024,0.0,300.0,9399.0
KTM,990 ADVENTURE DAKAR,2008,22213.0,990.0,9000.0
KTM,350 EXC-F,2018,222.0,350.0,9250.0
KTM,790 Duke,2019,2522.0,790.0,7999.0
KTM,890 Adventure R UNLOCKED,2021,5188.0,890.0,15795.0
KTM,300 XC-W TPI,2022,0.0,300.0,10899.0
KTM,690 Duke,2014,15319.0,690.0,7990.0
KTM,1290 Super Duke GT,2017,5839.0,1290.0,13999.0
KTM,690 DUKE,2018,9661.0,690.0,9999.0
KTM,790 Adventure R,2019,15410.0,790.0,9899.0
KTM,300 XC-W Erzbergrodeo 300 W ERZBERGRODEO,2023,0.0,300.0,12149.0
KTM,RC 390,2022,5.0,390.0,4588.0
KTM,RC 390,2022,0.0,390.0,4799.0
KTM,390 Adventure,2022,1.0,390.0,5799.0
KTM,1090 ADVENTURE R,2018,14640.0,1090.0,13500.0
KTM,1290 SUPER ADVENTURE S,2020,2000.0,1290.0,16500.0
KTM,SMC 690 R,2021,2327.0,690.0,11000.0
KTM,ADVENTURE 890 R,2022,3.0,890.0,16994.0
KTM,200 Duke,2021,3256.0,200.0,3999.0
KTM,ADVENTURE 1190,2014,3500.0,1190.0,9975.0
KTM,890 Adventure R,2023,0.0,890.0,15199.0
KTM,1290 SUPER ADVENTURE R,2019,7300.0,1290.0,11500.0
KTM,1090 ADVENTURE R,2018,4882.0,1090.0,13950.0
KTM,RC 390,2022,1679.0,390.0,5499.0
KTM,DUKE 390 ABS,2018,5560.0,390.0,5299.0
KTM,390 DUKE,2018,3400.0,390.0,5694.0
KTM,SUPER DUKE 1290 R,2015,14833.0,1290.0,13500.0
KTM,790 DUKE,2019,35.0,790.0,9586.0
KTM,620,1995,2220.0,620.0,8000.0
KTM,1290 Super Duke GT,2017,14050.0,1290.0,11896.0
KTM,350 XC-F,2022,12.0,350.0,10700.0
KTM,1290 SUPER ADVENTURE R,2017,8741.0,1290.0,14600.0
KTM,790 ADVENTURE R,2020,4900.0,790.0,11000.0
KTM,1190 ADVENTURE R,2014,19540.0,1190.0,12000.0
KTM,1190 ADVENTURE,2014,22994.0,1190.0,9000.0
KTM,390 Adventure,2022,0.0,390.0,5799.0
KTM,1290 SUPER DUKE R,2014,4460.0,1290.0,9995.0
KTM,1290 Super Adventure R,2019,22546.0,1290.0,11799.0
KTM,1290 Super Duke R,2020,3032.0,1290.0,17990.0
KTM,690 ENDURO R,2014,14355.0,690.0,6900.0
KTM,300 XC,2024,0.0,300.0,11299.0
KTM,790 Duke,2020,2992.0,790.0,8199.0
KTM,890 ADVENTURE R,2021,3978.0,890.0,16550.0
KTM,890 ADVENTURE,2023,0.0,890.0,13949.0
KTM,1090,2017,6224.0,1090.0,13500.0
KTM,SUPER ADVENTURE 1290 R,2020,3389.0,1290.0,16500.0
KTM,350 XC-F Enduro,2022,84.0,350.0,7995.0
KTM,790 Duke,2020,1896.0,790.0,8999.0
Royal,Classic 350 Halcyon Green,2023,0.0,350.0,4599.0
Royal,Classic 350 Halcyon Black,2022,0.0,350.0,4499.0
Royal,Continental GT 650 Mr.Clean BASE,2023,0.0,650.0,7149.0
Royal,Continental GT 650 British Racing Green,2023,0.0,650.0,6349.0
Royal,INT650,2022,630.0,650.0,6199.0
Royal,INT650,2022,0.0,650.0,6299.0
Royal,INT650,2022,0.0,650.0,5999.0
Royal,HIMALAYAN,2021,607.0,496.3211462450593,4999.0
Royal,Classic 350 Halcyon Black,2022,0.0,350.0,4499.0
Royal,Himalayan Gravel Grey,2022,0.0,496.3211462450593,4949.0
Royal,Himalayan Gravel Grey,2022,0.0,496.3211462450593,4949.0
Royal,Classic 350 Halcyon Grey,2022,3.0,350.0,3999.0
Royal,Continental GT British Racing Green,2022,0.0,496.3211462450593,5999.0
Royal,Himalayan Gravel Grey,2022,4.0,496.3211462450593,4649.0
Royal,INT650 Canyon Red,2023,0.0,650.0,6149.0
Royal,Classic 350,2022,5.0,350.0,4599.0
Royal,INT 650,2023,0.0,650.0,6924.0
Royal,INT650,2022,3.0,650.0,6199.0
Royal,SCRAM 411,2023,0.0,411.0,5874.0
Royal,Himalayan Granite Black,2021,1432.0,496.3211462450593,4299.0
Royal,INT650,2022,1.0,650.0,5825.0
Royal,INT650,2022,0.0,650.0,5999.0
Royal,INT650,2022,0.0,650.0,6099.0
Royal,INT650,2022,5.0,650.0,6199.0
Royal,INT650,2022,3.0,650.0,6199.0
Royal,INT650,2022,0.0,650.0,5999.0
Royal,Meteor,2023,2.0,496.3211462450593,5249.0
Royal,INT650,2022,5.0,650.0,5495.0
Royal,INT650,2022,5.0,650.0,5495.0
Royal,Int650 Ravishing Red,2021,2018.0,650.0,4991.0
Royal,METEOR 350,2023,0.0,350.0,5574.0
Royal,Classic,2023,2.0,496.3211462450593,5049.0
Royal,CLASSIC 350,2023,0.0,350.0,5474.0
Royal,HIMALAYAN ABS,2023,0.0,496.3211462450593,6274.0
Royal,METEOR 350,2023,0.0,350.0,5474.0
Royal,INT650,2022,1.0,650.0,6699.0
Royal,Classic 500 Army,2018,2670.0,500.0,6999.0
Royal,Meteor 350,2023,0.0,350.0,4899.0
Royal,Classic 350 Chrome Red,2023,0.0,350.0,4799.0
Royal,Continental GT British Green,2022,1.0,496.3211462450593,6199.0
Royal,Continental GT Mr. Clean,2022,0.0,496.3211462450593,6499.0
Royal,Continental GT Mr. Clean,2022,0.0,496.3211462450593,6499.0
Royal,Continental GT Dux Deluxe,2022,0.0,496.3211462450593,5999.0
Royal,Int650 Canyon Red,2022,1.0,650.0,5999.0
Royal,Continental GT Rocker Red,2022,0.0,496.3211462450593,5899.0
Royal,Int650 Baker Express,2021,2630.0,650.0,5495.0
Royal,Continental GT 650,2023,6.0,650.0,6349.0
Royal,Meteor 350,2023,0.0,350.0,4799.0
Royal,Meteor 350,2023,5.0,350.0,4699.0
Royal,Meteor 350,2023,3.0,350.0,4899.0
Royal,Meteor 350,2023,3.0,350.0,4899.0
Royal,Himalayan,2023,3.0,496.3211462450593,5449.0
Royal,INT650,2022,0.0,650.0,6799.0
Royal,Meteor 350,2023,0.0,350.0,4899.0
Royal,Himalayan Pine Green,2022,0.0,496.3211462450593,5299.0
Royal,Scram 411 Silver Spirit,2023,0.0,411.0,5099.0
Royal,Scram 411 Blazing Black,2023,0.0,411.0,5099.0
Royal,Scram 411 Skyline Blue,2023,0.0,411.0,5099.0
Royal,INT650 Downtown Drag,2023,0.0,650.0,6349.0
Royal,INT650 Orange Crush,2023,0.0,650.0,6149.0
Royal,Scram 411,2023,10.0,411.0,5099.0
Royal,CONTINENTAL GT 650,2023,10.0,650.0,6349.0
Royal,Himalayan,2022,1.0,496.3211462450593,4830.0
Royal,Himalayan,2022,1.0,496.3211462450593,4935.0
Royal,Int650 Canyon Red,2022,1.0,650.0,5399.0
Royal,Meteor 350,2023,5.0,350.0,4699.0
Royal,Int650 Canyon Red,2022,1.0,650.0,5399.0
Royal,Int650 Canyon Red,2022,1.0,650.0,5399.0
Royal,Int650 Canyon Red,2022,1.0,650.0,5399.0
Royal,Himalayan Rock Red,2022,0.0,496.3211462450593,5299.0
Royal,Himalayan Mirage Silver,2022,0.0,496.3211462450593,5299.0
Royal,Himalayan,2023,5.0,496.3211462450593,5550.0
Royal,Scram 411 Graphite Blue,2023,0.0,411.0,5099.0
Royal,Meteor 350 Supernova Blue,2023,0.0,350.0,4899.0
Royal,Int650 Canyon Red,2022,1.0,650.0,5399.0
Royal,INT650,2022,0.0,650.0,6099.0
Royal,Himalayan,2023,3.0,496.3211462450593,5449.0
Royal,INT650,2022,0.0,650.0,6299.0
Royal,INT650 Sunset Strip,2023,0.0,650.0,6349.0
Royal,INT650,2023,1.0,650.0,6349.0
Royal,Scram 411 Silver Spirit,2023,0.0,411.0,5099.0
Royal,INT650 Mark 2,2023,0.0,650.0,6849.0
Royal,Continental GT 650 Ventura Storm,2023,0.0,650.0,6349.0
Royal,INT650,2023,9.0,650.0,6149.0
Royal,INT650,2023,5.0,650.0,6149.0
Royal,INT650,2023,0.0,650.0,6849.0
Royal,INT650,2023,5.0,650.0,6149.0
Royal,INT650,2023,3.0,650.0,6349.0
Royal,INT650,2023,0.0,650.0,6149.0
Royal,INT650,2023,1.0,650.0,6849.0
Royal,INT650,2023,1.0,650.0,6149.0
Royal,INT650,2023,0.0,650.0,6849.0
Royal,INT650,2023,0.0,650.0,6349.0
Royal,INT650 Sunset Strip,2023,0.0,650.0,6349.0
Royal,INT650,2023,5.0,650.0,6349.0
Royal,INT650,2023,3.0,650.0,6349.0
Royal,INT650,2023,0.0,650.0,6349.0
Royal,Continental GT 650,2023,5.0,650.0,6349.0
Royal,Continental GT 650,2022,3.0,650.0,6499.0
Royal,INT650,2022,0.0,650.0,6199.0
Royal,Classic 350,2022,0.0,350.0,4499.0
Royal,Continental GT 650,2022,5.0,650.0,5995.0
Royal,Classic 350,2022,0.0,350.0,4699.0
Royal,Himalayan,2023,5.0,496.3211462450593,5550.0
Royal,INT650,2023,1.0,650.0,6349.0
Royal,Continental GT 650,2023,0.0,650.0,6349.0
Royal,INT650,2023,6.0,650.0,6149.0
Royal,INT650,2023,6.0,650.0,6349.0
Royal,INT650,2023,5.0,650.0,6349.0
Royal,INT650,2023,0.0,650.0,6349.0
Royal,INT650,2023,0.0,650.0,6349.0
Royal,INT650,2023,5.0,650.0,6349.0
Royal,INT650,2023,5.0,650.0,6349.0
Royal,INT650,2023,6.0,650.0,6349.0
Royal,INT650,2022,0.0,650.0,6299.0
Royal,INT650,2023,3.0,650.0,6149.0
Royal,INT650,2023,0.0,650.0,6349.0
Royal,INT650,2022,0.0,650.0,6299.0
Royal,Continental GT Rocker Red,2022,1.0,496.3211462450593,6199.0
Royal,Himalayan Pine Green,2022,0.0,496.3211462450593,4949.0
Royal,Himalayan Pine Green,2022,0.0,496.3211462450593,4949.0
Royal,Classic 350 Signals Desert Sand,2022,0.0,350.0,4599.0
Royal,INT650,2022,0.0,650.0,6699.0
Royal,INT650,2022,4150.0,650.0,5499.0
Royal,INT650,2022,0.0,650.0,6299.0
Royal,INT650,2022,0.0,650.0,6099.0
Royal,INT650,2022,5.0,650.0,5495.0
Royal,INT650,2022,0.0,650.0,6699.0
Royal,INT650,2022,0.0,650.0,5999.0
Royal,INT650,2022,0.0,650.0,6199.0
Royal,INT650,2022,1.0,650.0,5369.0
Royal,INT650,2022,0.0,650.0,6299.0
Royal,INT650,2022,1.0,650.0,6199.0
Royal,Continental GT Dux Deluxe,2022,0.0,496.3211462450593,6499.0
Royal,INT650,2022,0.0,650.0,6299.0
Royal,INT650,2023,1.0,650.0,6349.0
Royal,INT650,2023,1.0,650.0,6349.0
Royal,INT650,2023,0.0,650.0,6149.0
Royal,INT650,2023,5.0,650.0,6349.0
Royal,INT650,2023,5.0,650.0,6349.0
Royal,INT650,2023,5.0,650.0,6149.0
Royal,INT650,2023,5.0,650.0,6849.0
Royal,INT650,2023,6.0,650.0,6849.0
Royal,INT650,2023,3.0,650.0,6349.0
Royal,INT650,2023,3.0,650.0,6849.0
Royal,INT650,2023,0.0,650.0,6349.0
Royal,INT650,2023,0.0,650.0,6849.0
Royal,INT650,2023,5.0,650.0,6349.0
Royal,INT650,2023,5.0,650.0,6349.0
Royal,INT650,2023,0.0,650.0,6349.0
Royal,INT650,2023,0.0,650.0,6149.0
Royal,INT650,2023,0.0,650.0,6149.0
Royal,INT650,2023,5.0,650.0,6849.0
Royal,Continental GT 650,2023,0.0,650.0,6649.0
Royal,Scram 411 Graphite Blue,2023,10.0,411.0,5099.0
Royal,Continental GT 650,2023,0.0,650.0,7149.0
Royal,INT650,2022,0.0,650.0,6199.0
Royal,Continental GT 650 Twin,2022,0.0,650.0,6999.0
Royal,INT650,2022,0.0,650.0,6199.0
Royal,INT650,2022,0.0,650.0,6199.0
Royal,HIMALAYAN,2022,5.0,496.3211462450593,5299.0
Royal,Continental GT Rocker Red,2022,0.0,496.3211462450593,6199.0
Royal,Continental GT Dux Deluxe,2022,1.0,496.3211462450593,6499.0
Royal,HIMALAYAN BASE,2022,1900.0,496.3211462450593,4950.0
Royal,Classic 350 Dark Stealth Black,2022,0.0,350.0,4599.0
Royal,Himalayan Mirage Silver,2022,1.0,496.3211462450593,5299.0
Royal,Continental GT Mr. Clean,2022,1.0,496.3211462450593,6999.0
Royal,Continental GT Rocker Red,2022,0.0,496.3211462450593,5899.0
Royal,Himalayan Granite Black,2022,0.0,496.3211462450593,5299.0
Royal,HIMALAYAN,2022,10.0,496.3211462450593,4799.0
Royal,Himalayan Lake Blue,2022,0.0,496.3211462450593,5299.0
Royal,Classic 350,2022,0.0,350.0,4599.0
Royal,INT650,2022,5.0,650.0,5495.0
Royal,INT650,2022,0.0,650.0,5999.0
Royal,INT650,2022,1.0,650.0,5999.0
Royal,Scram 411 Blazing Black,2023,10.0,411.0,5099.0
Royal,Continental GT 650 Dux Deluxe BASE,2023,0.0,650.0,6649.0
Royal,Scram 411 Blazing Black,2023,10.0,411.0,5099.0
Royal,Scram 411 Graphite Red,2023,30.0,411.0,4995.0
Royal,Classic 350 Chrome Bronze,2023,10.0,350.0,4799.0
Royal,Scram 411 Skyline Blue,2023,0.0,411.0,5099.0
Royal,Scram 411 Blazing Black,2023,0.0,411.0,5099.0
Royal,Classic 350 Chrome Red,2022,10.0,350.0,4699.0
Royal,METEOR 350,2023,5.0,350.0,4799.0
Royal,SCRAM 411,2023,0.0,411.0,4899.0
Royal,INTERCEPTOR 650,2022,5511.0,650.0,5988.0
Royal,INT650,2022,0.0,650.0,6099.0
Royal,INT650,2022,1.0,650.0,5999.0
Royal,INT650,2022,0.0,650.0,6099.0
Royal,INT650,2022,0.0,650.0,6099.0
Royal,INT650,2022,1.0,650.0,5999.0
Royal,Meteor 350 Fireball Yellow,2023,1.0,350.0,4699.0
Royal,Himalayan Granite Black,2023,10.0,496.3211462450593,5449.0
Royal,Meteor 350 Stellar Blue,2021,2122.0,350.0,4591.0
Royal,SCRAM 411,2023,0.0,411.0,5099.0
Royal,Himalayan,2023,5.0,496.3211462450593,5449.0
Royal,Himalayan,2023,0.0,496.3211462450593,5449.0
Royal,SCRAM 411,2023,2.0,411.0,5549.0
Royal,Himalayan,2023,5.0,496.3211462450593,5449.0
Royal,Scram 411 White Flame,2023,10.0,411.0,5099.0
Royal,Himalayan Rock Red,2023,10.0,496.3211462450593,5449.0
Royal,Scram 411 Silver Spirit,2023,1.0,411.0,5099.0
Royal,Scram 411 Graphite Blue,2023,0.0,411.0,5099.0
Royal,Scram 411 White Flame,2023,10.0,411.0,5099.0
Royal,Scram 411,2023,10.0,411.0,5099.0
Royal,HIMALAYAN HIMALAYAN,2022,0.0,496.3211462450593,5299.0
Royal,Himalayan Gravel Grey,2022,0.0,496.3211462450593,4949.0
Royal,Continental GT 650 Twin,2022,0.0,650.0,6499.0
Royal,Continental GT 650 Twin,2022,0.0,650.0,6199.0
Royal,Classic 350,2022,0.0,350.0,4699.0
Royal,Scram 411 Graphite Red,2023,3.0,411.0,5099.0
Royal,Scram 411 Graphite Blue,2023,5.0,411.0,5099.0
Royal,INT650 Orange Crush,2023,2.0,650.0,6149.0
Royal,Scram 411,2023,5.0,411.0,5099.0
Royal,Meteor 350,2023,5.0,350.0,4799.0
Royal,SCRAM 411,2023,0.0,411.0,5099.0
Royal,SCRAM 411,2023,0.0,411.0,5099.0
Royal,METEOR 350,2023,0.0,350.0,4799.0
Royal,Meteor 350,2023,0.0,350.0,4699.0
Royal,Meteor 350,2023,0.0,350.0,4799.0
Royal,Himalayan,2023,0.0,496.3211462450593,5449.0
Royal,SCRAM 411,2023,0.0,411.0,5099.0
Royal,SCRAM 411 BASE,2023,3.0,411.0,5099.0
Royal,Scram 411 White Flame,2023,2.0,411.0,5099.0
Royal,Meteor 350,2023,0.0,350.0,4699.0
Royal,Classic,2023,5.0,496.3211462450593,4799.0
Royal,SCRAM 411 BASE,2023,3.0,411.0,5099.0
Royal,Himalayan,2023,5.0,496.3211462450593,5449.0
Royal,Continental GT,2023,0.0,496.3211462450593,6649.0
Royal,Continental GT 650 Dux Deluxe BASE,2023,2.0,650.0,6649.0
Royal,Meteor 350 Stellar Black,2023,3.0,350.0,4599.0
Royal,Scram 411 Graphite Red,2023,10.0,411.0,5099.0
Royal,Scram 411 Graphite Red,2023,10.0,411.0,5099.0
Royal,Himalayan Mirage Silver,2023,8.0,496.3211462450593,5550.0
Royal,Continental GT 650,2023,3.0,650.0,6349.0
Royal,Continental GT 650,2023,0.0,650.0,6899.0
Royal,CLASSIC 350,2023,5.0,350.0,4799.0
Royal,Himalayan Rock Red,2023,0.0,496.3211462450593,5449.0
Royal,Himalayan Granite Black,2023,8.0,496.3211462450593,5550.0
Royal,Himalayan Gravel Grey,2023,0.0,496.3211462450593,5449.0
Royal,Scram 411 Graphite Yellow,2023,0.0,411.0,5099.0
Royal,Scram 411 Graphite Yellow,2023,0.0,411.0,5099.0
Royal,Scram 411 White Flame,2023,0.0,411.0,5099.0
Royal,INT650 Ventura Blue,2023,0.0,650.0,6149.0
Royal,Himalayan Gravel Grey,2023,3.0,496.3211462450593,5449.0
Royal,Himalayan Gravel Grey,2023,8.0,496.3211462450593,5550.0
Royal,Classic 350 Chrome Bronze,2023,0.0,350.0,4799.0
Royal,Meteor 350 Stellar Red,2023,0.0,350.0,4799.0
Royal,Classic 350 Chrome Red,2023,3.0,350.0,4799.0
Royal,Continental GT 650,2023,250.0,650.0,6349.0
Royal,Continental GT 650,2023,0.0,650.0,7199.0
Royal,Continental GT 650,2023,5.0,650.0,6349.0
Royal,Continental GT 650,2023,0.0,650.0,6349.0
Royal,Continental GT 650,2023,3.0,650.0,6349.0
Royal,Continental GT 650,2023,1.0,650.0,6349.0
Royal,Continental GT 650,2023,5.0,650.0,6349.0
Royal,Continental GT 650,2023,3.0,650.0,6349.0
Royal,Continental GT 650,2023,1.0,650.0,6649.0
Royal,Continental GT 650,2023,0.0,650.0,6649.0
Royal,Continental GT 650,2023,3.0,650.0,6349.0
Royal,Himalayan Lake Blue,2023,0.0,496.3211462450593,5449.0
Royal,Continental GT 650,2023,3.0,650.0,6349.0
Royal,Continental GT 650,2023,0.0,650.0,6349.0
Royal,Continental GT 650,2023,1.0,650.0,6349.0
Royal,Continental GT 650,2023,10.0,650.0,7149.0
Royal,Continental GT 650,2023,5.0,650.0,6349.0
Royal,Classic 350,2023,0.0,350.0,4599.0
Royal,Continental GT 650,2023,0.0,650.0,6349.0
Royal,Continental GT 650,2023,0.0,650.0,6349.0
Royal,Continental GT 650,2023,0.0,650.0,6649.0
Royal,Scram 411 Graphite Blue,2023,1.0,411.0,5099.0
Royal,Meteor 350 Supernova Blue,2023,2.0,350.0,4799.0
Royal,Continental GT Rocker Red,2022,0.0,496.3211462450593,6199.0
Royal,Himalayan,2023,3.0,496.3211462450593,5550.0
Royal,INT650,2023,3.0,650.0,6149.0
Royal,INT650,2023,5.0,650.0,6149.0
Royal,INT650,2023,51.0,650.0,6149.0
Royal,INT650,2023,1.0,650.0,6149.0
Royal,INT650,2023,1.0,650.0,6149.0
Royal,CONTINENTAL GT BASE,2023,3.0,496.3211462450593,6349.0
Royal,Himalayan,2023,3.0,496.3211462450593,5449.0
Royal,SCRAM 411 BASE,2023,3.0,411.0,5099.0
Royal,SCRAM 411 BASE,2023,3.0,411.0,5099.0
Royal,INT650 Mark 2,2023,3.0,650.0,6849.0
Royal,SCRAMBLER 411,2023,5.0,411.0,5099.0
Royal,SCRAMBLER 411,2023,5.0,411.0,5099.0
Royal,CONTINENTAL GT65 BASE,2023,5.0,65.0,6649.0
Royal,Classic 350 Halcyon Green,2023,10.0,350.0,4799.0
Royal,Himalayan Mirage Silver,2023,8.0,496.3211462450593,5550.0
Royal,SCRAM 411 BASE,2023,3.0,411.0,5099.0
Royal,Continental GT 650,2023,0.0,650.0,6349.0
Royal,Himalayan,2023,3.0,496.3211462450593,5449.0
Royal,Himalayan,2023,5.0,496.3211462450593,5550.0
Royal,Continental GT 650 Twin,2022,0.0,650.0,6499.0
Royal,Classic 350,2022,0.0,350.0,4499.0
Royal,Continental GT 650 Twin,2022,0.0,650.0,6499.0
Royal,Himalayan,2022,0.0,496.3211462450593,5299.0
Royal,Int650 Ventura Blue,2022,0.0,650.0,5699.0
Royal,Int650 Mark 2,2022,1.0,650.0,6699.0
Royal,Himalayan Pine Green,2022,8.0,496.3211462450593,4799.0
Royal,Himalayan,2023,3.0,496.3211462450593,5449.0
Royal,Continental GT Ventura Storm,2022,1.0,496.3211462450593,6499.0
Royal,Classic 350 Halcyon Green,2022,0.0,350.0,4499.0
Royal,Classic 350 Chrome Red,2022,1.0,350.0,4699.0
Royal,CLASSIC 350 Reborn,2022,10.0,350.0,4499.0
Royal,Continental GT 650,2021,1273.0,650.0,4995.0
Royal,METRO 350,2021,3120.0,350.0,4899.0
Royal,Himalayan Sleet Grey,2021,2173.0,496.3211462450593,3999.0
Royal,Himalayan Snow White,2021,4775.0,496.3211462450593,4799.0
Royal,Himalayan Pine Green,2022,8.0,496.3211462450593,4299.0
Royal,Scram 411 Silver Spirit,2023,3.0,411.0,5099.0
Royal,Classic 350,2023,5.0,350.0,4799.0
Royal,CLASSIC 350,2022,10.0,350.0,4599.0
Royal,Int650 Canyon Red,2022,1.0,650.0,5999.0
Royal,Continental GT Rocker Red,2022,264.0,496.3211462450593,5995.0
Royal,Meteor Stellar Blue,2022,561.0,496.3211462450593,4000.0
Royal,Meteor Stellar Blue,2022,1.0,496.3211462450593,4749.0
Royal,Continental GT Ventura Storm,2022,0.0,496.3211462450593,6099.0
Royal,Int650 Orange Crush,2022,0.0,650.0,5999.0
Royal,Himalayan Lake Blue,2022,0.0,496.3211462450593,5299.0
Royal,Himalayan Pine Green,2022,0.0,496.3211462450593,5299.0
Royal,Meteor Stellar Blue,2022,1.0,496.3211462450593,4749.0
Royal,Continental GT Rocker Red,2022,1.0,496.3211462450593,6199.0
Royal,Classic 350 Halcyon Green,2022,10.0,350.0,4149.0
Royal,Continental GT Dux Deluxe,2022,1.0,496.3211462450593,6499.0
Royal,Int650 Canyon Red,2022,0.0,650.0,5999.0
Royal,Classic 350 Halcyon Black,2022,0.0,350.0,4499.0
Royal,Classic 350,2022,0.0,350.0,4499.0
Royal,INTERCEPTOR 650,2022,11.0,650.0,7699.0
Royal,CONTINENTAL GT 650 Mr. Clean BASE,2022,0.0,650.0,6699.0
Royal,Int650 Downtown Drag,2022,0.0,650.0,6199.0
Royal,Classic 350,2022,0.0,350.0,4499.0
Royal,Continental GT Dux Deluxe,2022,1.0,496.3211462450593,6499.0
Royal,Meteor Supernova Brown,2022,8.0,496.3211462450593,3898.0
Royal,CONTINENTAL GT ROCKER RED,2022,5.0,496.3211462450593,6199.0
Royal,Classic 350,2022,0.0,350.0,4499.0
Royal,CONTINENTAL GT 650,2022,0.0,650.0,6199.0
Royal,Classic 350,2022,1.0,350.0,4599.0
Royal,CONTINENTAL GT650 SPECIAL BASE,2022,1.0,650.0,6999.0
Royal,Classic 350,2022,0.0,350.0,4499.0
Royal,CONTINENTAL GT650 ROCKER RED,2022,0.0,650.0,6199.0
Royal,Classic 350,2022,0.0,350.0,4699.0
Royal,Classic 350,2022,0.0,350.0,4699.0
Royal,Continental GT Mr. Clean,2022,1388.0,496.3211462450593,5999.0
Royal,INT650,2022,0.0,650.0,5999.0
Royal,INT650,2022,0.0,650.0,5999.0
Royal,Classic 350,2022,3.0,350.0,4599.0
Royal,Classic 350,2022,3.0,350.0,4599.0
Royal,Int650 Ventura Blue,2022,0.0,650.0,4999.0
Royal,Classic 350 Chrome Bronze,2022,0.0,350.0,4699.0
Royal,Classic 350 Halcyon Grey,2022,53.0,350.0,3999.0
Royal,Continental GT Mr. Clean,2022,8.0,496.3211462450593,5987.0
Royal,CONTINENTAL GT650 SPECIAL BASE,2022,1.0,650.0,6999.0
Royal,Classic 350,2022,3.0,350.0,4599.0
Royal,Classic 350,2022,3.0,350.0,4799.0
Royal,Scram 411 Graphite Blue,2023,0.0,411.0,5099.0
Royal,Classic 350 Chrome Red,2023,10.0,350.0,4799.0
Royal,Classic 350 Chrome Bronze,2023,10.0,350.0,4799.0
Royal,Scram 411 White Flame,2023,0.0,411.0,5099.0
Royal,Meteor 350,2023,0.0,350.0,4799.0
Royal,Continental GT,2023,0.0,496.3211462450593,6199.0
Royal,Continental GT,2023,0.0,496.3211462450593,6649.0
Royal,Meteor 350,2023,0.0,350.0,4799.0
Royal,Continental GT,2023,0.0,496.3211462450593,6199.0
Royal,INT650 Sunset Strip,2023,2.0,650.0,6349.0
Royal,Himalayan Mirage Silver,2023,1.0,496.3211462450593,5449.0
Royal,Scram 411 White Flame,2023,0.0,411.0,5099.0
Royal,Classic 350,2023,0.0,350.0,4699.0
Royal,Himalayan,2023,0.0,496.3211462450593,5449.0
Royal,INT650 Sunset Strip,2023,10.0,650.0,6349.0
Royal,Scram 411,2023,0.0,411.0,5099.0
Royal,Meteor 350,2023,0.0,350.0,4799.0
Royal,HIMALAYAN BASE,2023,3.0,496.3211462450593,5449.0
Royal,Classic 350,2022,5.0,350.0,3995.0
Royal,Scram 411 Skyline Blue,2023,5.0,411.0,5099.0
Royal,Scram 411,2023,0.0,411.0,5099.0
Royal,Classic 350,2022,0.0,350.0,4699.0
Royal,Classic 350,2022,3.0,350.0,4599.0
Royal,Classic 350,2022,5.0,350.0,4499.0
Royal,INTERCEPTOR 650 Ventura Blue,2022,10.0,650.0,5699.0
Royal,Classic 350,2022,0.0,350.0,4499.0
Royal,Classic 350,2022,0.0,350.0,4499.0
Royal,CONTINENTAL GT 650,2021,1005.0,650.0,5899.0
Royal,Himalayan Lake Blue,2021,3290.0,496.3211462450593,3995.0
Royal,Himalayan Lake Blue,2021,72.0,496.3211462450593,5897.0
Royal,Meteor 350 Stellar Blue,2021,2490.0,350.0,4799.0
Royal,Bullet Trials Works Replica 500,2020,768.0,500.0,5995.0
Royal,Int650 Silver Spectre,2020,3728.0,650.0,6499.0
Royal,Classic Battle Green,2017,2781.0,496.3211462450593,3799.0
Royal,Continental GT 650 ROCKER RED,2023,0.0,650.0,6349.0
Royal,Classic 350,2023,1.0,350.0,4799.0
Royal,Scram 411,2023,3.0,411.0,5099.0
Royal,Classic 350,2023,0.0,350.0,4599.0
Royal,HIMALAYAN BASE,2023,3.0,496.3211462450593,5449.0
Royal,Classic 350 Chrome Red,2022,1.0,350.0,4699.0
Royal,CONTINENTAL GT 650 DUX DELUXE BASE,2022,0.0,650.0,6499.0
Royal,CONTINENTAL GT650 SPECIAL BASE,2022,1.0,650.0,6999.0
Royal,Continental GT British Racing Green,2022,1.0,496.3211462450593,6199.0
Royal,Meteor Stellar Black,2022,1.0,496.3211462450593,4749.0
Royal,Continental GT Dux Deluxe,2022,2.0,496.3211462450593,5995.0
Royal,INT650,2022,10.0,650.0,5699.0
Royal,CLASSIC 350 Chrome Bronze,2022,10.0,350.0,4699.0
Royal,Classic 350 Halcyon Green,2022,850.0,350.0,3599.0
Royal,Classic 350,2022,0.0,350.0,4168.0
Royal,INTERCEPTOR 650,2022,10.0,650.0,5699.0
Royal,INT650,2021,0.0,650.0,5499.0
Royal,Continental GT 650,2021,0.0,650.0,5499.0
Royal,Himalayan Rock Red,2021,5615.0,496.3211462450593,3995.0
Royal,INT650,2023,0.0,650.0,6349.0
Royal,METEOR 350 BASE,2023,0.0,350.0,4799.0
Royal,METEOR 350 BASE,2023,3.0,350.0,4899.0
Royal,Hunter 350 Dapper White,2023,1.0,350.0,3999.0
Royal,HIMALAYAN,2023,1.0,496.3211462450593,5449.0
Royal,Continental GT,2023,0.0,496.3211462450593,6349.0
Royal,Classic 350 Chrome Red,2022,2.0,350.0,3995.0
Royal,Scram 411,2023,0.0,411.0,5099.0
Royal,Himalayan Pine Green,2022,4.0,496.3211462450593,3995.0
Royal,Classic 350 Chrome Bronze,2022,2.0,350.0,3995.0
Royal,INT650 BASE,2022,3.0,650.0,5223.0
Royal,CLASSIC 350 BASE,2022,3.0,350.0,3876.0
Royal,CLASSIC 350 BASE,2022,3.0,350.0,3876.0
Royal,CONTINENTAL GT650,2022,0.0,650.0,6499.0
Royal,CLASSIC 350 BASE,2022,3.0,350.0,3876.0
Royal,Classic 350 Halcyon Grey,2022,5.0,350.0,3995.0
Royal,CLASSIC 350 BASE,2022,3.0,350.0,3876.0
Royal,CONTINENTAL GT BASE,2022,3.0,496.3211462450593,5839.0
Royal,CLASSIC 350 US CA SIGNALS DESERT,2022,0.0,350.0,4599.0
Royal,CONTINENTAL GT 650,2022,0.0,650.0,6299.0
Royal,Continental GT Ventura Storm,2022,5.0,496.3211462450593,5995.0
Royal,Meteor Stellar Red,2022,1.0,496.3211462450593,4749.0
Royal,Continental GT Ventura Storm,2022,0.0,496.3211462450593,6499.0
Royal,Continental GT Dux Deluxe,2022,0.0,496.3211462450593,6499.0
Royal,Meteor Fireball Red,2022,1.0,496.3211462450593,4649.0
Royal,Int650 Downtown Drag,2022,1.0,650.0,6199.0
Royal,Classic 350 Chrome Red,2022,2.0,350.0,3995.0
Royal,Continental GT Rocker Red,2022,0.0,496.3211462450593,6199.0
Royal,INT650,2023,0.0,650.0,6849.0
Royal,INT650 Baker Express,2023,1.0,650.0,6349.0
Royal,Meteor 350 Stellar Blue,2023,0.0,350.0,4799.0
Royal,Hunter 350 Dapper Ash,2023,0.0,350.0,3999.0
Royal,Scram 411 Graphite Red,2023,0.0,411.0,5099.0
Royal,Himalayan Granite Black,2023,3.0,496.3211462450593,5449.0
Royal,METEOR 350,2023,10.0,350.0,4699.0
Royal,SCRAM 411,2023,2.0,411.0,5099.0
Royal,METEOR 350,2023,10.0,350.0,4799.0
Royal,Classic 350,2022,0.0,350.0,4799.0
Royal,Classic 350,2022,0.0,350.0,4499.0
Royal,Classic 350,2022,0.0,350.0,4799.0
Royal,Classic 350,2022,0.0,350.0,4499.0
Royal,Classic 350,2022,0.0,350.0,4499.0
Royal,Classic 350,2022,0.0,350.0,4499.0
Royal,Classic 350,2022,0.0,350.0,4499.0
Royal,Classic 350,2022,0.0,350.0,4699.0
Royal,Meteor Fireball Yellow,2022,4.0,496.3211462450593,4649.0
Royal,CONTINENTAL GT,2022,0.0,496.3211462450593,6199.0
Royal,CONTINENTAL GT650 SPECIAL BASE,2022,1.0,650.0,6499.0
Royal,Meteor 350 Stellar Blue,2023,10.0,350.0,4799.0
Royal,Scram 411 Skyline Blue,2023,10.0,411.0,5099.0
Royal,Himalayan Mirage Silver,2023,3.0,496.3211462450593,5449.0
Royal,Scram 411 White Flame,2023,0.0,411.0,5099.0
Royal,Scram 411 Skyline Blue,2023,0.0,411.0,5099.0
Royal,Meteor 350 Fireball Red,2023,10.0,350.0,4699.0
Royal,Meteor 350 Fireball Red,2023,2.0,350.0,4899.0
Royal,Meteor 350 Supernova Blue,2023,2.0,350.0,4799.0
Royal,INT650 Baker Express,2023,2.0,650.0,6349.0
Royal,Scram 411,2023,0.0,411.0,5099.0
Royal,Meteor 350 Fireball Red,2023,3.0,350.0,4699.0
Royal,Classic 350,2023,0.0,350.0,4799.0
Royal,Classic 350,2023,0.0,350.0,4799.0
Royal,INT650 Orange Crush,2023,8.0,650.0,5999.0
Royal,Scram 411 Graphite Red,2023,8.0,411.0,4099.0
Royal,Scram 411 Graphite Yellow,2023,0.0,411.0,5099.0
Royal,INT650 Downtown Drag,2023,3.0,650.0,6349.0
Royal,Scram 411 White Flame,2023,0.0,411.0,5099.0
Royal,Scram 411 Graphite Red,2023,0.0,411.0,5099.0
Royal,Scram 411 Skyline Blue,2023,0.0,411.0,5099.0
Royal,Scram 411 Silver Spirit,2023,10.0,411.0,5099.0
Royal,Hunter 350 Rebel Red,2023,0.0,350.0,4199.0
Royal,Classic 350 Halcyon Black,2023,8.0,350.0,4699.0
Royal,Classic 350,2023,0.0,350.0,4699.0
Royal,Scram 411,2023,0.0,411.0,5099.0
Royal,Scram 411,2023,0.0,411.0,5099.0
Royal,INT650 Ventura Blue,2023,0.0,650.0,6149.0
Royal,Classic 350 Halcyon Black,2023,1.0,350.0,4599.0
Royal,Meteor 350 Supernova Blue,2023,3.0,350.0,4899.0
Royal,Scram 411 Graphite Blue,2023,16.0,411.0,5099.0
Royal,Himalayan Rock Red,2023,0.0,496.3211462450593,6124.0
Royal,INT650 Canyon Red,2023,0.0,650.0,6824.0
Royal,Scram 411 Skyline Blue,2023,0.0,411.0,5774.0
Royal,Scram 411 White Flame,2023,0.0,411.0,5774.0
Royal,Himalayan Lake Blue,2023,0.0,496.3211462450593,6124.0
Royal,CLASSIC 350,2023,3.0,350.0,4799.0
Royal,INTERCEPTOR 650,2023,10.0,650.0,6349.0
Royal,METEOR 350,2023,2.0,350.0,4799.0
Royal,Himalayan Pine Green,2023,0.0,496.3211462450593,6124.0
Royal,METEOR 350,2023,3.0,350.0,5954.0
Royal,Scram 411 Blazing Black,2023,0.0,411.0,5774.0
Royal,Scram 411 Graphite Yellow,2023,0.0,411.0,5774.0
Royal,SCRAM 411,2023,0.0,411.0,5099.0
Royal,Classic 350 Halcyon Green,2023,1.0,350.0,4599.0
Royal,Classic 350 Reborn,2023,10.0,350.0,4599.0
Royal,INT650 Orange Crush,2023,3.0,650.0,6149.0
Royal,Continental GT 650 British Racing Green,2023,0.0,650.0,6349.0
Royal,Scram 411,2023,0.0,411.0,5099.0
Royal,Scram 411,2023,0.0,411.0,5099.0
Royal,Scram 411,2023,0.0,411.0,5099.0
Royal,SCRAM 411,2023,1.0,411.0,3999.0
Royal,Continental GT 650 Mr.Clean BASE,2023,10.0,650.0,7149.0
Royal,Continental GT 650 Rocker Red,2023,10.0,650.0,6849.0
Royal,INT650 Ventura Blue,2023,10.0,650.0,6149.0
Royal,INT650 Downtown Drag,2023,1.0,650.0,6349.0
Royal,Scram 411,2023,640.0,411.0,4995.0
Royal,SCRAM 411,2023,1.0,411.0,5099.0
Royal,SCRAM 411,2023,1.0,411.0,3999.0
Royal,SCRAM 411,2023,1.0,411.0,3999.0
Royal,INT650 Baker Express,2023,0.0,650.0,6349.0
Royal,Himalayan Mirage Silver,2023,0.0,496.3211462450593,5449.0
Royal,INT650,2023,0.0,650.0,6349.0
Royal,INT650 Canyon Red,2023,0.0,650.0,6149.0
Royal,Continental GT 650 Ventura Storm,2023,0.0,650.0,6649.0
Royal,Scram 411 Graphite Yellow,2023,0.0,411.0,5099.0
Royal,Scram 411,2023,0.0,411.0,5099.0
Royal,INTERCEPTOR 650,2023,2.0,650.0,6349.0
Royal,INTERCEPTOR 650,2023,2.0,650.0,6149.0
Royal,Continental GT British Racing Green,2022,0.0,496.3211462450593,6874.0
Royal,Int650 Downtown Drag,2022,0.0,650.0,6874.0
Royal,Continental GT 650,2022,563.0,650.0,5999.0
Royal,INT650,2022,1814.0,650.0,5495.0
Royal,INTERCEPTOR 650,2022,172.0,650.0,5999.0
Royal,CONTINENTAL GT 650,2022,0.0,650.0,6199.0
Royal,METEOR 350,2021,5717.0,350.0,4700.0
Royal,METEOR 350 SUPERNOVA,2021,1056.0,350.0,3980.0
Royal,Int650 Silver Spectre,2019,1162.0,650.0,4495.0
Royal,Himalayan,2023,6.0,496.3211462450593,5449.0
Royal,Himalayan,2023,6.0,496.3211462450593,5449.0
Royal,SCRAM 411 - GRAPHITE RED,2023,0.0,411.0,5099.0
Royal,Himalayan,2023,6.0,496.3211462450593,5449.0
Royal,Himalayan,2023,3.0,496.3211462450593,5449.0
Royal,Himalayan,2023,5.0,496.3211462450593,5550.0
Royal,Himalayan,2023,0.0,496.3211462450593,5899.0
Royal,Himalayan,2023,1.0,496.3211462450593,5550.0
Royal,Continental GT Rocked Red,2022,0.0,496.3211462450593,6874.0
Royal,Meteor 350 Stellar Red,2022,0.0,350.0,5424.0
Royal,Meteor Fireball Red,2022,0.0,496.3211462450593,5224.0
Royal,Int650 Baker Express,2022,0.0,650.0,6874.0
Royal,CONTINENTAL GT 650,2023,3.0,650.0,6349.0
Royal,CLASSIC 350 BASE,2022,3.0,350.0,4499.0
Royal,Continental GT 650 Twin Mr Clean BASE,2022,0.0,650.0,6342.0
Royal,Continental GT 650 Twin BRITISH RACING GREEN,2022,0.0,650.0,5349.0
Royal,Himalayan,2022,0.0,496.3211462450593,4799.0
Royal,Continental GT 650 Twin MR CLEAN BASE,2022,0.0,650.0,5999.0
Royal,Himalayan,2022,0.0,496.3211462450593,4999.0
Royal,Int650 Downtown Drag,2022,400.0,650.0,5799.0
Royal,Scram 411,2023,0.0,411.0,5099.0
Royal,INT 650 DOWNTOWN DRAG,2022,0.0,650.0,6199.0
Royal,Int650 Canyon Red,2022,0.0,650.0,4999.0
Royal,Meteor Stellar Red,2022,0.0,496.3211462450593,4749.0
Royal,Himalayan Pine Green,2022,0.0,496.3211462450593,5299.0
Royal,Int650 Orange Crush,2022,0.0,650.0,5999.0
Royal,Continental GT Ventura Storm,2022,0.0,496.3211462450593,7174.0
Royal,Classic 350 Signals Desert Sand,2022,657.0,350.0,4489.0
Royal,Classic 350 Halcyon Green,2022,0.0,350.0,5174.0
Royal,Classic 350 Chrome Red,2022,0.0,350.0,5374.0
Royal,INT650,2022,0.0,650.0,5798.0
Royal,INT650 BASE,2022,3.0,650.0,5223.0
Royal,Classic 350,2023,0.0,350.0,4809.0
Royal,METEOR 350 BASE,2023,3.0,350.0,4899.0
Royal,Meteor 350,2022,0.0,350.0,4749.0
Royal,INT 650,2022,1.0,650.0,11499.0
Royal,Meteor 350,2022,2.0,350.0,4649.0
Royal,Meteor 350,2022,0.0,350.0,3799.0
Royal,Twins Continental GT 650,2022,0.0,650.0,5199.0
Royal,DOWNTOWN DRAG,2022,5.0,496.3211462450593,4897.0
Royal,Meteor Fireball Yellow,2022,0.0,496.3211462450593,4399.0
Royal,Classic 350 Signals Desert Sand,2022,0.0,350.0,4599.0
Royal,Himalayan Rock Red,2022,0.0,496.3211462450593,5299.0
Royal,Himalayan Rock Red,2022,0.0,496.3211462450593,5299.0
Royal,Himalayan,2022,0.0,496.3211462450593,4299.0
Royal,Himalayan Pine Green,2022,0.0,496.3211462450593,5299.0
Royal,Classic 350 Chrome Red,2022,5.0,350.0,3995.0
Royal,Himalayan,2022,0.0,496.3211462450593,4299.0
Royal,Classic 350 Chrome Red,2022,1.0,350.0,4699.0
Royal,Continental GT Mr. Clean,2022,0.0,496.3211462450593,5999.0
Royal,Himalayan,2022,0.0,496.3211462450593,4299.0
Royal,Meteor 350,2022,0.0,350.0,4549.0
Royal,Meteor Stellar Blue,2022,0.0,496.3211462450593,3749.0
Royal,Meteor 350,2022,0.0,350.0,4649.0
Royal,Meteor 350,2022,2.0,350.0,4749.0
Royal,Scram 411 Blazing Black,2023,0.0,411.0,5099.0
Royal,Classic 350 Halcyon Grey,2023,0.0,350.0,4599.0
Royal,Scram 411 Skyline Blue,2023,1.0,411.0,5099.0
Royal,Scram 411 Silver Spirit,2023,1.0,411.0,5099.0
Royal,Continental GT 650 Rocker Red,2023,0.0,650.0,6349.0
Royal,Himalayan Granite Black,2023,0.0,496.3211462450593,5449.0
Royal,Scram 411 Blazing Black,2023,1.0,411.0,5099.0
Royal,Classic 350 Chrome Bronze,2023,0.0,350.0,4699.0
Royal,Scram 411 White Flame,2023,0.0,411.0,5099.0
Royal,HUNTER 350,2023,7.0,350.0,4199.0
Royal,Scram 411 Silver Spirit,2023,0.0,411.0,5774.0
Royal,SCRAM 411,2023,1.0,411.0,5099.0
Royal,CLASSIC 350,2023,1.0,350.0,4799.0
Royal,Meteor 350,2022,0.0,350.0,4649.0
Royal,INT650 BASE,2022,3.0,650.0,6199.0
Royal,Meteor 350,2022,0.0,350.0,4549.0
Royal,Meteor 350,2022,0.0,350.0,4649.0
Royal,Meteor 350,2022,0.0,350.0,4649.0
Royal,Continental GT Ventura Storm,2022,0.0,496.3211462450593,5499.0
Royal,Meteor Supernova Blue,2022,0.0,496.3211462450593,3799.0
Royal,Meteor Stellar Black,2022,0.0,496.3211462450593,3749.0
Royal,CLASSIC 350,2022,1.0,350.0,4499.0
Royal,METEOR 350,2022,852.0,350.0,4350.0
Royal,Meteor 350,2021,0.0,350.0,4399.0
Royal,INT 650,2021,15370.0,650.0,5171.0
Royal,METEOR 350,2021,824.0,350.0,4499.0
Royal,Meteor 350 Stellar Red,2021,0.0,350.0,4399.0
Royal,Continental GT Dr. Mayhem,2021,578.0,496.3211462450593,5500.0
Royal,INT650,2019,419.0,650.0,5995.0
Royal,CLASSIC 500,2018,7717.0,500.0,4999.0
Royal,INTERCEPTOR,1968,133.0,496.3211462450593,13450.0
Royal,Meteor 350,2023,0.0,350.0,4899.0
Royal,Continental GT 650 - DUX DELUXE,2023,0.0,650.0,6649.0
Royal,Classic 350 CHROME RED,2023,0.0,350.0,4799.0
Royal,Classic 350,2023,0.0,350.0,4599.0
Royal,INT650 - SUNSET STRIP,2023,0.0,650.0,6199.0
Royal,METEOR 350 - STELLAR BLACK,2023,0.0,350.0,4749.0
Royal,INT650 SUNSET STRIP,2023,0.0,650.0,6199.0
Royal,CLASSIC 350,2022,4.0,350.0,4499.0
Royal,CLASSIC 350,2022,3.0,350.0,4999.0
Royal,INT650,2022,1.0,650.0,5523.0
Royal,Meteor Fireball Red,2022,0.0,496.3211462450593,4649.0
Royal,Continental GT Dux Deluxe,2022,0.0,496.3211462450593,5499.0
Royal,Int650 Mark 2,2022,0.0,650.0,5699.0
Royal,Twins INT650,2022,0.0,650.0,5199.0
Royal,Meteor Fireball Red,2022,0.0,496.3211462450593,4649.0
Royal,Meteor Fireball Red,2022,0.0,496.3211462450593,3649.0
Royal,Himalayan,2022,0.0,496.3211462450593,4299.0
Royal,Int650 Orange Crush,2022,0.0,650.0,4999.0
Royal,Meteor Stellar Red,2022,0.0,496.3211462450593,4749.0
Royal,METEOR 350 - FIREBALL RED,2023,0.0,350.0,4649.0
Royal,Int650 Sunset Strip,2022,0.0,650.0,6199.0
Royal,Meteor Stellar Black,2022,0.0,496.3211462450593,4749.0
Royal,Himalayan Pine Green,2022,0.0,496.3211462450593,5299.0
Royal,Himalayan Pine Green,2022,0.0,496.3211462450593,5299.0
Royal,Himalayan Pine Green,2022,0.0,496.3211462450593,5299.0
Royal,Int650 Downtown Drag,2022,0.0,650.0,8695.0
Royal,Himalayan Pine Green,2022,0.0,496.3211462450593,5299.0
Royal,Classic 350 Dark Gunmetal Grey,2022,0.0,350.0,4599.0
Royal,Classic 350 Signals Marsh Grey,2022,0.0,350.0,4599.0
Royal,Meteor Fireball Yellow,2022,0.0,496.3211462450593,4649.0
Royal,Meteor 350,2022,0.0,350.0,4249.0
Royal,Himalayan,2022,0.0,496.3211462450593,4799.0
Royal,Himalayan,2022,0.0,496.3211462450593,4799.0
Royal,INT650 Canyon Red,2023,10.0,650.0,5649.0
Royal,INT650 Orange Crush,2023,10.0,650.0,6149.0
Royal,INT650 Baker Express,2023,10.0,650.0,5849.0
Royal,INT650 Orange Crush,2023,10.0,650.0,6149.0
Royal,Scram 411 Graphite Blue,2023,10.0,411.0,3999.0
Royal,Continental GT 650 Ventura Storm,2023,5.0,650.0,6149.0
Royal,Meteor 350 Fireball Blue,2023,1.0,350.0,4699.0
Royal,Classic 350 Chrome Bronze,2023,10.0,350.0,4799.0
Royal,Scram 411 Skyline Blue,2023,10.0,411.0,3999.0
Royal,Himalayan Granite Black,2023,2.0,496.3211462450593,5449.0
Royal,Classic 350 Halcyon Green,2023,10.0,350.0,4599.0
Royal,INT650 Ventura Blue,2023,10.0,650.0,5649.0
Royal,INT650 Downtown Drag,2023,10.0,650.0,6349.0
Royal,INT650 Sunset Strip,2023,2.0,650.0,6349.0
Royal,Classic 350 Chrome Bronze,2023,10.0,350.0,4899.0
Royal,INTERCEPTOR 650,2023,0.0,650.0,6349.0
Royal,Himalayan,2022,0.0,496.3211462450593,4795.0
Royal,Classic 350 Dark Gunmetal Grey,2023,10.0,350.0,4799.0
Royal,Meteor 350,2022,0.0,350.0,4399.0
Royal,Classic 350 Chrome Bronze,2023,10.0,350.0,4799.0
Royal,Classic 350 Halcyon Black,2023,10.0,350.0,4599.0
Royal,Meteor 350,2023,0.0,350.0,4799.0
Royal,Classic 350,2023,0.0,350.0,4799.0
Royal,HIMALAYAN HIMALAYAN,2023,0.0,496.3211462450593,5449.0
Royal,SCRAMBLER SCRAM411,2023,2.0,411.0,5099.0
Royal,Meteor 350,2023,0.0,350.0,4699.0
Royal,METEOR 350 BASE,2023,3.0,350.0,4799.0
Royal,SCRAM 411 BASE,2023,3.0,411.0,5099.0
Royal,SCRAM 411 BASE,2023,3.0,411.0,5099.0
Royal,INT650 USA CA MARK 2,2023,5.0,650.0,6849.0
Royal,Continental GT 650 Mr.Clean BASE,2023,10.0,650.0,7149.0
Royal,Continental GT 650 Mr.Clean BASE,2023,10.0,650.0,6999.0
Royal,Classic 350 Halcyon Grey,2023,10.0,350.0,4599.0
Royal,SCRAM 411,2023,1.0,411.0,5549.0
Royal,Classic 350 Signals Marsh Grey,2023,10.0,350.0,4699.0
Royal,Scram 411 Graphite Red,2023,0.0,411.0,5099.0
Royal,Continental GT 650 Dux Deluxe BASE,2023,10.0,650.0,6149.0
Royal,INT650 Sunset Strip,2023,10.0,650.0,5849.0
Royal,Continental GT 650 British Racing Green,2023,10.0,650.0,5849.0
Royal,HIMALAYAN VMUV30PN BASE,2022,0.0,30.0,3999.0
Royal,INT650 BASE,2022,3.0,650.0,5069.0
Royal,Meteor 350 STELLAR RED,2022,0.0,350.0,6176.0
Royal,CLASSIC 350,2022,9.0,350.0,4499.0
Royal,Himalayan Sleet Grey,2021,1132.0,496.3211462450593,4185.0
Royal,Himalayan,2019,5777.0,496.3211462450593,3900.0
Royal,CLASSIC 500,2017,5326.0,500.0,4649.0
Royal,Meteor 350,2023,6.0,350.0,4799.0
Royal,Meteor 350,2023,6.0,350.0,4799.0
Royal,Classic 350,2023,6.0,350.0,4699.0
Royal,Meteor 350,2023,6.0,350.0,4899.0
Royal,Scram 411,2023,0.0,411.0,5099.0
Royal,INT650,2023,0.0,650.0,6149.0
Royal,Continental GT 650,2023,0.0,650.0,6649.0
Royal,Classic 350,2023,6.0,350.0,4599.0
Royal,Himalayan,2023,0.0,496.3211462450593,5550.0
Royal,HIMALAYAN HIMALAYAN,2023,0.0,496.3211462450593,5449.0
Royal,SCRAMBLER SCRAM411,2023,0.0,411.0,5099.0
Royal,Scram 411,2023,3.0,411.0,5099.0
Royal,SCRAM 411 - GRAPHITE BLUE,2023,0.0,411.0,5099.0
Royal,Classic 350,2022,0.0,350.0,4499.0
Royal,METEOR,2022,0.0,496.3211462450593,4649.0
Royal,Classic 350,2022,0.0,350.0,4499.0
Royal,Classic 350,2022,0.0,350.0,4499.0
Royal,Continental GT 650 Twin,2022,0.0,650.0,6199.0
Royal,INT650 BASE,2022,3.0,650.0,5223.0
Royal,INT650 BASE,2022,3.0,650.0,5608.0
Royal,INT650 BASE,2022,3.0,650.0,5069.0
Royal,Int650 Downtown Drag,2022,5.0,650.0,4995.0
Royal,INT650 BASE,2022,3.0,650.0,5223.0
Royal,INT650 BASE,2022,3.0,650.0,5223.0
Royal,Himalayan Granite Black,2022,751.0,496.3211462450593,5099.0
Royal,Continental GT650 Dux Deluxe,2023,0.0,650.0,6649.0
Royal,HIMALAYAN,2022,1.0,496.3211462450593,5299.0
Royal,HIMALAYAN,2022,1.0,496.3211462450593,5299.0
Royal,Classic 350,2022,0.0,350.0,4599.0
Royal,Himalayan Pine Green,2022,0.0,496.3211462450593,5299.0
Royal,HIMALAYAN,2022,1.0,496.3211462450593,5299.0
Royal,HIMALAYAN,2022,1.0,496.3211462450593,5299.0
Royal,Meteor Stellar Red,2022,10.0,496.3211462450593,3999.0
Royal,Int650 Downtown Drag,2022,2.0,650.0,4995.0
Royal,HIMALAYAN ABS,2022,0.0,496.3211462450593,4799.0
Royal,HIMALAYAN,2022,1.0,496.3211462450593,5299.0
Royal,SCRAM 411 - BLAZING BLACK,2023,0.0,411.0,5099.0
Royal,Himalayan,2023,0.0,496.3211462450593,5449.0
Royal,INT650,2022,10.0,650.0,5899.0
Royal,Continental GT 650,2022,21.0,650.0,6499.0
Royal,INTERCEPTOR 650,2022,10.0,650.0,5899.0
Royal,Classic 350,2022,0.0,350.0,4168.0
Royal,Continental GT Mister Clean,2020,6993.0,496.3211462450593,5495.0
Royal,INT650 Downtown Drag,2023,0.0,650.0,6349.0
Royal,Scram 411 - WHITE FLAME,2023,0.0,411.0,5099.0
Royal,Meteor 350,2023,5.0,350.0,4699.0
Royal,SCRAMBLER SCRAM411,2023,2.0,411.0,5099.0
Royal,INTERCEPTOR 650,2023,0.0,650.0,6149.0
Royal,SCRAM 411,2023,0.0,411.0,5099.0
Royal,HIMALAYAN HIMALAYAN,2023,0.0,496.3211462450593,5550.0
Royal,METEOR 350,2023,0.0,350.0,4799.0
Royal,SCRAM 411,2023,0.0,411.0,5099.0
Royal,METEOR 350,2023,0.0,350.0,4799.0
Royal,Scram 411,2023,3.0,411.0,5099.0
Royal,Scram 411,2023,5.0,411.0,5099.0
Royal,Scram 411,2023,5.0,411.0,5099.0
Royal,Continental GT Ventura Storm,2022,3.0,496.3211462450593,6499.0
Royal,SCRAM 411 BASE,2023,3.0,411.0,5099.0
Royal,CLASSIC 350,2022,5.0,350.0,4599.0
Royal,Int650 Sunset Strip,2022,0.0,650.0,5899.0
Royal,Himalayan,2022,1.0,496.3211462450593,5299.0
Royal,Int650 Ventura Blue,2022,6.0,650.0,4995.0
Royal,BAKER EXPRESS,2022,5.0,496.3211462450593,6349.0
Royal,Continental GT 650,2022,6.0,650.0,6199.0
Royal,Classic 350 Signals Desert Sand,2022,2.0,350.0,3995.0
Royal,Continental GT 650,2022,5.0,650.0,6499.0
Royal,Himalayan Pine Green,2022,1.0,496.3211462450593,5299.0
Royal,Himalayan,2022,5.0,496.3211462450593,5299.0
Royal,Int650 Baker Express,2022,0.0,650.0,5899.0
Royal,Himalayan Pine Green,2022,0.0,496.3211462450593,4999.0
Royal,Int650 Mark 2,2022,0.0,650.0,6299.0
Royal,Int650 Baker Express,2022,0.0,650.0,5899.0
Royal,Int650 Orange Crush,2022,1.0,650.0,5999.0
Royal,Continental GT Ventura Storm,2022,3.0,496.3211462450593,6499.0
Royal,Himalayan Granite Black,2022,2382.0,496.3211462450593,4999.0
Royal,Classic 350 Halcyon Black,2022,0.0,350.0,4499.0
Royal,Int650 Canyon Red,2022,0.0,650.0,5699.0
Royal,Continental GT Ventura Storm,2022,0.0,496.3211462450593,6699.0
Royal,SCRAM 411 BASE,2023,3.0,411.0,5099.0
Royal,METEOR 350 BASE,2023,3.0,350.0,4699.0
Royal,Scram 411,2023,0.0,411.0,5099.0
Royal,Classic 350 Dark Stealth Black,2022,578.0,350.0,4199.0
Royal,Classic 350 Chrome Red,2022,2.0,350.0,3995.0
Royal,Int650 Baker Express,2022,1.0,650.0,10995.0
Royal,Himalayan Lake Blue,2022,10.0,496.3211462450593,5299.0
Royal,Continental GT British Racing Green,2022,7.0,496.3211462450593,6199.0
Royal,Int650 Sunset Strip,2022,1.0,650.0,6199.0
Royal,Int650 Mark 2,2022,10.0,650.0,6699.0
Royal,Continental GT Ventura Storm,2022,10.0,496.3211462450593,6499.0
Royal,Continental GT Ventura Storm,2022,7.0,496.3211462450593,6499.0
Royal,Continental GT British Racing Green,2022,7.0,496.3211462450593,6199.0
Royal,Himalayan Lake Blue,2022,10.0,496.3211462450593,5299.0
Royal,Himalayan Mirage Silver,2022,5.0,496.3211462450593,4299.0
Royal,Meteor Fireball Red,2022,10.0,496.3211462450593,4549.0
Royal,Continental GT Dux Deluxe,2022,0.0,496.3211462450593,6099.0
Royal,Continental GT Dux Deluxe,2022,1.0,496.3211462450593,6499.0
Royal,Continental GT Ventura Storm,2022,10.0,496.3211462450593,6499.0
Royal,Classic 350 Chrome Bronze,2022,2.0,350.0,3995.0
Royal,Himalayan Granite Black,2022,532.0,496.3211462450593,4999.0
Royal,Classic 350 Chrome Bronze,2022,2.0,350.0,3995.0
Royal,HIMALAYAN BASE,2022,3.0,496.3211462450593,4530.0
Royal,INT650,2022,0.0,650.0,5999.0
Royal,SCRAM 411 BASE,2023,3.0,411.0,5099.0
Royal,SCRAM 411 BASE,2023,3.0,411.0,5099.0
Royal,SCRAM 411 BASE,2023,3.0,411.0,5099.0
Royal,Scram 411 Graphite Yellow,2023,5.0,411.0,5099.0
Royal,SCRAM 411 BASE,2023,3.0,411.0,5099.0
Royal,Scram 411 Blazing Black,2023,2.0,411.0,4995.0
Royal,Meteor 350,2023,7.0,350.0,4699.0
Royal,SCRAM 411,2023,1.0,411.0,5549.0
Royal,HIMALAYAN,2021,7165.0,496.3211462450593,4799.0
Royal,Continental GT 650,2022,0.0,650.0,6199.0
Royal,Interceptor 650,2023,5.0,650.0,6149.0
Royal,Meteor 350,2023,5.0,350.0,4799.0
Royal,Meteor 350 Supernova Brown,2023,1.0,350.0,4899.0
Royal,Continental GT 650 Rocker Red,2023,10.0,650.0,5849.0
Royal,INT650 Orange Crush,2023,5.0,650.0,6149.0
Royal,Scram 411 White Flame,2023,750.0,411.0,4995.0
Royal,CLASSIC 350 Marsh Grey,2023,10.0,350.0,4699.0
Royal,Himalayan,2022,0.0,496.3211462450593,7389.0
Royal,SCRAM 411,2023,1.0,411.0,5549.0
Royal,HIMALAYAN BASE,2022,3.0,496.3211462450593,4530.0
Royal,SCRAM 411 - SKYLINE BLUE,2023,0.0,411.0,5099.0
Royal,METEOR 350 BASE,2023,0.0,350.0,4899.0
Royal,CONTIENETAL GT650,2022,3.0,650.0,5444.0
Royal,CLASSIC 350 BASE,2022,3.0,350.0,4068.0
Royal,INT650 BASE,2022,3.0,650.0,5223.0
Royal,Int650 Canyon Red,2022,4966.0,650.0,4995.0
Royal,CLASSIC 350 HALCYON BLACK,2022,2.0,350.0,4499.0
Royal,Continental GT Ventura Storm,2022,6.0,496.3211462450593,5995.0
Royal,Classic 350 Chrome Red,2022,8.0,350.0,3898.0
Royal,Int650 Ventura Blue,2022,0.0,650.0,5999.0
Royal,Himalayan Pine Green,2022,3.0,496.3211462450593,5299.0
Royal,INT650 Downtown Drag,2022,2.0,650.0,4995.0
Royal,Continental GT Ventura Storm,2022,0.0,496.3211462450593,6499.0
Royal,Himalayan Mirage Silver,2022,10.0,496.3211462450593,5299.0
Royal,Int650 Ventura Blue,2022,10.0,650.0,5999.0
Royal,Himalayan Rock Red,2022,1241.0,496.3211462450593,4899.0
Royal,CONTINENTAL GT 650,2022,10.0,650.0,6199.0
Royal,Continental GT Ice Queen,2019,4836.0,496.3211462450593,5288.0
Royal,CLASSIC BATTLE GREEN,2018,566.0,496.3211462450593,4999.0
Royal,Himalayan,2022,1.0,496.3211462450593,5299.0
Royal,Scram 411,2023,0.0,411.0,5099.0
Royal,INT 650 Orange Crush,2022,0.0,650.0,5699.0
Royal,Meteor 350,2022,0.0,350.0,4299.0
Royal,SCRAM 411,2023,1.0,411.0,5549.0
Royal,INT650 Mark 2,2023,2.0,650.0,6849.0
Royal,Scram 411 White Flame,2023,1.0,411.0,5099.0
Royal,INT650 Ventura Blue,2023,1.0,650.0,6149.0
Royal,INT650 Baker Express,2023,10.0,650.0,6349.0
Royal,INT650 Baker Express,2023,10.0,650.0,6349.0
Royal,Himalayan Mirage Silver,2023,10.0,496.3211462450593,5550.0
Royal,Meteor 350 Fireball Red,2023,10.0,350.0,4699.0
Royal,Classic 350 Signals Desert Sand,2023,10.0,350.0,4699.0
Royal,INT650 Ventura Blue,2023,10.0,650.0,6149.0
Royal,Continental GT 650 Dux Deluxe BASE,2023,2.0,650.0,6649.0
Royal,Classic 350 Chrome Bronze,2023,10.0,350.0,4799.0
Royal,Meteor 350 Supernova Blue,2023,10.0,350.0,4899.0
Royal,Classic 350 Chrome Red,2023,10.0,350.0,4799.0
Royal,METEOR 350 FIREBALL RED,2023,0.0,350.0,4699.0
Royal,METEOR 350,2023,10.0,350.0,4799.0
Royal,Meteor 350,2022,0.0,350.0,3999.0
Royal,Int650 Canyon Red,2022,0.0,650.0,5699.0
Royal,Classic 350,2023,0.0,350.0,6210.0
Royal,Meteor 350,2023,6.0,350.0,4699.0
Royal,Classic 350,2023,0.0,350.0,4599.0
Royal,Himalayan Granite Black,2023,3.0,496.3211462450593,5449.0
Royal,Scram 411 Graphite Blue,2023,0.0,411.0,5099.0
Royal,Himalayan Granite Black,2023,10.0,496.3211462450593,5449.0
Royal,Scram 411 White Flame,2023,10.0,411.0,5099.0
Royal,Scram 411 Graphite Yellow,2023,0.0,411.0,5099.0
Royal,Continental GT 650 Ventura Storm,2023,0.0,650.0,6649.0
Royal,Himalayan Granite Black,2023,10.0,496.3211462450593,5449.0
Royal,Scram 411 Blazing Black,2023,2.0,411.0,5099.0
Royal,INT650 Orange Crush,2023,0.0,650.0,6149.0
Royal,INTERCEPTOR 650,2023,0.0,650.0,6149.0
Royal,SCRAM 411,2023,0.0,411.0,5099.0
Royal,Himalayan,2022,2.0,496.3211462450593,5299.0
Royal,Himalayan,2022,0.0,496.3211462450593,5299.0
Royal,Himalayan,2022,0.0,496.3211462450593,5299.0
Royal,Himalayan,2022,0.0,496.3211462450593,5299.0
Royal,Meteor 350,2022,0.0,350.0,4249.0
Royal,INT650,2022,0.0,650.0,5499.0
Royal,INT650 Mark 2,2023,10.0,650.0,6849.0
Royal,INT650 Canyon Red,2023,10.0,650.0,6149.0
Royal,Scram 411 Graphite Blue,2023,2.0,411.0,5099.0
Royal,Scram 411 Blazing Black,2023,0.0,411.0,5099.0
Royal,METEOR 350 BASE,2023,3.0,350.0,4030.0
Royal,Scram 411 Skyline Blue,2023,3.0,411.0,5099.0
Royal,METEOR 350 BASE,2023,0.0,350.0,4799.0
Royal,SCRAM 411,2023,2.0,411.0,5549.0
Royal,CONTINENTAL GT650,2023,0.0,650.0,6499.0
Royal,Himalayan Granite Black,2023,0.0,496.3211462450593,5449.0
Royal,Continental GT,2023,0.0,496.3211462450593,6649.0
Royal,Scram 411 Graphite Yellow,2023,2.0,411.0,5099.0
Royal,Scram 411 Silver Spirit,2023,1.0,411.0,5099.0
Royal,Scram 411 Graphite Blue,2023,0.0,411.0,5099.0
Royal,SCRAM 411,2023,2.0,411.0,5549.0
Royal,INT650 Sunset Strip,2023,0.0,650.0,6349.0
Royal,INT650 Sunset Strip,2023,3.0,650.0,6349.0
Royal,SCRAM 411,2023,2.0,411.0,5549.0
Royal,Scram 411 Graphite Red,2023,2.0,411.0,5099.0
Royal,SCRAM 411,2023,1.0,411.0,5549.0
Royal,Scram 411 Skyline Blue,2023,2.0,411.0,5099.0
Royal,Scram 411 White Flame,2023,2.0,411.0,5099.0
Royal,Scram 411 Graphite Blue,2023,4.0,411.0,5099.0
Royal,Continental GT 650 Dux Deluxe BASE,2023,2.0,650.0,6649.0
Royal,CONTINENTAL GT 650,2023,3.0,650.0,6349.0
Royal,CONTINENTAL GT650,2023,3.0,650.0,6349.0
Royal,Meteor 350 Fireball Matt Green,2023,5.0,350.0,4699.0
Royal,Scram 411 Graphite Red,2023,10.0,411.0,5099.0
Royal,Scram 411 Silver Spirit,2023,0.0,411.0,5099.0
Royal,Himalayan Lake Blue,2023,10.0,496.3211462450593,5550.0
Royal,Himalayan Granite Black,2023,10.0,496.3211462450593,5550.0
Royal,Meteor 350 Fireball Yellow,2023,10.0,350.0,4699.0
Royal,Meteor 350 Supernova Red,2023,10.0,350.0,4899.0
Royal,Meteor 350 Supernova Brown,2023,0.0,350.0,4899.0
Royal,Scram 411 Blazing Black,2023,5.0,411.0,5099.0
Royal,Continental GT 650 Mr.Clean BASE,2023,10.0,650.0,7149.0
Royal,Scram 411 Blazing Black,2023,10.0,411.0,5480.0
Royal,Meteor 350 Fireball Blue,2023,5.0,350.0,4699.0
Royal,METEOR FIREBALL YELLOW,2023,0.0,496.3211462450593,4649.0
Royal,METEOR 350,2023,2.0,350.0,4899.0
Royal,Continental GT 650 Twin W/SIDECAR,2022,0.0,650.0,11699.0
Royal,Himalayan,2022,1.0,496.3211462450593,4822.0
Royal,Himalayan,2022,0.0,496.3211462450593,4999.0
Royal,Meteor 350 Stellar Black,2023,10.0,350.0,4799.0
Royal,HIMALAYAN VMUV30PN BASE,2022,0.0,30.0,3999.0
Royal,Continental GT 650 Dux Deluxe BASE,2023,10.0,650.0,6649.0
Royal,Scram 411 Blazing Black,2023,0.0,411.0,5099.0
Royal,Scram 411 Silver Spirit,2023,10.0,411.0,5099.0
Royal,SCRAM 411,2023,5.0,411.0,5099.0
Royal,Scram 411 Graphite Yellow,2023,10.0,411.0,5099.0
Royal,Continental GT 650 Ventura Storm,2023,3.0,650.0,6649.0
Royal,Himalayan Gravel Grey,2023,10.0,496.3211462450593,6576.0
Royal,Himalayan Gravel Grey,2023,10.0,496.3211462450593,5550.0
Royal,SCRAM 411,2023,1.0,411.0,5549.0
Royal,Meteor 350 Stellar Blue,2023,10.0,350.0,4799.0
Royal,Scram 411 White Flame,2023,10.0,411.0,5099.0
Royal,Meteor 350 Supernova Brown,2023,10.0,350.0,4899.0
Royal,INT650 Baker Express,2023,2.0,650.0,6349.0
Royal,SCRAM 411,2023,1.0,411.0,5549.0
Royal,Continental GT 650 Ventura Storm,2023,10.0,650.0,6649.0
Royal,Classic 350 Dark Stealth Black,2023,10.0,350.0,4799.0
Royal,SCRAM 411,2023,2.0,411.0,5549.0
Royal,Scram 411 Graphite Yellow,2023,10.0,411.0,5099.0
Royal,INT650 Mark 2,2023,10.0,650.0,6349.0
Royal,Himalayan Rock Red,2023,10.0,496.3211462450593,5550.0
Royal,INT650,2022,0.0,650.0,6199.0
Royal,CLASSIC 350 BASE,2022,3.0,350.0,3876.0
Royal,CONTINENTAL GT650,2022,3.0,650.0,5444.0
Royal,INT650,2020,1642.0,650.0,9999.0
Royal,Scram 411,2023,0.0,411.0,5099.0
Royal,Scram 411,2023,0.0,411.0,5099.0
Royal,Meteor 350,2023,0.0,350.0,4649.0
Royal,Meteor 350,2023,6.0,350.0,4799.0
Royal,Classic 350,2023,0.0,350.0,4799.0
Royal,Meteor 350 STELLAR BLACK,2023,0.0,350.0,4699.0
Royal,Meteor 350,2023,6.0,350.0,4899.0
Royal,Himalayan,2023,0.0,496.3211462450593,5550.0
Royal,Meteor 350,2023,0.0,350.0,4699.0
Royal,Scram 411,2023,3.0,411.0,5099.0
Royal,Scram 411,2023,3.0,411.0,5099.0
Royal,SCRAM 411 - SILVER SPIRIT,2023,0.0,411.0,5099.0
Royal,SCRAM 411 -WHITE FLAME,2023,0.0,411.0,5099.0
Royal,INT650 BASE,2023,3.0,650.0,6149.0
Royal,SCRAM 411- GRAPHITE RED,2023,0.0,411.0,5099.0
Royal,CONTINENTAL GT 650,2023,3.0,650.0,6649.0
Royal,Himalayan Sleet Grey,2021,2207.0,496.3211462450593,4550.0
Royal,METEOR 350,2022,0.0,350.0,4999.0
Royal,Classic 350,2022,0.0,350.0,4499.0
Royal,HIMALAYAN,2022,1.0,496.3211462450593,5299.0
Royal,CONTINENTAL GT BASE,2022,3.0,496.3211462450593,5444.0
Royal,CLASSIC 350 BASE,2022,3.0,350.0,3876.0
Royal,CLASSIC 350 BASE,2022,3.0,350.0,3876.0
Royal,INT650 BASE,2022,3.0,650.0,5223.0
Royal,CLASSIC 350 BASE,2022,3.0,350.0,3876.0
Royal,METEOR 350 BASE,2022,3.0,350.0,4030.0
Royal,CONTINENTAL GT BASE,2022,3.0,496.3211462450593,5223.0
Royal,INT650 DOWNTOWN DRAG,2022,5.0,650.0,4897.0
Royal,SCRAM 411 - GRAPHITE YELLOW,2023,0.0,411.0,5099.0
Royal,Himalayan Rock Red,2022,3.0,496.3211462450593,5299.0
Royal,Int650 Mark 2,2022,0.0,650.0,6699.0
Royal,Classic 350 Chrome Bronze,2022,0.0,350.0,5092.0
Royal,Continental GT Dux Deluxe,2022,3.0,496.3211462450593,6499.0
Royal,Classic 350 Halcyon Black,2022,10.0,350.0,4695.0
Royal,Himalayan Gravel Grey,2022,10.0,496.3211462450593,5299.0
Royal,Int650 Baker Express,2022,0.0,650.0,5899.0
Royal,Classic 350 Halcyon Grey,2022,10.0,350.0,4695.0
Royal,Continental GT Dux Deluxe,2022,10.0,496.3211462450593,6499.0
Royal,Int650 Downtown Drag,2022,0.0,650.0,6199.0
Royal,Continental GT 650,2022,3.0,650.0,6999.0
Royal,Continental GT Ventura Storm,2022,2.0,496.3211462450593,6499.0
Royal,Continental GT 650,2022,0.0,650.0,6499.0
Royal,Scram 411 Blazing Black,2023,5.0,411.0,5099.0
Royal,Classic 350 Dark Gunmetal Grey,2023,3.0,350.0,4799.0
Royal,Scram 411 Graphite Blue,2023,5.0,411.0,5099.0
Royal,Meteor 350 Fireball Red,2023,5.0,350.0,4699.0
Royal,Meteor 350 Supernova Blue,2023,5.0,350.0,4899.0
Royal,Classic 350 Dark Gunmetal Grey,2023,5.0,350.0,4699.0
Royal,Classic 350 Halcyon Green,2023,0.0,350.0,4499.0
Royal,Classic 350 Chrome Bronze,2023,0.0,350.0,4799.0
Royal,Classic 350 Halcyon Black,2023,3.0,350.0,4599.0
Royal,Himalayan Rock Red,2023,0.0,496.3211462450593,5449.0
Royal,Scram 411 Blazing Black,2023,0.0,411.0,5099.0
Royal,Classic 350 Signals Desert Sand,2022,0.0,350.0,4599.0
Royal,Classic 350 Dark Stealth Black,2022,5.0,350.0,4599.0
Royal,Classic 350 Halcyon Black,2023,0.0,350.0,4599.0
Royal,Classic 350 Halcyon Grey,2022,0.0,350.0,4599.0
Royal,Scram 411 Skyline Blue,2023,5.0,411.0,5099.0
Royal,Scram 411 White Flame,2023,5.0,411.0,5099.0
Royal,Classic 350 Chrome Red,2023,0.0,350.0,4799.0
Royal,Scram 411 White Flame,2023,5.0,411.0,5099.0
Royal,Classic 350 Chrome Red,2022,0.0,350.0,4699.0
Royal,Himalayan 411 EFI ABS,2020,1276.0,411.0,3980.0
Royal,Scram 411,2023,0.0,411.0,5099.0
Royal,CLASSIC 350,2023,0.0,350.0,4799.0
Royal,Classic 350 Halcyon Black,2022,5.0,350.0,4499.0
Royal,Classic 350 Halcyon Grey,2022,5.0,350.0,4999.0
Royal,CLASSIC 350,2023,0.0,350.0,4599.0
Royal,Classic 350 Halcyon Grey,2023,0.0,350.0,4599.0
Royal,Scram 411,2023,10.0,411.0,5099.0
Royal,Scram 411 Skyline Blue,2023,0.0,411.0,5099.0
Royal,Hunter 350 Dapper Grey,2023,5.0,350.0,3999.0
Royal,Scram 411 White Flame,2023,0.0,411.0,5099.0
Royal,Scram 411 Graphite Red,2023,0.0,411.0,5099.0
Royal,Scram 411 Graphite Blue,2023,0.0,411.0,5099.0
Royal,Scram 411,2023,5.0,411.0,5099.0
Royal,Classic 350 Halcyon Grey,2023,0.0,350.0,4599.0
Royal,CLASSIC 350,2023,0.0,350.0,4599.0
Royal,Himalayan Lake Blue,2023,0.0,496.3211462450593,5449.0
Royal,Himalayan Mirage Silver,2022,0.0,496.3211462450593,5299.0
Royal,Himalayan Mirage Silver,2022,0.0,496.3211462450593,5299.0
Royal,Scram 411 Graphite Yellow,2023,0.0,411.0,5099.0
Royal,INT650,2023,5.0,650.0,6149.0
Royal,INT650,2023,5.0,650.0,6149.0
Royal,Continental GT 650,2022,5.0,650.0,5999.0
Royal,Continental GT 650,2022,5.0,650.0,5999.0
Royal,Continental GT 650,2022,5.0,650.0,5998.0
Royal,Continental GT 650,2022,5.0,650.0,5999.0
Royal,Scram 411 Graphite Yellow,2023,0.0,411.0,5099.0
Royal,Continental GT 650,2022,5.0,650.0,6499.0
Royal,Scram 411 White Flame,2023,0.0,411.0,5099.0
Royal,Scram 411 White Flame,2023,0.0,411.0,5099.0
Royal,Scram 411 White Flame,2023,0.0,411.0,5099.0
Royal,Continental GT 650,2022,1.0,650.0,5746.0
Royal,PEGASUS 500 Battle Green,2018,213.0,500.0,8500.0
Royal,Continental GT 650 British Racing Green,2023,0.0,650.0,6349.0
Royal,INT650 Canyon Red,2023,0.0,650.0,6149.0
Royal,INT650,2023,5.0,650.0,6349.0
Royal,Classic 350 Halcyon Grey,2022,0.0,350.0,4499.0
Royal,Himalayan Pine Green,2022,0.0,496.3211462450593,5299.0
Royal,Himalayan Pine Green,2022,0.0,496.3211462450593,5299.0
Royal,INT650 Ventura Blue,2023,0.0,650.0,6149.0
Royal,Meteor 350 Stellar Blue,2023,0.0,350.0,4799.0
Royal,Meteor 350 Stellar Blue,2023,0.0,350.0,4799.0
Royal,Classic 350 Halcyon Grey,2022,3160.0,350.0,3991.0
Royal,Himalayan Lake Blue,2022,0.0,496.3211462450593,5299.0
Royal,Himalayan Lake Blue,2022,0.0,496.3211462450593,5299.0
Royal,Meteor 350 Stellar Red,2023,0.0,350.0,4799.0
Royal,Classic 350 Chrome Bronze,2022,0.0,350.0,4699.0
Royal,INT650 Orange Crush,2023,0.0,650.0,6149.0
Royal,Scram 411 Silver Spirit,2023,0.0,411.0,5099.0
Royal,Scram 411 Graphite Red,2023,0.0,411.0,5099.0
Royal,INT650 Orange Crush,2023,0.0,650.0,6149.0
Royal,Scram 411 Graphite Red,2023,0.0,411.0,5099.0
Royal,Scram 411 Graphite Red,2023,0.0,411.0,5099.0
Royal,Scram 411 Silver Spirit,2023,0.0,411.0,5099.0
Royal,INT650,2023,5.0,650.0,6349.0
Royal,INT650 Orange Crush,2023,0.0,650.0,6149.0
Royal,Himalayan Gravel Grey,2022,0.0,496.3211462450593,5299.0
Royal,Interceptor 650,2022,764.0,650.0,5498.0
Royal,Scram 411 Graphite Blue,2023,0.0,411.0,5099.0
Royal,Himalayan,2022,2551.0,496.3211462450593,4995.0
Royal,Continental GT Dux Deluxe,2022,4.0,496.3211462450593,5995.0
Royal,Classic 350 Halcyon Black,2022,2.0,350.0,3995.0
Royal,CLASSIC 350 BASE,2023,3.0,350.0,4699.0
Royal,HIMALAYAN BASE,2022,3.0,496.3211462450593,4530.0
Royal,HIMALAYAN BASE,2022,3.0,496.3211462450593,4530.0
Royal,Himalayan Pine Green,2022,10.0,496.3211462450593,3999.0
Royal,HIMALAYAN BASE,2023,3.0,496.3211462450593,5449.0
Royal,SCRAM 411,2023,2.0,411.0,5549.0
Royal,Int650 Downtown Drag,2022,4.0,650.0,4995.0
Royal,CLASSIC 350 BASE,2022,3.0,350.0,3876.0
Royal,Scram 411,2023,0.0,411.0,5099.0
Royal,SCRAM 411-BLAZING BLACK,2023,0.0,411.0,5099.0
Royal,Scram 411 White Flame,2023,1.0,411.0,5099.0
Royal,CLASSIC 350 BASE,2022,3.0,350.0,4068.0
Royal,Classic 350,2022,5.0,350.0,4204.0
Royal,SCRAM 411,2023,575.0,411.0,4995.0
Royal,Himalayan 411 EFI ABS,2021,1690.0,411.0,6995.0
Royal,Classic 350 Halcyon Black,2022,1.0,350.0,4499.0
Royal,Continental GT 650,2022,3.0,650.0,6499.0
Royal,Scram 411 White Flame,2023,0.0,411.0,5099.0
Royal,Continental GT Ventura Storm,2022,0.0,496.3211462450593,5499.0
Royal,Classic 350 Halcyon Black,2022,0.0,350.0,4499.0
Royal,Himalayan Rock Red,2022,1.0,496.3211462450593,5299.0
Royal,Scram 411 Graphite Red,2023,0.0,411.0,5099.0
Royal,Continental GT 650,2022,0.0,650.0,6499.0
Royal,CLASSIC 350 BASE,2022,3.0,350.0,4068.0
Royal,Int650 Downtown Drag,2022,0.0,650.0,5599.0
Royal,Continental GT Dux Deluxe,2022,0.0,496.3211462450593,6499.0
Royal,Int650 Baker Express,2022,0.0,650.0,5699.0
Royal,BULLET 500 B5,2009,1256.0,500.0,4500.0
Royal,Scram 411 White Flame,2023,0.0,411.0,5099.0
Royal,Continental GT 650,2023,5.0,650.0,6349.0
Royal,Continental GT 650,2023,3.0,650.0,6349.0
Royal,Continental GT 650,2023,5.0,650.0,6349.0
Royal,CLASSIC 350,2023,0.0,350.0,5474.0
Royal,Scram 411,2023,3.0,411.0,5099.0
Royal,Meteor 350 Supernova Brown,2023,0.0,350.0,4899.0
Royal,CONTINENTAL GT 650,2022,87.0,650.0,6000.0
Royal,Meteor Stellar Red,2022,0.0,496.3211462450593,4749.0
Royal,INTERCEPTOR 650,2023,3.0,650.0,6149.0
Royal,Classic 350,2023,6.0,350.0,4699.0
Royal,Meteor 350,2023,0.0,350.0,4799.0
Royal,Classic 350,2023,6.0,350.0,4799.0
Royal,Classic 350,2023,6.0,350.0,4599.0
Royal,Scram 411 White Flame,2023,0.0,411.0,5099.0
Royal,CONTINENTAL GT 650,2023,0.0,650.0,6349.0
Royal,Classic 350,2022,800.0,350.0,3999.0
Royal,Scram 411,2023,0.0,411.0,5099.0
Royal,Scram 411,2023,0.0,411.0,5099.0
Royal,SCRAM 411,2023,0.0,411.0,5099.0
Royal,SCRAM 411,2023,0.0,411.0,5099.0
Royal,SCRAM 411,2023,0.0,411.0,5099.0
Royal,SCRAM 411,2023,0.0,411.0,5099.0
Royal,SCRAM 411,2023,1.0,411.0,3999.0
Royal,Scram 411,2023,0.0,411.0,5099.0
Royal,Scram 411 White Flame,2023,0.0,411.0,5099.0
Royal,METEOR 350,2022,7066.0,350.0,4600.0
Royal,Scram 411,2023,0.0,411.0,5099.0
Royal,CLASSIC 350 BASE,2022,3.0,350.0,3876.0
Royal,CLASSIC 350 BASE,2022,3.0,350.0,4068.0
Royal,Classic 350 Chrome Bronze,2022,2.0,350.0,3995.0
Royal,Classic 350,2023,0.0,350.0,4799.0
Royal,Scram 411,2023,0.0,411.0,5099.0
Royal,Scram 411,2023,0.0,411.0,5099.0
Royal,Hunter 350 Rebel Red,2023,1.0,350.0,4199.0
Royal,Continental GT 650 Twin BRITISH RACING GREEN,2022,0.0,650.0,5349.0
Royal,Classic 350 Chrome Red,2023,3.0,350.0,4799.0
Royal,Classic 350,2022,0.0,350.0,4699.0
Royal,Classic 350,2022,0.0,350.0,4699.0
Royal,HIMALAYAN,2021,0.0,496.3211462450593,4999.0
Royal,HIMALAYAN BASE,2021,4041.0,496.3211462450593,3650.0
Royal,Scram 411,2023,0.0,411.0,5099.0
Royal,Classic 350,2023,0.0,350.0,4799.0
Royal,Meteor 350,2022,0.0,350.0,4149.0
Royal,HIMALAYAN - ROCK RED,2022,0.0,496.3211462450593,5872.0
Royal,Himalayan Gravel Grey,2022,0.0,496.3211462450593,5299.0
Royal,Classic 350,2023,0.0,350.0,4599.0
Royal,Scram 411 Graphite Blue,2023,0.0,411.0,5099.0
Royal,INT650,2022,3.0,650.0,6599.0
Royal,INT650,2022,2.0,650.0,6799.0
Royal,Int650 Orange Crush,2022,1.0,650.0,5399.0
Royal,Continental GT 650,2022,2.0,650.0,6599.0
Royal,INT650,2022,1.0,650.0,6599.0
Royal,INT650,2022,0.0,650.0,5999.0
Royal,Meteor Supernova Brown,2021,1860.0,496.3211462450593,4495.0
Royal,Bullet Trials 500,2020,372.0,500.0,6100.0
Royal,Bullet Trials 500,2020,372.0,500.0,6100.0
Royal,INT 650,2023,2.0,650.0,6599.0
Royal,Scram 411 Graphite Red,2023,0.0,411.0,5099.0
Royal,Scram 411,2023,10.0,411.0,5099.0
Royal,SCRAM 411,2023,10.0,411.0,5099.0
Royal,Int650 Orange Crush,2022,1.0,650.0,5399.0
Royal,Int650 Orange Crush,2022,0.0,650.0,5399.0
Royal,Continental GT 650,2022,2.0,650.0,6599.0
Royal,INT650,2022,4.0,650.0,6299.0
Royal,Scram 411,2023,10.0,411.0,5099.0
Royal,INT 650,2023,2.0,650.0,6799.0
Royal,METEOR 350,2023,2.0,350.0,5249.0
Royal,Meteor,2023,2.0,496.3211462450593,5249.0
Royal,CONTINENTAL GT,2023,2.0,496.3211462450593,6799.0
Royal,Classic,2023,2.0,496.3211462450593,5049.0
Royal,METEOR 350,2023,2.0,350.0,5349.0
Royal,Himalayan,2023,2.0,496.3211462450593,5899.0
Royal,INT 650,2023,2.0,650.0,6799.0
Royal,Classic 350,2022,5.0,350.0,4599.0
Royal,CONTINENTAL GT,2023,1.0,496.3211462450593,6799.0
Royal,Himalayan,2023,2.0,496.3211462450593,5899.0
Royal,Classic,2023,1.0,496.3211462450593,5249.0
Royal,Himalayan,2023,2.0,496.3211462450593,5899.0
Royal,Meteor,2023,1.0,496.3211462450593,5149.0
Royal,Meteor,2023,2.0,496.3211462450593,5249.0
Royal,METEOR 350,2023,2.0,350.0,5799.0
Royal,INT650,2023,1.0,650.0,6849.0
Royal,CONTINENTAL GT,2023,2.0,496.3211462450593,6799.0
Royal,Scram 411 Graphite Blue,2023,0.0,411.0,5099.0
Royal,Scram 411 Graphite Blue,2023,0.0,411.0,5099.0
Royal,Scram 411 Graphite Red,2023,0.0,411.0,5099.0
Royal,Continental GT 650,2022,1.0,650.0,5523.0
Royal,Continental GT 650,2022,3.0,650.0,6199.0
Royal,Continental GT 650,2022,0.0,650.0,6199.0
Royal,Continental GT 650,2022,1.0,650.0,6999.0
Royal,INT650,2022,0.0,650.0,5369.0
Royal,Continental GT 650,2022,5.0,650.0,5995.0
Royal,Continental GT 650,2022,1.0,650.0,6499.0
Royal,Continental GT 650,2022,0.0,650.0,6499.0
Royal,Continental GT 650,2022,0.0,650.0,6499.0
Royal,Continental GT 650,2022,0.0,650.0,6999.0
Royal,Continental GT 650,2022,0.0,650.0,6299.0
Royal,Continental GT 650,2022,0.0,650.0,6299.0
Royal,Continental GT 650,2022,0.0,650.0,6599.0
Royal,Continental GT 650,2022,1.0,650.0,6499.0
Royal,Continental GT 650,2022,0.0,650.0,6499.0
Royal,INT650,2022,1.0,650.0,5908.0
Royal,Continental GT 650,2022,0.0,650.0,6599.0
Royal,Continental GT 650,2022,0.0,650.0,6199.0
Royal,Continental GT 650,2022,0.0,650.0,6599.0
Royal,Continental GT 650,2022,0.0,650.0,6599.0
Royal,METEOR 350,2023,10.0,350.0,4799.0
Royal,Classic 350,2022,10.0,350.0,4191.0
Royal,Int650 Downtown Drag,2022,0.0,650.0,5699.0
Royal,Classic 350,2022,0.0,350.0,4699.0
Royal,SCRAM 411,2023,1.0,411.0,4995.0
Royal,INT650 Orange Crush,2023,0.0,650.0,6149.0
Royal,INT650 Orange Crush,2023,0.0,650.0,6149.0
Royal,Continental GT 650,2022,0.0,650.0,6999.0
Royal,SCRAM 411,2023,10.0,411.0,5099.0
Royal,INT650 INTERCEPTOR 650 W/ABS,2022,2.0,650.0,5899.0
Royal,INT 650 STANDARD W/ABS,2022,3117.0,650.0,5499.0
Royal,Classic 350,2022,0.0,350.0,4599.0
Royal,Continental GT Ventura Storm,2022,1.0,496.3211462450593,6499.0
Royal,Continental GT Ventura Storm,2022,2.0,496.3211462450593,6499.0
Royal,Continental GT Ventura Storm,2022,1.0,496.3211462450593,6499.0
Royal,Continental GT 650,2022,0.0,650.0,6299.0
Royal,Scram 411,2023,10.0,411.0,5099.0
Royal,Continental GT 650,2022,0.0,650.0,6199.0
Royal,Continental GT 650,2022,0.0,650.0,6999.0
Royal,INT650,2022,0.0,650.0,5999.0
Royal,INT650,2023,3.0,650.0,6149.0
Royal,INT650,2022,5.0,650.0,5999.0
Royal,Int650 Ventura Blue,2022,1.0,650.0,5399.0
Royal,Int650 Ventura Blue,2022,1.0,650.0,5399.0
Royal,Continental GT 650 Dux Deluxe BASE,2023,0.0,650.0,6649.0
Royal,Scram 411 White Flame,2023,0.0,411.0,5099.0
Royal,INT650 Sunset Strip,2023,0.0,650.0,6349.0
Royal,Scram 411 Silver Spirit,2023,0.0,411.0,5099.0
Royal,Meteor 350 Fireball Yellow,2023,0.0,350.0,4699.0
Royal,Continental GT 650 Mr.Clean BASE,2023,0.0,650.0,7149.0
Royal,Continental GT 650 British Racing Green,2023,0.0,650.0,6349.0
Royal,INT650,2022,0.0,650.0,5999.0
Royal,Meteor Fireball Red,2022,1.0,496.3211462450593,4649.0
Royal,Continental GT Dux Deluxe,2022,0.0,496.3211462450593,6499.0
Royal,Scram 411 White Flame,2023,0.0,411.0,5099.0
Royal,Meteor 350 Supernova Blue,2023,0.0,350.0,4899.0
Royal,Meteor 350 Stellar Black,2023,0.0,350.0,4799.0
Royal,Scram 411 Blazing Black,2023,0.0,411.0,5099.0
Royal,Meteor 350 Fireball Red,2023,0.0,350.0,4699.0
Royal,Scram 411 Skyline Blue,2023,0.0,411.0,5099.0
Royal,Continental GT 650,2022,0.0,650.0,6199.0
Royal,Classic 350 Halcyon Black,2023,0.0,350.0,4599.0
Royal,Scram 411 Graphite Blue,2023,0.0,411.0,5099.0
Royal,Classic 350 Halcyon Green,2022,0.0,350.0,4499.0
Royal,Classic 350 Halcyon Black,2022,0.0,350.0,4499.0
Royal,INT650,2022,0.0,650.0,6199.0
Royal,INT650,2023,0.0,650.0,6349.0
Royal,INT650,2022,0.0,650.0,6699.0
Royal,Continental GT 650 Ventura Storm,2023,0.0,650.0,6649.0
Royal,INT650 Canyon Red,2023,0.0,650.0,6149.0
Royal,Scram 411 Blazing Black,2023,0.0,411.0,5099.0
Royal,INT650,2023,3.0,650.0,6349.0
Royal,Himalayan Mirage Silver,2022,0.0,496.3211462450593,4299.0
Royal,Continental GT 650,2022,1.0,650.0,5679.0
Royal,INT650,2023,5.0,650.0,6149.0
Royal,INT650,2022,0.0,650.0,5999.0
Royal,HIMALAYAN,2023,10.0,496.3211462450593,5449.0
Royal,INT650 Mark 2,2023,0.0,650.0,6149.0
Royal,Himalayan Gravel Grey,2022,2.0,496.3211462450593,5299.0
Royal,Himalayan Mirage Silver,2022,2.0,496.3211462450593,5299.0
Royal,Continental GT 650,2022,10.0,650.0,6199.0
Royal,Continental GT 650,2022,1.0,650.0,6499.0
Royal,INT650,2023,0.0,650.0,6149.0
Royal,INT650,2023,0.0,650.0,6349.0
Royal,Scram 411 Skyline Blue,2023,2.0,411.0,5099.0
Royal,Himalayan Gravel Grey,2022,2.0,496.3211462450593,5299.0
Royal,Classic 350 Chrome Red,2022,1.0,350.0,4699.0
Royal,Int650 Baker Express,2022,1.0,650.0,5599.0
Royal,Himalayan Pine Green,2022,0.0,496.3211462450593,5299.0
Royal,Himalayan Gravel Grey,2022,0.0,496.3211462450593,5299.0
Royal,Continental GT Ventura Storm,2022,0.0,496.3211462450593,6499.0
Royal,Himalayan Pine Green,2022,2.0,496.3211462450593,5299.0
Royal,Continental GT 650,2022,0.0,650.0,6499.0
Royal,Continental GT 650,2022,0.0,650.0,6499.0
Royal,Himalayan Mirage Silver,2022,2.0,496.3211462450593,5299.0
Royal,Himalayan Mirage Silver,2022,2.0,496.3211462450593,5299.0
Royal,Himalayan,2023,3.0,496.3211462450593,5550.0
Royal,Int650 Mark 2,2022,1.0,650.0,6099.0
Royal,INT650,2022,6.0,650.0,5499.0
Royal,INT650,2022,6.0,650.0,5999.0
Royal,INT650,2022,6.0,650.0,5999.0
Royal,INT650,2022,6.0,650.0,5999.0
Royal,Classic 350 Chrome Bronze,2022,1.0,350.0,4699.0
Royal,Int650 Downtown Drag,2022,0.0,650.0,5199.0
Royal,Int650 Downtown Drag,2022,0.0,650.0,6199.0
Royal,Continental GT 650,2022,0.0,650.0,6999.0
Royal,Himalayan Rock Red,2022,1.0,496.3211462450593,5299.0
Royal,Continental GT 650,2022,6.0,650.0,6199.0
Royal,Int650 Mark 2,2022,1.0,650.0,6099.0
Royal,Himalayan Rock Red,2022,0.0,496.3211462450593,5299.0
Royal,Meteor Stellar Red,2022,1.0,496.3211462450593,4749.0
Royal,INT650,2023,0.0,650.0,6349.0
Royal,Continental GT 650,2022,2.0,650.0,6199.0
Royal,INT650,2023,0.0,650.0,6849.0
Royal,INT650 Orange Crush,2023,0.0,650.0,6149.0
Suzuki,C50T BOULEVARD 800 TOURER C50 T,2019,3226.0,50.0,8499.0
Suzuki,DR-Z400SM,2018,3817.0,400.0,6999.0
Suzuki,GSX-R600,2018,15090.0,600.0,9690.0
Suzuki,Hayabusa,2022,4841.0,568.8730158730159,16499.0
Suzuki,Burgman 400,2022,0.0,400.0,8499.0
Suzuki,Burgman 200,2022,1.0,200.0,4999.0
Suzuki,Boulevard M109R B.O.S.S.,2022,0.0,109.0,15299.0
Suzuki,GSX250R ABS,2022,0.0,250.0,4999.0
Suzuki,DR-Z400SM,2022,0.0,400.0,7599.0
Suzuki,V-Strom 650XT,2022,0.0,650.0,9399.0
Suzuki,Hayabusa,2017,35034.0,568.8730158730159,12495.0
Suzuki,C50 BOULEVARD 800,2021,1473.0,50.0,8799.0
Suzuki,GSX-S750Z ABS,2022,0.0,750.0,8949.0
Suzuki,RM85,2022,0.0,85.0,2995.0
Suzuki,GSX-S750,2022,3956.0,750.0,8591.0
Suzuki,RM85,2022,0.0,85.0,2995.0
Suzuki,Burgman 200,2022,0.0,200.0,5190.0
Suzuki,DR-Z400SM,2023,0.0,400.0,7799.0
Suzuki,GSX-R1000RZ,2023,0.0,1000.0,18299.0
Suzuki,Hayabusa,2023,0.0,568.8730158730159,18799.0
Suzuki,GSX-R1000R,2023,0.0,1000.0,18199.0
Suzuki,GSX-R600,2023,3.0,600.0,11699.0
Suzuki,Hayabusa,2023,3.0,568.8730158730159,18799.0
Suzuki,GSX-R600,2013,17067.0,600.0,8500.0
Suzuki,GSX-R1000R,2023,0.0,1000.0,18199.0
Suzuki,RM-Z250,2023,1.0,250.0,6715.0
Suzuki,Burgman 200,2022,0.0,200.0,4395.0
Suzuki,Boulevard C109R C109RTK8,2008,11206.0,109.0,6990.0
Suzuki,DR-Z400S,2023,0.0,400.0,7099.0
Suzuki,VL800 INTRUDER 800 VOLUSIA,2001,38692.0,800.0,2995.0
Suzuki,GSX-S750,2022,0.0,750.0,7999.0
Suzuki,GSX-R1000R,2023,0.0,1000.0,18199.0
Suzuki,Burgman 200,2022,0.0,200.0,4999.0
Suzuki,RM-Z250,2022,0.0,250.0,7899.0
Suzuki,GSX-R600,2022,13025.0,600.0,11499.0
Suzuki,SV650,2022,252.0,650.0,7249.0
Suzuki,Burgman 400,2023,1.0,400.0,8599.0
Suzuki,GSX-R750,2023,0.0,750.0,12849.0
Suzuki,Hayabusa,2023,3.0,568.8730158730159,18799.0
Suzuki,GSX-R1000R,2023,0.0,1000.0,18199.0
Suzuki,Hayabusa,2023,323.0,568.8730158730159,16999.0
Suzuki,SV650 ABS,2023,3.0,650.0,7849.0
Suzuki,VL800 INTRUDER VOLUSIA 800,2003,29568.0,800.0,3885.0
Suzuki,DR-Z400S,2023,0.0,400.0,7099.0
Suzuki,Hayabusa,2023,0.0,568.8730158730159,18799.0
Suzuki,GSX-R600,2023,3.0,600.0,11699.0
Suzuki,Hayabusa,2023,3.0,568.8730158730159,18799.0
Suzuki,Hayabusa,2023,3.0,568.8730158730159,18799.0
Suzuki,GSX-R750,2023,3.0,750.0,12849.0
Suzuki,DR-Z400SM,2023,0.0,400.0,7799.0
Suzuki,SV650,2023,3.0,650.0,7399.0
Suzuki,Hayabusa,2023,0.0,568.8730158730159,17120.0
Suzuki,DR-Z125L,2023,0.0,125.0,3499.0
Suzuki,DR-Z125L,2023,0.0,125.0,3499.0
Suzuki,VS700GL INTRUDER 700 1400,1987,20488.0,700.0,1985.0
Suzuki,VZ800 MARAUDER 800,1999,36685.0,800.0,1885.0
Suzuki,DR-Z400SM,2023,345.0,400.0,7799.0
Suzuki,RM85,2023,0.0,85.0,4499.0
Suzuki,V-Strom 1050DE,2023,1.0,1050.0,15999.0
Suzuki,Intruder VL 1500,2003,15306.0,1500.0,4895.0
Suzuki,GSX-S1000GT Plus 1000GT+,2023,1.0,1000.0,14099.0
Suzuki,GSX-R750,2023,1.0,750.0,11483.0
Suzuki,GSX-R1000R,2023,4.0,1000.0,18199.0
Suzuki,Burgman 400,2023,1.0,400.0,7983.0
Suzuki,Boulevard C50T C50 T,2023,1.0,50.0,9483.0
Suzuki,DR-Z400SM,2023,1.0,400.0,6983.0
Suzuki,DR-Z400SM,2023,0.0,400.0,7799.0
Suzuki,Boulevard C50T C50 T,2023,1.0,50.0,9483.0
Suzuki,GSX-R750,2023,0.0,750.0,11849.0
Suzuki,DR-Z400SM,2023,0.0,400.0,7570.0
Suzuki,V-Strom 1050DE,2023,0.0,1050.0,14750.0
Suzuki,GSXR 600,2006,21071.0,600.0,6775.0
Suzuki,GSX-R750,2023,1.0,750.0,11483.0
Suzuki,Boulevard S40,2006,18980.0,40.0,2995.0
Suzuki,BOULEVARD C50,2006,5512.0,50.0,4490.0
Suzuki,Boulevard C90T,2006,13800.0,90.0,4950.0
Suzuki,Boulevard C50,2008,16693.0,50.0,4495.0
Suzuki,GSX R 1000,2009,5011.0,1000.0,10790.0
Suzuki,BOULEVARD C50 T,2009,22288.0,50.0,4199.0
Suzuki,GSX-R1000,2009,6499.0,1000.0,11995.0
Suzuki,GSX-R1000,2009,6603.0,1000.0,10399.0
Suzuki,Boulevard C50T Classic C50 T,2012,13227.0,50.0,5495.0
Suzuki,BOULEVARD M50,2013,21107.0,50.0,5090.0
Suzuki,GSX-S1000,2022,0.0,1000.0,11299.0
Suzuki,Boulevard C90,2013,1985.0,90.0,7995.0
Suzuki,Boulevard C90T,2013,2060.0,90.0,8495.0
Suzuki,Boulevard C90 Black,2006,18053.0,90.0,5495.0
Suzuki,DR-Z400SM,2023,1.0,400.0,6983.0
Suzuki,Boulevard M109R B.O.S.S.,2023,1.0,109.0,13983.0
Suzuki,GSX-R750Z,2023,1.0,750.0,11983.0
Suzuki,Boulevard C90T,2005,19945.0,90.0,5995.0
Suzuki,GSX1300 Hayabusa,2007,20355.0,1300.0,9995.0
Suzuki,Hayabusa,2008,15128.0,568.8730158730159,9250.0
Suzuki,GSX-R 600,2011,12586.0,600.0,8199.0
Suzuki,GSX-R 600,2012,10914.0,600.0,8499.0
Suzuki,SFV650,2013,10336.0,650.0,5495.0
Suzuki,GSX-R1000,2013,10943.0,1000.0,10899.0
Suzuki,Boulevard C50,2013,13833.0,50.0,4999.0
Suzuki,GSX-S 750,2015,25333.0,750.0,5999.0
Suzuki,GSX-R 600,2015,8279.0,600.0,10799.0
Suzuki,GSX-R 1000,2015,15503.0,1000.0,10799.0
Suzuki,GSX-R750,2018,6536.0,750.0,10999.0
Suzuki,GSX-R750L8,2018,6702.0,750.0,11995.0
Suzuki,V-Strom 1000XT,2018,14905.0,1000.0,10999.0
Suzuki,Boulevard M50 (VZ800),2018,3002.0,50.0,7999.0
Suzuki,GSX-S1000Z,2018,1049.0,1000.0,9250.0
Suzuki,GSX250R,2018,20646.0,250.0,4900.0
Suzuki,HAYABUSA,2019,2356.0,568.8730158730159,14399.0
Suzuki,GSX-R750,2020,5139.0,750.0,9700.0
Suzuki,RM85,2020,62.0,85.0,3495.0
Suzuki,V-Strom 650,2022,1.0,650.0,7983.0
Suzuki,V-Strom 650,2022,1.0,650.0,7983.0
Suzuki,Burgman 200,2022,521.0,200.0,4899.0
Suzuki,DR-Z50,2022,0.0,50.0,2009.0
Suzuki,Burgman 200,2022,482.0,200.0,4399.0
Suzuki,GSX-R750,2023,1.0,750.0,12849.0
Suzuki,GSX-R750,2023,1.0,750.0,12849.0
Suzuki,Hayabusa,2023,1.0,568.8730158730159,16799.0
Suzuki,DR-Z400SM,2022,0.0,400.0,7599.0
Suzuki,GSX-R 600,2008,6313.0,600.0,8995.0
Suzuki,GSX-R750,2020,453.0,750.0,11499.0
Suzuki,750,1978,14284.0,750.0,4750.0
Suzuki,Cavalcade GV1400 GV1400GTG,1986,56397.0,1400.0,3499.0
Suzuki,VS800,1996,18037.0,800.0,2999.0
Suzuki,Boulevard M109 M109R B.O.S.S.,2006,26356.0,109.0,5999.0
Suzuki,BOULEVARD C50,2006,6890.0,50.0,2900.0
Suzuki,GZ 250,2006,9229.0,250.0,2299.0
Suzuki,Boulevard M109 M109R,2006,26870.0,109.0,5999.0
Suzuki,GZ250,2006,8851.0,250.0,2995.0
Suzuki,GSX-R1000,2007,17087.0,1000.0,9995.0
Suzuki,GSX R 1000,2007,11896.0,1000.0,9495.0
Suzuki,GSX R 600,2008,17231.0,600.0,9390.0
Suzuki,Hayabusa,2008,2509.0,568.8730158730159,13999.0
Suzuki,GSX-R1000,2023,1.0,1000.0,16149.0
Suzuki,M109rk8 Boulevard,2008,20839.0,109.0,6799.0
Suzuki,BOULEVARD M50,2013,2475.0,50.0,5890.0
Suzuki,Boulevard C50 T,2013,7943.0,50.0,5990.0
Suzuki,Boulevard C90T B.O.S.S.,2013,36629.0,90.0,7990.0
Suzuki,Boulevard C90T B.O.S.S.,2013,30493.0,90.0,7990.0
Suzuki,V-Strom 650 ABS,2014,6001.0,650.0,5999.0
Suzuki,GSX-S750Z,2015,21146.0,750.0,5990.0
Suzuki,Burgman 400 ABS,2016,12793.0,400.0,2999.0
Suzuki,GSX-1300RA HAYABUSA,2016,12265.0,1300.0,13900.0
Suzuki,Hayabusa,2016,8506.0,568.8730158730159,13995.0
Suzuki,GSX-R 1000,2017,6216.0,1000.0,15475.0
Suzuki,DR-Z400SM,2017,16023.0,400.0,5795.0
Suzuki,GSX R 750,2018,2366.0,750.0,11995.0
Suzuki,Burgman 400 ABS,2012,33143.0,400.0,3999.0
Suzuki,GSX-S750Z,2018,1458.0,750.0,8750.0
Suzuki,Burgman 400,2023,1.0,400.0,8599.0
Suzuki,RM85,2023,0.0,85.0,4499.0
Suzuki,SV650,2018,17300.0,650.0,5995.0
Suzuki,GSX-R 750,2014,6410.0,750.0,10299.0
Suzuki,GSX-R 750,2019,6551.0,750.0,11995.0
Suzuki,DR-Z 400SM,2019,6172.0,400.0,7995.0
Suzuki,SV650X,2019,1776.0,650.0,8495.0
Suzuki,HAYABUSA,2022,1188.0,568.8730158730159,15890.0
Suzuki,GSX-S750Z ABS,2022,0.0,750.0,8449.0
Suzuki,GSX-R 1000 ABS,2022,3650.0,1000.0,16879.0
Suzuki,RM85,2022,0.0,85.0,4399.0
Suzuki,GSX-R1000,2022,1260.0,1000.0,16392.0
Suzuki,GSX-S750Z ABS,2022,1.0,750.0,8509.0
Suzuki,GSX-S750Z ABS,2022,1.0,750.0,8509.0
Suzuki,V-Strom 650,2023,0.0,650.0,9104.0
Suzuki,Burgman 200,2022,1.0,200.0,4999.0
Suzuki,GSX-R1000,2023,3.0,1000.0,16149.0
Suzuki,Burgman 400,2023,0.0,400.0,8599.0
Suzuki,DR-Z400SM,2023,0.0,400.0,7749.0
Suzuki,DR-Z400SM,2023,3.0,400.0,7799.0
Suzuki,DR-Z400SM,2023,0.0,400.0,7799.0
Suzuki,GSX-R750,2023,0.0,750.0,12849.0
Suzuki,GSX-R1000,2023,3.0,1000.0,16149.0
Suzuki,SV650 ABS,2023,0.0,650.0,7849.0
Suzuki,Hayabusa,2023,3.0,568.8730158730159,18799.0
Suzuki,GSX-R750,2023,0.0,750.0,12849.0
Suzuki,GSX-R1000RZ,2023,0.0,1000.0,18299.0
Suzuki,Burgman 400,2023,0.0,400.0,8599.0
Suzuki,GSX-S750Z ABS,2022,1.0,750.0,8509.0
Suzuki,Boulevard S-40 S40,2018,5554.0,40.0,4999.0
Suzuki,Burgman 400 ABS,2018,1132.0,400.0,6291.0
Suzuki,Burgman 400,2019,981.0,400.0,6491.0
Suzuki,SV650,2023,0.0,650.0,7399.0
Suzuki,GSX-R600,2023,3.0,600.0,11699.0
Suzuki,GSX-S1000,2023,0.0,1000.0,11499.0
Suzuki,Hayabusa,2023,3.0,568.8730158730159,18799.0
Suzuki,Burgman 400,2023,0.0,400.0,8599.0
Suzuki,RM-Z450,2023,0.0,450.0,8999.0
Suzuki,DR-Z125L,2023,0.0,125.0,2999.0
Suzuki,DR-Z400S,2023,3.0,400.0,7099.0
Suzuki,RM-Z250,2023,2.0,250.0,8398.0
Suzuki,Hayabusa,2023,3.0,568.8730158730159,18799.0
Suzuki,RM-Z450,2023,0.0,450.0,8999.0
Suzuki,Hayabusa,2023,3.0,568.8730158730159,18799.0
Suzuki,RM-Z250,2023,0.0,250.0,6999.0
Suzuki,GSX-R600,2023,3.0,600.0,11699.0
Suzuki,GSX-R750Z,2023,0.0,750.0,12949.0
Suzuki,Boulevard C90T,2005,39523.0,90.0,4999.0
Suzuki,V-Strom 1000 ABS Adventure,2014,43073.0,1000.0,6890.0
Suzuki,GSX-S750,2015,2938.0,750.0,5999.0
Suzuki,GSX- S1000F ABS,2017,5084.0,1000.0,8880.0
Suzuki,V-Strom 1000,2018,2999.0,1000.0,10591.0
Suzuki,DR-Z400S,2018,1930.0,400.0,6491.0
Suzuki,V-Strom 650XT,2018,1403.0,650.0,7991.0
Suzuki,GSX-R1000 ABS,2018,2802.0,1000.0,15698.0
Suzuki,Boulevard S40,2019,221.0,40.0,5999.0
Suzuki,GSX250R,2019,1178.0,250.0,4392.0
Suzuki,V-Strom 1050XT,2020,3849.0,1050.0,13793.0
Suzuki,Hayabusa,2023,3.0,568.8730158730159,18799.0
Suzuki,DR-Z125L,2023,0.0,125.0,2999.0
Suzuki,Burgman 400,2023,1.0,400.0,8599.0
Suzuki,GSX-R1000,2023,0.0,1000.0,16149.0
Suzuki,V-Strom 1050XT,2020,1747.0,1050.0,13875.0
Suzuki,SV650 ABS,2020,3585.0,650.0,6999.0
Suzuki,GSX-S1000F,2020,2672.0,1000.0,9991.0
Suzuki,Boulevard C50,2021,1960.0,50.0,7895.0
Suzuki,Hayabusa,2022,1.0,568.8730158730159,18599.0
Suzuki,GSX-S750,2022,1.0,750.0,7999.0
Suzuki,RM85,2022,0.0,85.0,4399.0
Suzuki,RM85,2022,0.0,85.0,4399.0
Suzuki,RM85,2022,0.0,85.0,2999.0
Suzuki,V-Strom 1050XT Adventure,2022,0.0,1050.0,14499.0
Suzuki,RM-Z450,2022,0.0,450.0,8999.0
Suzuki,DR-Z125 LM2,2022,0.0,125.0,3399.0
Suzuki,DR-Z400S,2023,0.0,400.0,7099.0
Suzuki,DR-Z400S,2023,0.0,400.0,6975.0
Suzuki,DR-Z400SM,2023,1.0,400.0,7799.0
Suzuki,DR-Z400S,2023,1.0,400.0,7099.0
Suzuki,DR-Z400SM,2023,0.0,400.0,7799.0
Suzuki,DR650S,2023,1.0,650.0,6999.0
Suzuki,DR650S,2023,1.0,650.0,6999.0
Suzuki,DR-Z400SM,2023,1.0,400.0,7799.0
Suzuki,DR-Z400S,2023,0.0,400.0,6975.0
Suzuki,DR-Z125L,2023,0.0,125.0,3499.0
Suzuki,Hayabusa,2023,3.0,568.8730158730159,18799.0
Suzuki,GSX-R600,2023,0.0,600.0,11699.0
Suzuki,DR-Z400S,2023,0.0,400.0,7099.0
Suzuki,DR-Z400S,2023,1.0,400.0,7099.0
Suzuki,DR-Z125L,2023,0.0,125.0,3499.0
Suzuki,GSX-S750Z ABS,2022,3.0,750.0,8949.0
Suzuki,V-Strom 1000 ABS,2014,20178.0,1000.0,7999.0
Suzuki,GSX-S1000GT Plus 1000GT+,2022,0.0,1000.0,13799.0
Suzuki,V-Strom 1000 ABS,2014,20178.0,1000.0,7999.0
Suzuki,GSX-R1000,2017,32655.0,1000.0,12900.0
Suzuki,GSX-R600,2018,25217.0,600.0,10988.0
Suzuki,GSX-S750,2022,1917.0,750.0,8949.0
Suzuki,Boulevard M109R B.O.S.S.,2023,0.0,109.0,15599.0
Suzuki,Hayabusa,2022,6500.0,568.8730158730159,16499.0
Suzuki,Hayabusa,2022,6500.0,568.8730158730159,16499.0
Suzuki,RM-Z450,2023,0.0,450.0,8999.0
Suzuki,Boulevard C50T C50 T,2021,0.0,50.0,9599.0
Suzuki,V-Strom 650XT Adventure,2022,0.0,650.0,10499.0
Suzuki,Volusia 800 C50,2005,11992.0,800.0,3999.0
Suzuki,Volusia 800 C50,2005,11992.0,800.0,3999.0
Suzuki,Volusia 800 C50,2005,11992.0,800.0,3999.0
Suzuki,Intruder 1500,2000,19663.0,1500.0,2999.0
Suzuki,GSX-S1000F ABS,2016,11561.0,1000.0,7999.0
Suzuki,Boulevard M109R B.O.S.S.,2023,1.0,109.0,15599.0
Suzuki,Boulevard S40,2019,489.0,40.0,4993.0
Suzuki,BOULEVARD C50 T,2013,14920.0,50.0,4999.0
Suzuki,DR-Z400SM,2023,0.0,400.0,7749.0
Suzuki,VOLUSIA VL800ZK3 VOLUSIA,2003,3619.0,800.0,3299.0
Suzuki,VOLUSIA VL800ZK3 VOLUSIA,2003,3619.0,800.0,3299.0
Suzuki,VOLUSIA VL800ZK3 VOLUSIA,2003,3619.0,800.0,3299.0
Suzuki,Boulevard C50T C50 T,2022,1.0,50.0,8550.0
Suzuki,Boulevard C50,2023,0.0,50.0,8909.0
Suzuki,GSX-R1000,2013,20602.0,1000.0,9999.0
Suzuki,GSX-R1000,2013,20602.0,1000.0,9999.0
Suzuki,DR-Z400S,2020,699.0,400.0,6499.0
Suzuki,SV650 ABS,2017,21617.0,650.0,5890.0
Suzuki,V-Strom 650,2023,0.0,650.0,9104.0
Suzuki,Boulevard M109R B.O.S.S.,2023,0.0,109.0,14425.0
Suzuki,Hayabusa,2022,0.0,568.8730158730159,16950.0
Suzuki,Boulevard C90 B.O.S.S.,2019,752.0,90.0,10999.0
Suzuki,GSX-R1000,2022,0.0,1000.0,15849.0
Suzuki,DR650S,2022,0.0,650.0,6849.0
Suzuki,GSX-S750,2022,0.0,750.0,8549.0
Suzuki,Hayabusa,2023,0.0,568.8730158730159,18799.0
Suzuki,VS800 INTRUDER 800 W/LEHMAN TRIKE KIT VOLUSIA,2002,3168.0,800.0,8885.0
Suzuki,Burgman 400,2005,24613.0,400.0,3999.0
Suzuki,Boulevard C90T,2007,42102.0,90.0,5199.0
Suzuki,Boulevard M90,2014,3895.0,90.0,8299.0
Suzuki,Hayabusa 50th Anniversary Edition LIMITED EDITION,2014,21688.0,50.0,11999.0
Suzuki,Hayabusa 50th Anniversary Edition LIMITED EDITION,2014,21688.0,50.0,11999.0
Suzuki,GSX-R750,2022,0.0,750.0,12599.0
Suzuki,Hayabusa,2023,0.0,568.8730158730159,18799.0
Suzuki,DR-Z400SM,2022,0.0,400.0,7599.0
Suzuki,GSX-R600Z,2023,0.0,600.0,11799.0
Suzuki,GSX-R1000R,2023,1.0,1000.0,18199.0
Suzuki,Boulevard C50,2023,0.0,50.0,8909.0
Suzuki,BOULEVARD S40,2015,3039.0,40.0,3499.0
Suzuki,V-Strom 1050,2020,313.0,1050.0,12999.0
Suzuki,RM85,2022,0.0,85.0,4199.0
Suzuki,Boulevard M109R B.O.S.S.,2022,0.0,109.0,15299.0
Suzuki,RM85,2022,0.0,85.0,4199.0
Suzuki,RM85,2022,0.0,85.0,4199.0
Suzuki,GSX-R750,2023,820.0,750.0,11999.0
Suzuki,SV650,2023,0.0,650.0,7399.0
Suzuki,INTRUDER VOLUSIA,2003,4703.0,568.8730158730159,2499.0
Suzuki,Boulevard M109R B.O.S.S.,2022,0.0,109.0,15299.0
Suzuki,Boulevard C50,2008,16029.0,50.0,4499.0
Suzuki,Boulevard C50,2008,16029.0,50.0,4499.0
Suzuki,Boulevard C50,2008,16029.0,50.0,4499.0
Suzuki,V-Strom 650 ABS Adventure,2012,3556.0,650.0,5999.0
Suzuki,GSX-R600,2013,32154.0,600.0,7995.0
Suzuki,RM85,2022,0.0,85.0,4499.0
Suzuki,RM85,2022,0.0,85.0,3399.0
Suzuki,DR-Z400S,2022,1.0,400.0,6699.0
Suzuki,GSX-S750,2022,0.0,750.0,7799.0
Suzuki,Burgman 200,2022,0.0,200.0,4999.0
Suzuki,DR-Z400SM,2022,1604.0,400.0,5697.0
Suzuki,GSX-R 1000R,2022,1600.0,1000.0,16000.0
Suzuki,GSX S1000,2022,1.0,1000.0,11299.0
Suzuki,GSX-R1000,2023,0.0,1000.0,16149.0
Suzuki,GSX-R750,2023,0.0,750.0,12899.0
Suzuki,GSX-R 600,2009,13860.0,600.0,6999.0
Suzuki,DR-Z400S,2023,0.0,400.0,7099.0
Suzuki,DR650S,2023,0.0,650.0,6999.0
Suzuki,GSX-R1000,2023,1.0,1000.0,16149.0
Suzuki,DR650S,2023,3.0,650.0,6999.0
Suzuki,DR-Z400SM,2023,0.0,400.0,7799.0
Suzuki,GSX-R750,2023,1.0,750.0,12849.0
Suzuki,DR-Z400SM,2023,0.0,400.0,7799.0
Suzuki,GSX-R750,2023,1.0,750.0,12849.0
Suzuki,DR-Z400SM,2023,8.0,400.0,7749.0
Suzuki,GSX-R600,2023,3.0,600.0,11799.0
Suzuki,DR-Z400SM,2023,1.0,400.0,7799.0
Suzuki,DR-Z400SM,2023,0.0,400.0,6791.0
Suzuki,SV650,2023,0.0,650.0,7399.0
Suzuki,GSX-R750,2023,0.0,750.0,12849.0
Suzuki,BOULEVARD C90T,2006,23000.0,90.0,7499.0
Suzuki,BOULEVARD C50,2005,5893.0,50.0,4500.0
Suzuki,V Strom 1000,2003,14440.0,1000.0,4499.0
Suzuki,Hayabusa,2023,0.0,568.8730158730159,18799.0
Suzuki,V-Strom 650,2023,1.0,650.0,9104.0
Suzuki,RM-Z450,2022,0.0,450.0,7291.0
Suzuki,RM-Z450,2022,0.0,450.0,7291.0
Suzuki,DR-Z 400,2013,3300.0,400.0,5499.0
Suzuki,DR650S,2023,0.0,650.0,6999.0
Suzuki,GSX-R750,2023,0.0,750.0,12849.0
Suzuki,DR650S,2023,0.0,650.0,6999.0
Suzuki,DR-Z400S,2023,0.0,400.0,6999.0
Suzuki,BOULEVARD C50,2007,12444.0,50.0,3000.0
Suzuki,GSX-S 1000 ABS,2016,8115.0,1000.0,7700.0
Suzuki,HAYABUSA 1340,2022,2900.0,1340.0,19000.0
Suzuki,BOULEVARD C90,2008,12194.0,90.0,4500.0
Suzuki,GSX-R750,2023,0.0,750.0,12949.0
Suzuki,DR Z 400S,2005,5814.0,400.0,4995.0
Suzuki,GSX-R 750,2011,17000.0,750.0,8000.0
Suzuki,DR 650,2018,500.0,650.0,5995.0
Suzuki,SV 650X,2020,1660.0,650.0,7750.0
Suzuki,GSX R 750,2022,1298.0,750.0,11699.0
Suzuki,BOULEVARD M109R,2008,12780.0,109.0,8200.0
Suzuki,BOULEVARD M109R LIMITED EDITION,2011,16881.0,109.0,7000.0
Suzuki,GSXR 750,2013,14000.0,750.0,8495.0
Suzuki,SV650 X,2017,660.0,650.0,5500.0
Suzuki,GSX-S 750,2018,4595.0,750.0,7250.0
Suzuki,GSX S 1000 ABS,2019,5800.0,1000.0,7900.0
Suzuki,GSX-S 1000 ABS,2020,2285.0,1000.0,8950.0
Suzuki,HAYABUSA 1300,2003,7263.0,1300.0,7000.0
Suzuki,Hayabusa,2008,32184.0,568.8730158730159,10295.0
Suzuki,Boulevard C50,2022,0.0,50.0,8609.0
Suzuki,DR-Z400S,2022,0.0,400.0,6999.0
Suzuki,GSX-R1000R,2022,0.0,1000.0,17899.0
Suzuki,GSX R 600,2015,9066.0,600.0,10890.0
Suzuki,GSX-R 750,2015,9017.0,750.0,10999.0
Suzuki,GSX-R600,2015,10174.0,600.0,10499.0
Suzuki,GSX-R750,2015,13879.0,750.0,10999.0
Suzuki,GSX-R 600,2016,24150.0,600.0,8999.0
Suzuki,GSX-R 600,2016,10066.0,600.0,9999.0
Suzuki,GW250,2017,5445.0,250.0,3499.0
Suzuki,GSX-R750 600,2017,5176.0,750.0,11499.0
Suzuki,V-STROM 650 ABS,2017,366.0,650.0,8498.0
Suzuki,GSX-R1000,2017,15623.0,1000.0,15995.0
Suzuki,Boulevard M109R BOSS C50 B.O.S.S.,2017,9004.0,109.0,11999.0
Suzuki,V-STROM 1000 ABS,2018,3827.0,1000.0,9900.0
Suzuki,GSX R 750,2015,10035.0,750.0,10890.0
Suzuki,GSX-R 1000,2018,3813.0,1000.0,14499.0
Suzuki,Boulevard S40,2018,927.0,40.0,6798.0
Suzuki,Boulevard S40,2018,2869.0,40.0,6798.0
Suzuki,GSX-R750,2018,5098.0,750.0,12498.0
Suzuki,Burgman 400 ABS,2018,1755.0,400.0,6199.0
Suzuki,Boulevard M90,2018,3386.0,90.0,8999.0
Suzuki,GSX-R1000R,2018,888.0,1000.0,13999.0
Suzuki,SV650X ABS,2019,1397.0,650.0,8498.0
Suzuki,SV650 ABS,2019,2635.0,650.0,7125.0
Suzuki,BOULEVARD C50 T,2019,11965.0,50.0,7995.0
Suzuki,V-STROM 1050,2020,1152.0,1050.0,11890.0
Suzuki,SV650,2020,6282.0,650.0,6498.0
Suzuki,SV650X,2020,13850.0,650.0,7999.0
Suzuki,Boulevard C50,2018,6848.0,50.0,5695.0
Suzuki,SFV650 GLADIUS,2014,7674.0,650.0,4995.0
Suzuki,BOULEVARD M90,2013,4909.0,90.0,6900.0
Suzuki,GSX-R750,2012,987.0,750.0,10950.0
Suzuki,Hayabusa,2015,3800.0,568.8730158730159,12899.0
Suzuki,V-Strom 650XT,2017,29661.0,650.0,6495.0
Suzuki,M109R Boss,2017,20940.0,109.0,11988.0
Suzuki,DR-Z 400SM,2018,5420.0,400.0,6890.0
Suzuki,GSX-R 600,2018,14048.0,600.0,10890.0
Suzuki,GSX S 750,2018,8022.0,750.0,7890.0
Suzuki,V STROM 650XT TOURING,2019,4280.0,650.0,7990.0
Suzuki,Boulevard C90T,2019,2298.0,90.0,9699.0
Suzuki,Hayabusa,2019,3874.0,568.8730158730159,14999.0
Suzuki,DR 650S,2020,7035.0,650.0,6390.0
Suzuki,SV650 ABS,2020,3572.0,650.0,6999.0
Suzuki,SV 650,2020,1831.0,650.0,7290.0
Suzuki,V-Strom 1050XT Adventure,2020,782.0,1050.0,13991.0
Suzuki,GSX-S750,2020,7133.0,750.0,8995.0
Suzuki,DR Z 400SM BASE,2022,3785.0,400.0,8390.0
Suzuki,DR-Z400SM,2022,236.0,400.0,7699.0
Suzuki,GSX-R1000,2022,2905.0,1000.0,16999.0
Suzuki,GSX-R600,2023,1.0,600.0,11799.0
Suzuki,GSX-R1000R,2023,0.0,1000.0,16199.0
Suzuki,Hayabusa,2023,0.0,568.8730158730159,17120.0
Suzuki,DR-Z400SM,2023,0.0,400.0,7570.0
Suzuki,DR-Z400SM,2023,0.0,400.0,7570.0
Suzuki,DR-Z400SM,2023,5.0,400.0,7799.0
Suzuki,RM-Z450,2006,25.0,450.0,3999.0
Suzuki,BANDIT 1250,2007,6383.0,1250.0,5890.0
Suzuki,BOULEVARD C 109R C109RTK8,2008,3169.0,109.0,6900.0
Suzuki,GSX R 750,2009,14737.0,750.0,9390.0
Suzuki,DR200S,2020,970.0,200.0,4884.0
Suzuki,V-Strom 1000 ABS,2014,20178.0,1000.0,7999.0
Suzuki,DR-Z 400SM,2021,6860.0,400.0,7590.0
Suzuki,GSX-R600 100th Anniversary Edition,2021,2264.0,600.0,10999.0
Suzuki,V-STROM 1050,2023,0.0,1050.0,15199.0
Suzuki,Hayabusa,2023,0.0,568.8730158730159,17499.0
Suzuki,RM-Z250,2023,0.0,250.0,7318.0
Suzuki,DR-Z400SM,2023,0.0,400.0,7570.0
Suzuki,DR650S,2023,0.0,650.0,6890.0
Suzuki,DR-Z400SM,2023,0.0,400.0,7570.0
Suzuki,GSX-R750,2012,26073.0,750.0,9799.0
Suzuki,GSX250R ABS,2021,0.0,250.0,5051.0
Suzuki,GSX-S750,2022,0.0,750.0,8549.0
Suzuki,Hayabusa,2023,0.0,568.8730158730159,17120.0
Suzuki,DR-Z400SM,2023,0.0,400.0,7570.0
Suzuki,V-Strom 650 ABS,2016,39947.0,650.0,6495.0
Suzuki,RM-Z250,2022,0.0,250.0,7899.0
Suzuki,V-Strom 1000 ABS Adventure,2016,5039.0,1000.0,9749.0
Suzuki,GSX-R750,2019,23340.0,750.0,11695.0
Suzuki,GSX-R1000RZ,2022,0.0,1000.0,17999.0
Suzuki,DR-Z400SM,2022,0.0,400.0,7599.0
Suzuki,Hayabusa,2022,3454.0,568.8730158730159,17997.0
Suzuki,GSX-R1000,2022,0.0,1000.0,15849.0
Suzuki,DR-Z400S,2023,0.0,400.0,6975.0
Suzuki,C50 BOULEVARD 800 W/TRIKE KIT,2005,24904.0,50.0,9999.0
Suzuki,GSX-R600,2017,15715.0,600.0,10295.0
Suzuki,GSX-R1000R,2018,7573.0,1000.0,17995.0
Suzuki,Boulevard S40,2019,3135.0,40.0,5499.0
Suzuki,Boulevard C50T C50 T,2021,0.0,50.0,8945.0
Suzuki,GSX-R750,2022,0.0,750.0,12599.0
Suzuki,V-Strom 650XT,2017,25394.0,650.0,7795.0
Suzuki,DR-Z400S,2022,0.0,400.0,6999.0
Suzuki,V-Strom 650,2019,3153.0,650.0,7591.0
Suzuki,Hayabusa,2016,6277.0,568.8730158730159,13091.0
Suzuki,GSX-R1000,2021,221.0,1000.0,17995.0
Suzuki,RM-Z250,2022,0.0,250.0,7899.0
Suzuki,SV 650 ABS,2022,2261.0,650.0,8999.0
Suzuki,GSX-R 600,2022,2003.0,600.0,10999.0
Suzuki,GSX-S750Z ABS,2022,0.0,750.0,11735.0
Suzuki,Burgman 200,2022,463.0,200.0,5998.0
Suzuki,GSX-1300RR 1250FA,2022,3419.0,1300.0,18400.0
Suzuki,Hayabusa,2022,597.0,568.8730158730159,18295.0
Suzuki,SV650,2023,4.0,650.0,7399.0
Suzuki,DR-Z400S,2023,5.0,400.0,7099.0
Suzuki,BOULEVARD,2005,14070.0,568.8730158730159,4595.0
Suzuki,GSX-R 750,2011,28885.0,750.0,8990.0
Suzuki,Boulevard C50 T,2012,29001.0,50.0,5999.0
Suzuki,Boulevard C50 T,2013,6319.0,50.0,5199.0
Suzuki,DR-Z400SM,2015,11693.0,400.0,5499.0
Suzuki,GSX-R 1000 ABS,2017,2677.0,1000.0,14495.0
Suzuki,V STROM 650 ABS DL 650ABS,2017,4156.0,650.0,7499.0
Suzuki,GSX-R 1000R,2018,10598.0,1000.0,15790.0
Suzuki,Boulevard C90T,2019,4594.0,90.0,7995.0
Suzuki,DR-Z400SM,2021,1116.0,400.0,7499.0
Suzuki,DR650S,2022,0.0,650.0,6849.0
Suzuki,Hayabusa,2023,0.0,568.8730158730159,18799.0
Suzuki,DR-Z400S,2023,0.0,400.0,6975.0
Suzuki,Hayabusa,2023,0.0,568.8730158730159,18799.0
Suzuki,Hayabusa,2023,0.0,568.8730158730159,17120.0
Suzuki,V-Strom 1050DE,2023,0.0,1050.0,14750.0
Suzuki,DR650S,2023,0.0,650.0,6999.0
Suzuki,GSX-R600,2021,2220.0,600.0,11580.0
Suzuki,HAYABUSA,2018,1415.0,568.8730158730159,13199.0
Suzuki,GSX-S1000,2022,1216.0,1000.0,10691.0
Suzuki,V-Strom 650 XT 650XT,2017,21226.0,650.0,8495.0
Suzuki,Boulevard C90T,2017,4683.0,90.0,8999.0
Suzuki,GSX-R1000R,2017,13885.0,1000.0,12900.0
Suzuki,VanVan 200,2017,4792.0,200.0,3295.0
Suzuki,GSX-R600,2017,6916.0,600.0,11499.0
Suzuki,V-Strom 650XT,2018,5985.0,650.0,8995.0
Suzuki,Boulevard M90,2019,2171.0,90.0,8999.0
Suzuki,Boulevard M90,2019,2888.0,90.0,8918.0
Suzuki,Boulevard M90,2019,1509.0,90.0,8999.0
Suzuki,V-Strom 650,2019,12839.0,650.0,6828.0
Suzuki,Katana,2020,1600.0,568.8730158730159,11400.0
Suzuki,Katana,2020,405.0,568.8730158730159,9498.0
Suzuki,GSX-R1000,2020,4320.0,1000.0,15995.0
Suzuki,GSX-R 1000R,2017,2083.0,1000.0,13995.0
Suzuki,V-Strom 1050XT,2020,13790.0,1050.0,11991.0
Suzuki,Hayabusa,2022,0.0,568.8730158730159,18599.0
Suzuki,Hayabusa,2022,0.0,568.8730158730159,18599.0
Suzuki,GSX250R ABS,2022,370.0,250.0,5471.0
Suzuki,Burgman 200,2022,0.0,200.0,3999.0
Suzuki,Burgman 200,2022,0.0,200.0,3999.0
Suzuki,Burgman 200,2022,0.0,200.0,4499.0
Suzuki,RM-Z450,2022,0.0,450.0,7988.0
Suzuki,GSX250R ABS,2022,0.0,250.0,4499.0
Suzuki,Boulevard C50,2022,0.0,50.0,7988.0
Suzuki,DR-Z400SM,2023,0.0,400.0,7799.0
Suzuki,Hayabusa,2023,0.0,568.8730158730159,18799.0
Suzuki,Hayabusa,2023,0.0,568.8730158730159,16999.0
Suzuki,V-Strom 650XT Adventure,2020,2335.0,650.0,8182.0
Suzuki,GSX-R1000,2023,0.0,1000.0,16149.0
Suzuki,Boulevard C50 T,2016,2291.0,50.0,6499.0
Suzuki,V-Strom 1000 ABS,2014,23447.0,1000.0,6458.0
Suzuki,GSX-S1000,2023,0.0,1000.0,11499.0
Suzuki,GSX-8S 1000F,2023,0.0,1000.0,8849.0
Suzuki,RM-Z450,2023,0.0,450.0,7999.0
Suzuki,Boulevard M109R B.O.S.S.,2023,0.0,109.0,15599.0
Suzuki,Hayabusa,2023,0.0,568.8730158730159,18799.0
Suzuki,SV650AM3,2023,0.0,650.0,7395.0
Suzuki,GSX-R750,2023,1.0,750.0,11899.0
Suzuki,DR-Z400SM,2023,0.0,400.0,7749.0
Suzuki,GSX-R600,2023,0.0,600.0,11699.0
Suzuki,Hayabusa,2023,0.0,568.8730158730159,17999.0
Suzuki,GSX-R1000R,2023,0.0,1000.0,18199.0
Suzuki,VL1500 INTRUDER LC 1500,2000,32177.0,1500.0,3400.0
Suzuki,V-Strom 1000 ABS Adventure,2016,2145.0,1000.0,9488.0
Suzuki,VS1400 INTRUDER,2003,14466.0,1400.0,3300.0
Suzuki,Boulevard C50,2006,44590.0,50.0,2999.0
Suzuki,Boulevard C109RT,2008,52454.0,109.0,4999.0
Suzuki,V-STROM 1000,2008,45500.0,1000.0,4200.0
Suzuki,V-Strom 650 ABS,2011,10754.0,650.0,5999.0
Suzuki,GSX1300R HAYABUSA,2011,4987.0,1300.0,11500.0
Suzuki,V STROM 650 ABS,2012,23500.0,650.0,4350.0
Suzuki,Hayabusa,2013,1890.0,568.8730158730159,11999.0
Suzuki,V-Strom 1000 ABS Adventure,2014,22770.0,1000.0,8460.0
Suzuki,V-Strom 1000 ABS,2014,11200.0,1000.0,8999.0
Suzuki,GSX-R 750,2014,3533.0,750.0,11995.0
Suzuki,Boulevard C90 B.O.S.S.,2014,16806.0,90.0,9990.0
Suzuki,GSX R 750,2014,12670.0,750.0,9000.0
Suzuki,BURGMAN 650,2005,6123.0,650.0,4999.0
Suzuki,GSX-S1000,2023,0.0,1000.0,11499.0
Suzuki,GT 750,1974,33578.0,750.0,6900.0
Suzuki,GSX 1000,2005,8412.0,1000.0,7600.0
Suzuki,GSX-R1000RAZL8,2018,1792.0,1000.0,14777.0
Suzuki,GSX-R750,2018,9913.0,750.0,10301.0
Suzuki,V-Strom 650XT Touring 650XT ABS,2019,8861.0,650.0,8999.0
Suzuki,Boulevard M109R B.O.S.S.,2019,7460.0,109.0,11995.0
Suzuki,GSX250R,2019,374.0,250.0,5990.0
Suzuki,GSX250R ABS,2019,4983.0,250.0,3999.0
Suzuki,Boulevard C90 B.O.S.S.,2019,1914.0,90.0,9991.0
Suzuki,SV650X,2019,4769.0,650.0,5999.0
Suzuki,VL1500 M90 BLVD,2019,6555.0,1500.0,9500.0
Suzuki,Katana,2020,6.0,568.8730158730159,12990.0
Suzuki,Katana,2020,1481.0,568.8730158730159,11990.0
Suzuki,Katana,2020,3288.0,568.8730158730159,11252.0
Suzuki,GSX250R,2018,1072.0,250.0,5490.0
Suzuki,V-STROM 650 XT 650XT,2020,5667.0,650.0,8495.0
Suzuki,V-Strom 650,2021,1261.0,650.0,8499.0
Suzuki,DR-Z400S,2021,2186.0,400.0,6487.0
Suzuki,HAYABUSA 1300,2022,2375.0,1300.0,17995.0
Suzuki,SV650,2022,0.0,650.0,7299.0
Suzuki,GSX-S750,2022,1.0,750.0,7549.0
Suzuki,GSX-R750,2022,7880.0,750.0,10991.0
Suzuki,DR-Z400SM,2022,0.0,400.0,7599.0
Suzuki,RM85,2022,0.0,85.0,4499.0
Suzuki,Burgman 200,2022,0.0,200.0,4999.0
Suzuki,RM85,2022,0.0,85.0,4499.0
Suzuki,Boulevard C50T C50 T,2022,1.0,50.0,10059.0
Suzuki,Hayabusa,2022,1075.0,568.8730158730159,16220.0
Suzuki,V-STROM 650 ABS,2020,4600.0,650.0,7200.0
Suzuki,GSX250R,2018,175.0,250.0,4995.0
Suzuki,GSX-R1000,2018,9412.0,1000.0,12492.0
Suzuki,GSX250R,2018,1072.0,250.0,5490.0
Suzuki,Boulevard C50,2007,13913.0,50.0,4995.0
Suzuki,V STROM 1000,2008,10395.0,1000.0,5295.0
Suzuki,Boulevard C109R C109RTK8,2008,5382.0,109.0,7990.0
Suzuki,Boulevard C109R C109RTK8,2008,21020.0,109.0,5399.0
Suzuki,Boulevard M50 SPECIAL EDITION,2009,11200.0,50.0,4400.0
Suzuki,Burgman 400,2009,9871.0,400.0,2999.0
Suzuki,VLR1800-C 109RT C109RTK8,2009,31459.0,1800.0,6400.0
Suzuki,GSX-R 750,2011,14359.0,750.0,8499.0
Suzuki,Boulevard M109R Limited Edition,2012,5197.0,109.0,10990.0
Suzuki,GSX-R 600,2013,15573.0,600.0,9470.0
Suzuki,HAYABUSA,2013,14511.0,568.8730158730159,11965.0
Suzuki,Boulevard C90T B.O.S.S.,2013,9082.0,90.0,9990.0
Suzuki,Boulevard M90,2013,11076.0,90.0,5999.0
Suzuki,V-Strom 1000 ABS,2014,34099.0,1000.0,7900.0
Suzuki,Hayabusa 50th Anniversary Edition LIMITED EDITION,2014,2850.0,50.0,14990.0
Suzuki,V STROM 1000 ABS,2014,19972.0,1000.0,8400.0
Suzuki,GSXR 600,2015,16448.0,600.0,8995.0
Suzuki,Boulevard C90 T C90T,2015,16284.0,90.0,8990.0
Suzuki,V-Strom 1000 ABS Adventure,2015,5533.0,1000.0,8993.0
Suzuki,GSX-S750,2015,4572.0,750.0,7997.0
Suzuki,Hayabusa,2016,1674.0,568.8730158730159,15990.0
Suzuki,Hayabusa,2017,4730.0,568.8730158730159,14990.0
Suzuki,RMX450Z,2017,1087.0,450.0,5199.0
Suzuki,SV650,2017,820.0,650.0,7888.0
Suzuki,GSX-R600,2017,11115.0,600.0,9999.0
Suzuki,GSX-R750,2017,3899.0,750.0,11999.0
Suzuki,GSX-S1000 ABS,2018,5475.0,1000.0,9990.0
Suzuki,Boulevard M109R B.O.S.S.,2023,0.0,109.0,15599.0
Suzuki,RM85,2022,0.0,85.0,3799.0
Suzuki,DR-Z400SM,2023,0.0,400.0,7799.0
Suzuki,DR-Z400SM,2023,0.0,400.0,7799.0
Suzuki,GSX-S1000GT+,2023,0.0,1000.0,14099.0
Suzuki,GSX-S1000GT+,2023,0.0,1000.0,14099.0
Suzuki,GSX-R1000RZ,2023,0.0,1000.0,18299.0
Suzuki,Burgman 400 ABS,2023,0.0,400.0,8599.0
Suzuki,DR650S,2023,1.0,650.0,6999.0
Suzuki,GSX-R1000R,2023,1.0,1000.0,18199.0
Suzuki,GSX-R600,2023,0.0,600.0,11699.0
Suzuki,GSX-R750,2023,0.0,750.0,12849.0
Suzuki,GSX-S1000GT,2023,0.0,1000.0,13349.0
Suzuki,DR-Z400SM,2023,0.0,400.0,7799.0
Suzuki,DR-Z400S,2023,0.0,400.0,7099.0
Suzuki,GSX-R 1000R,2023,3.0,1000.0,16495.0
Suzuki,DR-Z400S,2023,5.0,400.0,7099.0
Suzuki,HAYABUSA,2023,3.0,568.8730158730159,15899.0
Suzuki,Hayabusa,2023,1.0,568.8730158730159,18799.0
Suzuki,SV650,2023,0.0,650.0,6999.0
Suzuki,DR-Z400S,2023,0.0,400.0,6699.0
Suzuki,DR650S,2023,0.0,650.0,6495.0
Suzuki,V-Strom 1000,2003,60566.0,1000.0,3699.0
Suzuki,VL1500 Intruder LC LC 1500,2003,1864.0,1500.0,3799.0
Suzuki,Bandit 1200 GFS GS1200,2005,28690.0,1200.0,3495.0
Suzuki,Boulevard C50T C50 T,2006,18634.0,50.0,4599.0
Suzuki,GS 500F,2007,12452.0,500.0,3499.0
Suzuki,Boulevard C90,2007,32008.0,90.0,5990.0
Suzuki,Boulevard M109R,2007,10116.0,109.0,6999.0
Suzuki,Boulevard M109R,2007,13924.0,109.0,7490.0
Suzuki,SV650,2023,3.0,650.0,6399.0
Suzuki,BOULEVARD C50,2009,6588.0,50.0,3995.0
Suzuki,GSX-R600,2023,1.0,600.0,11699.0
Suzuki,GSX-R1000R,2023,1.0,1000.0,18199.0
Suzuki,DR-Z400S,2023,0.0,400.0,7099.0
Suzuki,GSX-R750,2023,2.0,750.0,14099.0
Suzuki,Hayabusa,2023,0.0,568.8730158730159,18799.0
Suzuki,Hayabusa,2023,2.0,568.8730158730159,18799.0
Suzuki,DR650S,2023,0.0,650.0,6999.0
Suzuki,GSX-R1000R,2023,0.0,1000.0,18199.0
Suzuki,V-Strom 650,2023,2.0,650.0,9104.0
Suzuki,Boulevard M109R B.O.S.S.,2023,1.0,109.0,15599.0
Suzuki,GSX-R1000,2023,0.0,1000.0,16149.0
Suzuki,RM-Z450,2023,0.0,450.0,7999.0
Suzuki,DR-Z400S,2023,0.0,400.0,7099.0
Suzuki,Boulevard M109R B.O.S.S.,2023,5.0,109.0,15599.0
Suzuki,GSX-S1000GT+,2023,0.0,1000.0,14099.0
Suzuki,V-Strom 650,2023,1.0,650.0,9104.0
Suzuki,DR650S,2023,0.0,650.0,6999.0
Suzuki,DR650S,2023,0.0,650.0,6999.0
Suzuki,GSX-R750Z,2023,5.0,750.0,12949.0
Suzuki,Hayabusa,2023,0.0,568.8730158730159,16999.0
Suzuki,RM-Z250,2023,0.0,250.0,7399.0
Suzuki,Burgman 400,2023,0.0,400.0,8599.0
Suzuki,GSX-R1000R,2023,5.0,1000.0,16499.0
Suzuki,GSX-R1000R,2023,5.0,1000.0,18199.0
Suzuki,DR650S,2023,5.0,650.0,6999.0
Suzuki,DR-Z125L,2023,0.0,125.0,3499.0
Suzuki,RM85,2023,0.0,85.0,4499.0
Suzuki,GSX-R600,2023,0.0,600.0,11799.0
Suzuki,V-Strom 650,2023,3.0,650.0,10799.0
Suzuki,BOULEVARD C50,2009,9542.0,50.0,4799.0
Suzuki,DL1000 V-STROM,2009,41401.0,1000.0,4800.0
Suzuki,GSX R 1000,2011,3245.0,1000.0,9995.0
Suzuki,Hayabusa,2022,1505.0,568.8730158730159,18599.0
Suzuki,Boulevard M109R B.O.S.S.,2022,1.0,109.0,13481.0
Suzuki,RM-Z250,2022,100.0,250.0,7796.0
Suzuki,Burgman 200,2022,1.0,200.0,3899.0
Suzuki,DR-Z400SM,2023,0.0,400.0,7799.0
Suzuki,Hayabusa,2023,1.0,568.8730158730159,18799.0
Suzuki,Hayabusa,2023,1.0,568.8730158730159,18799.0
Suzuki,DR-Z400S,2023,700.0,400.0,6900.0
Suzuki,RM-Z450,2023,0.0,450.0,7999.0
Suzuki,SV 650,2023,1.0,650.0,9104.0
Suzuki,GSX-R1000RZ,2023,1.0,1000.0,18299.0
Suzuki,GSX-R750,2023,1.0,750.0,11349.0
Suzuki,Boulevard C50T C50 T,2022,0.0,50.0,7995.0
Suzuki,V-Strom 650,2023,0.0,650.0,8104.0
Suzuki,GSX-R1000,2023,1.0,1000.0,16149.0
Suzuki,Boulevard C50T C50 T,2023,1.0,50.0,10359.0
Suzuki,Hayabusa,2023,0.0,568.8730158730159,18799.0
Suzuki,Hayabusa,2023,0.0,568.8730158730159,18799.0
Suzuki,Hayabusa,2023,0.0,568.8730158730159,18799.0
Suzuki,DR-Z400SM,2023,0.0,400.0,7749.0
Suzuki,Hayabusa,2023,1.0,568.8730158730159,18799.0
Suzuki,Boulevard C50,2023,0.0,50.0,8909.0
Suzuki,RM-Z250,2023,0.0,250.0,6995.0
Suzuki,Boulevard M109R B.O.S.S.,2023,0.0,109.0,15399.0
Suzuki,GSX-R1000R,2023,1.0,1000.0,18199.0
Suzuki,GSX-R1000R,2023,0.0,1000.0,18199.0
Suzuki,Hayabusa,2023,0.0,568.8730158730159,18799.0
Suzuki,RM85,2022,1.0,85.0,2950.0
Suzuki,Burgman 200,2022,1.0,200.0,4999.0
Suzuki,RM85,2022,0.0,85.0,3799.0
Suzuki,Boulevard C50 T,2011,19844.0,50.0,4995.0
Suzuki,GSXR 1000,2012,38801.0,1000.0,8995.0
Suzuki,Hayabusa,2012,18001.0,568.8730158730159,12990.0
Suzuki,GSX-R 1000 COMMEMORATIVE EDITION,2013,13168.0,1000.0,11999.0
Suzuki,Boulevard M90,2013,3336.0,90.0,6499.0
Suzuki,BOULEVARD M90,2013,4752.0,90.0,6995.0
Suzuki,HAYABUSA GSX 1300,2014,32652.0,1300.0,10995.0
Suzuki,GSX-R600,2014,9298.0,600.0,8999.0
Suzuki,Boulevard C50T C50 T,2015,7614.0,50.0,4299.0
Suzuki,V-Strom 650 ABS Adventure,2015,12943.0,650.0,6991.0
Suzuki,SFV650,2015,33269.0,650.0,4999.0
Suzuki,SFV650,2015,3516.0,650.0,4477.0
Suzuki,GSXR1000,2015,8661.0,1000.0,13999.0
Suzuki,V-Strom 1000 ABS Adventure,2016,7575.0,1000.0,8977.0
Suzuki,GSX-R 600,2017,11379.0,600.0,10972.0
Suzuki,SV650,2017,21007.0,650.0,4999.0
Suzuki,V-Strom 1000XT,2018,2790.0,1000.0,10990.0
Suzuki,Hayabusa,2018,8700.0,568.8730158730159,12397.0
Suzuki,DR650S,2019,5115.0,650.0,4995.0
Suzuki,V-Strom 650XT,2021,2288.0,650.0,9495.0
Suzuki,Hayabusa,2022,0.0,568.8730158730159,15597.0
Suzuki,GSX250R ABS,2022,0.0,250.0,4688.0
Suzuki,RM85,2022,0.0,85.0,3899.0
Suzuki,Boulevard M109R B.O.S.S.,2022,1.0,109.0,13481.0
Suzuki,RM85,2022,0.0,85.0,3799.0
Suzuki,GSX250R ABS,2022,0.0,250.0,4688.0
Suzuki,RM85,2022,0.0,85.0,3899.0
Suzuki,RM-Z450,2023,0.0,450.0,7099.0
Suzuki,Hayabusa,2022,639.0,568.8730158730159,16999.0
Suzuki,DR-Z400SM,2023,1.0,400.0,6499.0
Suzuki,DR-Z400SM,2023,1.0,400.0,6499.0
Suzuki,GSX-R750Z,2023,1.0,750.0,12949.0
Suzuki,VZR1800BZM3 C50 T B.O.S.S.,2023,1.0,1800.0,15599.0
Suzuki,GSX-R1000RAM3,2023,1.0,1000.0,18199.0
Suzuki,DR-Z400SM,2023,1.0,400.0,7799.0
Suzuki,V-Strom 650,2023,1.0,650.0,9104.0
Suzuki,GSX-R1000RAM3,2023,1.0,1000.0,18199.0
Suzuki,V-Strom 1050,2023,1.0,1050.0,15199.0
Suzuki,GSX-R750,2023,0.0,750.0,12849.0
Suzuki,Hayabusa,2023,0.0,568.8730158730159,18799.0
Suzuki,Hayabusa,2023,0.0,568.8730158730159,18799.0
Suzuki,RM-Z450,2023,0.0,450.0,8999.0
Suzuki,GSX-S1000GT Plus 1000GT+,2023,1.0,1000.0,14099.0
Suzuki,GSX-S1000GT,2023,1.0,1000.0,13349.0
Suzuki,DR-Z400SM,2023,0.0,400.0,7799.0
Suzuki,GSX-R600Z,2023,0.0,600.0,11799.0
Suzuki,SV650 ABS,2023,0.0,650.0,7849.0
Suzuki,Hayabusa,2023,0.0,568.8730158730159,18799.0
Suzuki,GSX-R750,2023,0.0,750.0,12849.0
Suzuki,DR-Z400S,2023,0.0,400.0,7099.0
Suzuki,SV650,2023,1.0,650.0,6399.0
Suzuki,RM-Z450,2023,0.0,450.0,7650.0
Suzuki,SV 650,2001,23499.0,650.0,3499.0
Suzuki,VL800,2003,14384.0,800.0,2999.0
Suzuki,V-STROM 1000,2005,25484.0,1000.0,5999.0
Suzuki,C50 Boulevard,2006,4984.0,50.0,4295.0
Suzuki,GSX-1000R,2006,50696.0,1000.0,7900.0
Suzuki,DR-Z400SM,2023,0.0,400.0,7799.0
Suzuki,GSX-R750,2007,12056.0,750.0,7188.0
Suzuki,Boulevard C50T C50 T,2023,0.0,50.0,8909.0
Suzuki,DR650S,2023,0.0,650.0,6999.0
Suzuki,DR-Z400SM,2023,0.0,400.0,7799.0
Suzuki,GSX-R1000RZ,2023,1.0,1000.0,18299.0
Suzuki,GSX-R1000RAM3,2023,1.0,1000.0,18299.0
Suzuki,GSX-R600Z,2023,3.0,600.0,11799.0
Suzuki,V-Strom 1000 ABS,2014,16958.0,1000.0,7995.0
Suzuki,Boulevard M90,2016,10558.0,90.0,9000.0
Suzuki,GSX-R1000R,2017,8805.0,1000.0,13895.0
Suzuki,GSX-R600,2018,747.0,600.0,9290.0
Suzuki,V-Strom 1000,2019,2135.0,1000.0,11800.0
Suzuki,V-Strom 1000,2019,10271.0,1000.0,11391.0
Suzuki,Boulevard C90 B.O.S.S.,2019,4538.0,90.0,9894.0
Suzuki,Boulevard M90,2019,831.0,90.0,7295.0
Suzuki,Hayabusa,2023,0.0,568.8730158730159,18799.0
Suzuki,Boulevard M50,2019,242.0,50.0,6995.0
Suzuki,Katana,2020,6836.0,568.8730158730159,10995.0
Suzuki,V-Strom 650XT Adventure,2021,1548.0,650.0,10595.0
Suzuki,DR-Z400SM,2021,5261.0,400.0,6544.0
Suzuki,GSX-R750,2022,3281.0,750.0,12990.0
Suzuki,GSX-R750,2022,3161.0,750.0,12599.0
Suzuki,DR-Z125L,2022,1.0,125.0,3259.0
Suzuki,Hayabusa,2022,10700.0,568.8730158730159,15990.0
Suzuki,V-Strom 1050XT,2022,1.0,1050.0,14199.0
Suzuki,DR-Z400SM,2022,0.0,400.0,6999.0
Suzuki,Boulevard C50,2023,1.0,50.0,8909.0
Suzuki,GSX-R1000,2023,1.0,1000.0,16149.0
Suzuki,Hayabusa,2023,1.0,568.8730158730159,18799.0
Suzuki,V-Strom 1050XT,2020,532.0,1050.0,10877.0
Suzuki,Boulevard M50,2008,7399.0,50.0,2999.0
Suzuki,V-Strom 1000,2012,18995.0,1000.0,5888.0
Suzuki,Boulevard M50,2013,3961.0,50.0,4990.0
Suzuki,DR-Z400S,2023,1.0,400.0,6699.0
Suzuki,Hayabusa,2023,10.0,568.8730158730159,18799.0
Suzuki,DR-Z400SM,2023,0.0,400.0,7749.0
Suzuki,GSX-S1000,2023,0.0,1000.0,11499.0
Suzuki,DR-Z400SM,2023,0.0,400.0,7799.0
Suzuki,GSX-R1000R,2023,0.0,1000.0,18199.0
Suzuki,GSX-S1000,2023,0.0,1000.0,11499.0
Suzuki,GSX-R750,2023,0.0,750.0,12849.0
Suzuki,DR-Z400SM,2023,0.0,400.0,7799.0
Suzuki,GSX-R750,2023,0.0,750.0,12849.0
Suzuki,DR-Z400SM,2023,0.0,400.0,7799.0
Suzuki,GSX-S750Z ABS,2023,0.0,750.0,9149.0
Suzuki,DR-Z400SM,2022,1.0,400.0,7299.0
Suzuki,DR-Z400S,2023,0.0,400.0,7099.0
Suzuki,GSX-R1000,2023,0.0,1000.0,16149.0
Suzuki,DR-Z400S,2023,0.0,400.0,7099.0
Suzuki,DR-Z400S,2023,0.0,400.0,7099.0
Suzuki,GS500FK4,2004,2440.0,500.0,2995.0
Suzuki,Boulevard C50T C50 T,2006,16778.0,50.0,3499.0
Suzuki,VL1500T C90T,2006,18103.0,1500.0,4500.0
Suzuki,Boulevard C50,2007,4767.0,50.0,13999.0
Suzuki,BOULEVARD C50T C50 T,2008,27312.0,50.0,3999.0
Suzuki,Boulevard M109R,2008,12908.0,109.0,8990.0
Suzuki,Burgman 650 Exec 650 EXECUTIVE,2012,14485.0,650.0,5995.0
Suzuki,GSX-R1000L4 STR 1000R,2014,19531.0,1000.0,11900.0
Suzuki,V STROM 1000 ABS,2014,11405.0,1000.0,7999.0
Suzuki,GSX-R1000R,2023,0.0,1000.0,18199.0
Suzuki,DR-Z50,2022,1.0,50.0,2095.0
Suzuki,V-Strom 1050XT,2022,1.0,1050.0,13152.0
Suzuki,Burgman 200,2022,3.0,200.0,4999.0
Suzuki,Boulevard M50,2013,4721.0,50.0,5799.0
Suzuki,GSX-1000R L3,2013,31613.0,1000.0,10900.0
Suzuki,Boulevard C50T C50 T,2015,11837.0,50.0,5290.0
Suzuki,DR-Z400SM,2015,2912.0,400.0,5388.0
Suzuki,GSX-S 750,2015,4498.0,750.0,6500.0
Suzuki,Boulevard C90 B.O.S.S.,2016,3962.0,90.0,10990.0
Suzuki,GSX R 600,2017,12792.0,600.0,10475.0
Suzuki,GSX R 1000R,2017,24000.0,1000.0,15900.0
Suzuki,GSX-R600,2017,5839.0,600.0,9299.0
Suzuki,V-Strom 1000XT,2018,8208.0,1000.0,9997.0
Suzuki,V-Strom 1000,2018,17442.0,1000.0,8988.0
Suzuki,Boulevard C50T C50 T,2018,2378.0,50.0,6999.0
Suzuki,Boulevard M90,2018,15352.0,90.0,8450.0
Suzuki,GSX-R600,2019,2653.0,600.0,9990.0
Suzuki,SV650X,2019,999.0,650.0,6795.0
Suzuki,DR-Z400SM,2019,2231.0,400.0,6999.0
Suzuki,V-Strom 1050,2020,950.0,1050.0,10877.0
Suzuki,V-Strom 650XT Adventure,2020,2147.0,650.0,8999.0
Suzuki,Boulevard M109R B.O.S.S.,2021,4121.0,109.0,12999.0
Suzuki,DR650S,2022,485.0,650.0,6633.0
Suzuki,DR-Z50,2022,0.0,50.0,2209.0
Suzuki,GSX-S750,2022,0.0,750.0,8549.0
Suzuki,Hayabusa,2022,17680.0,568.8730158730159,14999.0
Suzuki,GSX-R1000R,2022,1252.0,1000.0,16999.0
Suzuki,GSX-S750,2022,0.0,750.0,8549.0
Suzuki,Burgman 200,2022,3.0,200.0,4999.0
Suzuki,V-Strom 1050XT,2022,1.0,1050.0,13152.0
Suzuki,Hayabusa,2023,0.0,568.8730158730159,18799.0
Suzuki,DR-Z400SM,2023,1.0,400.0,7799.0
Suzuki,DR650S,2023,0.0,650.0,6999.0
Suzuki,GSX-R1000,2023,0.0,1000.0,16149.0
Suzuki,DR-Z400S,2023,1.0,400.0,7099.0
Suzuki,Ts,1971,4700.0,568.8730158730159,2900.0
Suzuki,DR 650SE,2004,12190.0,650.0,3200.0
Suzuki,BOULEVARD C90T,2005,25000.0,90.0,3995.0
Suzuki,V Strom 1000,2005,78592.0,1000.0,1995.0
Suzuki,GSX-R1000,2005,20526.0,1000.0,7500.0
Suzuki,GSX-R 750,2006,23437.0,750.0,6988.0
Suzuki,Boulevard M109R,2007,19152.0,109.0,6999.0
Suzuki,BOULEVARD S50,2008,9856.0,50.0,2900.0
Suzuki,Boulevard C109R C109RTK8,2008,7965.0,109.0,8950.0
Suzuki,GSX1300R HAYABUSA,2008,18618.0,1300.0,10500.0
Suzuki,BOULEVARD,2011,13686.0,568.8730158730159,7399.0
Suzuki,Hayabusa,2023,0.0,568.8730158730159,17999.0
Suzuki,GSX R1000,2011,23354.0,1000.0,11990.0
Suzuki,M50 Boulevard,2014,8674.0,50.0,4495.0
Suzuki,Boulevard C50T C50 T,2016,12658.0,50.0,5999.0
Suzuki,HAYABUSA,2017,3642.0,568.8730158730159,13995.0
Suzuki,Hayabusa,2017,1160.0,568.8730158730159,14499.0
Suzuki,V-Strom 650,2017,12189.0,650.0,7799.0
Suzuki,GSX-R 1300 HAYABUSA BASE,2018,15585.0,1300.0,13995.0
Suzuki,Boulevard M90,2018,6082.0,90.0,7999.0
Suzuki,DL1000 V-Strom XT,2018,6843.0,1000.0,11495.0
Suzuki,Burgman 400 ABS,2018,4389.0,400.0,5633.0
Suzuki,GSX-R600,2018,5423.0,600.0,10891.0
Suzuki,RM-Z450,2018,3.0,450.0,5995.0
Suzuki,BOULEVARD M50,2019,931.0,50.0,7995.0
Suzuki,GSX-R600,2012,14889.0,600.0,9995.0
Suzuki,GSX-R600Z,2023,0.0,600.0,11799.0
Suzuki,Hayabusa,2023,0.0,568.8730158730159,18799.0
Suzuki,Hayabusa,2023,1.0,568.8730158730159,17999.0
Suzuki,Boulevard M109R B.O.S.S.,2023,1.0,109.0,15599.0
Suzuki,DR-Z400S,2023,0.0,400.0,7099.0
Suzuki,DR-Z400S,2023,1.0,400.0,7099.0
Suzuki,DR-Z400S,2023,0.0,400.0,7099.0
Suzuki,Hayabusa,2023,1.0,568.8730158730159,18799.0
Suzuki,Burgman 400,2023,0.0,400.0,8199.0
Suzuki,SV650 ABS,2023,0.0,650.0,6849.0
Suzuki,GSX-S1000,2023,1.0,1000.0,11499.0
Suzuki,GSX-R750,2023,0.0,750.0,12849.0
Suzuki,DR-Z400S,2023,1.0,400.0,7099.0
Suzuki,RM85,2023,0.0,85.0,3899.0
Suzuki,DR-Z400SM,2023,0.0,400.0,6749.0
Suzuki,RM-Z250,2023,0.0,250.0,7149.0
Suzuki,DR-Z400SM,2023,0.0,400.0,7799.0
Suzuki,V-Strom 650,2023,1.0,650.0,10799.0
Suzuki,RM85,2023,0.0,85.0,4499.0
Suzuki,Boulevard M109R B.O.S.S.,2023,1.0,109.0,15587.0
Suzuki,Hayabusa,2023,1.0,568.8730158730159,18799.0
Suzuki,DR-Z400SM,2023,0.0,400.0,7799.0
Suzuki,GSX-R600,2023,0.0,600.0,11699.0
Suzuki,DR-Z400S,2023,1.0,400.0,7099.0
Suzuki,DR-Z125L,2023,1.0,125.0,3499.0
Suzuki,GSX-R1000,2023,0.0,1000.0,16149.0
Suzuki,Boulevard C50T C50 T,2023,1.0,50.0,10359.0
Suzuki,SV650,2023,1.0,650.0,7399.0
Suzuki,Hayabusa 1340,2023,1.0,1340.0,18799.0
Suzuki,DR-Z125L,2023,0.0,125.0,3499.0
Suzuki,V-Strom 650,2019,21724.0,650.0,6599.0
Suzuki,GSX-R1000 ABS,2017,39900.0,1000.0,12500.0
Suzuki,Boulevard M109R B.O.S.S.,2019,1639.0,109.0,12991.0
Suzuki,Boulevard M109R B.O.S.S.,2020,4707.0,109.0,12995.0
Suzuki,GSX-R600,2023,1.0,600.0,11699.0
Suzuki,DR-Z400S,2023,1.0,400.0,7099.0
Suzuki,GSX-R1000,2023,3.0,1000.0,16149.0
Suzuki,Hayabusa,2023,1.0,568.8730158730159,18799.0
Suzuki,DR-Z400S,2023,1.0,400.0,7099.0
Suzuki,DR-Z400SM,2023,1.0,400.0,7799.0
Suzuki,RM85,2023,0.0,85.0,4499.0
Suzuki,Hayabusa,2023,0.0,568.8730158730159,18799.0
Suzuki,GSX-R600,2023,0.0,600.0,11799.0
Suzuki,GSX-S1000,2023,1.0,1000.0,11499.0
Suzuki,GSX-R600,2023,0.0,600.0,10899.0
Suzuki,RM-Z450,2023,0.0,450.0,8999.0
Suzuki,GSX-S1000,2023,1.0,1000.0,10999.0
Suzuki,SV650,2023,1.0,650.0,7399.0
Suzuki,GSX-R600,2023,0.0,600.0,11699.0
Suzuki,DR-Z400SM,2023,1.0,400.0,7799.0
Suzuki,RM85,2023,0.0,85.0,4499.0
Suzuki,GSX-R600,2023,0.0,600.0,11699.0
Suzuki,DR-Z400SM,2023,1.0,400.0,7799.0
Suzuki,DR-Z400S,2023,390.0,400.0,7091.0
Suzuki,Hayabusa,2023,0.0,568.8730158730159,18799.0
Suzuki,Hayabusa,2023,0.0,568.8730158730159,18799.0
Suzuki,V-Strom 650,2023,1.0,650.0,9104.0
Suzuki,Boulevard C50T C50 T,2023,0.0,50.0,10359.0
Suzuki,GSX-R600,2023,0.0,600.0,11699.0
Suzuki,Hayabusa,2023,0.0,568.8730158730159,18799.0
Suzuki,Hayabusa,2023,0.0,568.8730158730159,18799.0
Suzuki,DR-Z400SM,2023,1.0,400.0,6499.0
Suzuki,RM85,2022,0.0,85.0,3799.0
Suzuki,GSX-S750,2022,0.0,750.0,8549.0
Suzuki,GSX-R600,2020,7072.0,600.0,11970.0
Suzuki,V-Strom 650,2020,5570.0,650.0,7988.0
Suzuki,DR-Z400S,2020,2926.0,400.0,5794.0
Suzuki,Katana,2020,2158.0,568.8730158730159,11291.0
Suzuki,GSX-S750Z ABS,2020,2823.0,750.0,8595.0
Suzuki,V-Strom 1050,2020,12578.0,1050.0,14799.0
Suzuki,V-STROM 1050,2020,1320.0,1050.0,13490.0
Suzuki,GSX-R750,2020,1120.0,750.0,11199.0
Suzuki,SV650,2020,2555.0,650.0,6995.0
Suzuki,GSX-R 750 100TH ANNIVERSARY EDITION,2021,11170.0,750.0,12790.0
Suzuki,DR-Z400SM,2021,821.0,400.0,7697.0
Suzuki,DR-Z125L,2021,0.0,125.0,2995.0
Suzuki,DR-Z125LM2,2022,1.0,125.0,2848.0
Suzuki,Hayabusa,2022,3009.0,568.8730158730159,16591.0
Suzuki,GSX-S750,2022,1.0,750.0,8129.0
Suzuki,RM-Z450,2022,0.0,450.0,8999.0
Suzuki,Boulevard C50T C50 T,2022,0.0,50.0,9095.0
Suzuki,GSX-S750Z ABS,2022,0.0,750.0,8949.0
Suzuki,Boulevard M109R B.O.S.S.,2022,420.0,109.0,13995.0
Suzuki,GSX-S1000,2022,0.0,1000.0,11299.0
Suzuki,GSX-S750,2022,1.0,750.0,8129.0
Suzuki,GSX-S750,2022,1.0,750.0,8129.0
Suzuki,Hayabusa,2022,0.0,568.8730158730159,17995.0
Suzuki,RM-Z450,2022,0.0,450.0,8999.0
Suzuki,Burgman 200,2022,0.0,200.0,4495.0
Suzuki,DR650S,2023,3.0,650.0,6999.0
Suzuki,SV650 ABS,2022,1.0,650.0,7369.0
Suzuki,V-Strom 1000XT Adventure,2019,4051.0,1000.0,14000.0
Suzuki,DR-Z400SM,2023,0.0,400.0,7349.0
Suzuki,GSX-R600,2006,19950.0,600.0,6699.0
Suzuki,DR-Z 400E,2002,1200.0,400.0,4395.0
Suzuki,GSX R 1000,2003,28000.0,1000.0,7500.0
Suzuki,GSX-R 1000R,2023,3.0,1000.0,16495.0
Suzuki,SV650 ABS,2023,3.0,650.0,6499.0
Suzuki,GSX-R750,2023,0.0,750.0,12849.0
Suzuki,GSX-R600,2023,2.0,600.0,12999.0
Suzuki,DR-Z400S,2023,1.0,400.0,6499.0
Suzuki,Boulevard M50,2013,5586.0,50.0,6499.0
Suzuki,GSX-S750Z ABS,2022,3.0,750.0,7499.0
Suzuki,GSX-R 750,2019,6405.0,750.0,10000.0
Suzuki,BOULEVARD C50,2018,636.0,50.0,7499.0
Suzuki,GSX-R1000,2017,13751.0,1000.0,13977.0
Suzuki,HAYABUSA 1340,2016,9696.0,1340.0,12000.0
Suzuki,GSX-R600,2016,12330.0,600.0,10664.0
Suzuki,V-STROM 650 ABS,2016,19994.0,650.0,6250.0
Suzuki,DR Z 400SM,2021,1476.0,400.0,6950.0
Suzuki,GSX1300RK9 1250FA,2009,14405.0,1300.0,13199.0
Suzuki,BOULEVARD C90 B O S S,2018,8225.0,90.0,8995.0
Suzuki,DR-Z400S,2019,2278.0,400.0,6499.0
Suzuki,DR-Z400SM,2023,1.0,400.0,6499.0
Suzuki,SV650 ABS,2022,700.0,650.0,8750.0
Suzuki,V-Strom 1000,2018,15079.0,1000.0,6996.0
Suzuki,Boulevard M109R B.O.S.S.,2017,5625.0,109.0,10799.0
Suzuki,BOULEVARD M109R B.O.S.S.,2017,20714.0,109.0,7489.0
Suzuki,GSX-S1000 GT 1000GT,2023,3.0,1000.0,11999.0
Suzuki,Sv650 ABS,2019,2000.0,650.0,5995.0
Suzuki,V-Strom 650XT Adventure,2023,3.0,650.0,9499.0
Suzuki,BOULEVARD M109R,2007,5800.0,109.0,8000.0
Suzuki,GSX-R600,2023,0.0,600.0,11699.0
Suzuki,GSX-S1000GT,2023,3.0,1000.0,12499.0
Suzuki,GSX-R750,2023,1.0,750.0,12849.0
Suzuki,DR-Z 400S,2021,1333.0,400.0,6999.0
Suzuki,V-STROM 1050,2020,193.0,1050.0,15995.0
Suzuki,GSX-R 750,2015,11668.0,750.0,8000.0
Suzuki,GSX-R 600,2009,2525.0,600.0,7500.0
Suzuki,GSX-R 750,2008,6416.0,750.0,10599.0
Suzuki,Intruder Volusia 800,2002,31473.0,800.0,2999.0
Suzuki,VZR1800,2011,2310.0,1800.0,10500.0
Suzuki,Boulevard C50,2009,9010.0,50.0,3499.0
Suzuki,DR-Z400SM,2023,0.0,400.0,7799.0
Suzuki,SV650 ABS,2023,0.0,650.0,7849.0
Suzuki,Hayabusa,2023,1.0,568.8730158730159,17499.0
Suzuki,DR-Z400S,2023,0.0,400.0,7099.0
Suzuki,BOULEVARD M90,2013,1250.0,90.0,6500.0
Suzuki,GSX250R ABS,2022,0.0,250.0,4999.0
Suzuki,Hayabusa,2022,996.0,568.8730158730159,18795.0
Suzuki,SV650,2020,3258.0,650.0,6299.0
Suzuki,V-Strom 1050XT,2020,10225.0,1050.0,14499.0
Suzuki,Boulevard M109R B.O.S.S.,2020,217.0,109.0,13999.0
Suzuki,Boulevard M90,2019,1725.0,90.0,9995.0
Suzuki,V-Strom 650XT Touring 650XT ABS,2019,17871.0,650.0,5977.0
Suzuki,Hayabusa,2022,2051.0,568.8730158730159,16999.0
Suzuki,BURGMAN 650 ABS EXECUTIVE,2018,7264.0,650.0,10950.0
Suzuki,V-STROM 650XT TOURING,2019,1428.0,650.0,8599.0
Suzuki,GSX R 600,2019,4167.0,600.0,10999.0
Suzuki,GSX-S1000,2023,3.0,1000.0,9995.0
Suzuki,Boulevard C50T C50 T,2023,3.0,50.0,8999.0
Suzuki,Burgman 400,2023,0.0,400.0,8599.0
Suzuki,Burgman 400,2023,0.0,400.0,8599.0
Suzuki,GSX-R750,2023,0.0,750.0,12849.0
Suzuki,GSX-S 1000 ABS,2023,389.0,1000.0,10500.0
Suzuki,GSX-R1000R,2023,3.0,1000.0,15499.0
Suzuki,DR-Z400S,2023,0.0,400.0,7099.0
Suzuki,GSX-R1000R,2023,0.0,1000.0,16990.0
Suzuki,DR-Z400S,2023,1.0,400.0,7099.0
Suzuki,GSX-R1000,2023,0.0,1000.0,15490.0
Suzuki,V-Strom 1050XT,2022,6.0,1050.0,14849.0
Suzuki,GSX250R ABS,2022,0.0,250.0,4999.0
Suzuki,GSX-R1000R,2020,19157.0,1000.0,14495.0
Suzuki,DR-Z400SM,2020,212.0,400.0,6495.0
Suzuki,GSX-R1000R,2023,1.0,1000.0,18199.0
Suzuki,V-Strom 1000,2018,1849.0,1000.0,6288.0
Suzuki,TC,1975,4730.0,568.8730158730159,3999.0
Suzuki,GSX250R ABS,2022,1.0,250.0,4399.0
Suzuki,Hayabusa,2015,5867.0,568.8730158730159,12499.0
Suzuki,DR-Z400SM,2021,2583.0,400.0,6498.0
Suzuki,GSX-R 1000R,2007,4150.0,1000.0,8250.0
Suzuki,V-Strom 650XT,2022,2189.0,650.0,7983.0
Suzuki,V-Strom 650XT Adventure,2022,1.0,650.0,9283.0
Suzuki,DR-Z400SM,2023,1.0,400.0,6983.0
Suzuki,Boulevard C90T B.O.S.S.,2019,2324.0,90.0,12000.0
Suzuki,GSX-R750,2023,1.0,750.0,11483.0
Suzuki,GSX-R750,2017,5005.0,750.0,10999.0
Suzuki,GSX R 1000,2014,8700.0,1000.0,11999.0
Suzuki,INTRUDER 1400,2003,45860.0,1400.0,3000.0
Suzuki,GSX-S750,2015,8092.0,750.0,6199.0
Suzuki,BOULEVARD,2020,1300.0,568.8730158730159,12900.0
Suzuki,HAYABUSA 1340 LIMITED,2008,12950.0,1340.0,13500.0
Suzuki,RMX450 Z,2019,7.0,450.0,6299.0
Suzuki,GSX-R1000R,2023,1.0,1000.0,18199.0
Suzuki,Boulevard C50,2007,18562.0,50.0,3500.0
Suzuki,GSX-R750,2013,17049.0,750.0,9999.0
Suzuki,GSX 1100F,1990,25000.0,1100.0,5495.0
Suzuki,GSX-R1000,2020,8038.0,1000.0,14995.0
Suzuki,Boulevard M109R B.O.S.S.,2019,10217.0,109.0,10498.0
Suzuki,HAYABUSA GSX 1300,2022,18.0,1300.0,18500.0
Suzuki,V-STROM 650 ABS ADVENTURE,2013,10600.0,650.0,6450.0
Suzuki,DR-Z400SM,2021,5540.0,400.0,6999.0
Suzuki,HAYABUSA 1300R,2009,18000.0,1300.0,12950.0
Suzuki,GSX-R 1300,2008,5352.0,1300.0,15000.0
Suzuki,GSX-R750,2023,0.0,750.0,12849.0
Suzuki,V STROM 650XT ADVENTURE,2020,2600.0,650.0,8499.0
Suzuki,Hayabusa,2023,0.0,568.8730158730159,18799.0
Suzuki,BOULEVARD M109R LIMITED EDITION,2011,7872.0,109.0,9500.0
Suzuki,DR 650SE,2008,11265.0,650.0,5185.0
Suzuki,DR Z 400S BASE,2020,3585.0,400.0,8000.0
Suzuki,V-STROM 1000 ABS ADVENTURE,2014,36000.0,1000.0,7799.0
Suzuki,GSX-S1000,2023,1260.0,1000.0,10995.0
Suzuki,DR-Z400S,2023,1.0,400.0,7099.0
Suzuki,Burgman 200,2022,1.0,200.0,4999.0
Suzuki,Katana,2020,3423.0,568.8730158730159,9999.0
Suzuki,V-Strom 1000,2018,4226.0,1000.0,9038.0
Suzuki,GSX-R 600,2018,2199.0,600.0,11000.0
Suzuki,GSX-R 750,2005,24240.0,750.0,6800.0
Suzuki,GSX-R750,2023,1.0,750.0,12849.0
Suzuki,GSX-R600,2023,1.0,600.0,11699.0
Suzuki,GSX-S750Z ABS,2022,1.0,750.0,8949.0
Suzuki,Boulevard C50T C50 T,2022,1.0,50.0,8499.0
Suzuki,V-STROM 650XT TOURING,2019,10898.0,650.0,8780.0
Suzuki,VAN VAN 200,2018,1044.0,200.0,4950.0
Suzuki,GSX-R 600,2009,1899.0,600.0,7000.0
Suzuki,GSX-R1000,2023,1.0,1000.0,14295.0
Suzuki,Hayabusa,2023,1.0,568.8730158730159,18799.0
Suzuki,Burgman 200,2022,0.0,200.0,4399.0
Suzuki,V-Strom 1050XT Adventure,2020,6703.0,1050.0,16999.0
Suzuki,HAYABUSA GSX 1300,2022,10000.0,1300.0,14000.0
Suzuki,RM-Z450,2023,1.0,450.0,6999.0
Suzuki,RGR 500 Gamma,1989,1.0,500.0,74995.0
Suzuki,BOULEVARD,2020,1661.0,568.8730158730159,11999.0
Suzuki,Boulevard M109R B.O.S.S.,2020,1661.0,109.0,12995.0
Suzuki,Boulevard M109R B.O.S.S.,2017,5447.0,109.0,9990.0
Suzuki,C50 Boulevard Trike,2007,1580.0,50.0,9999.0
Suzuki,BOULEVARD M109R,2007,55000.0,109.0,6500.0
Suzuki,V-Strom 1000 (DL1000),2004,26716.0,1000.0,4999.0
Suzuki,Bandit 1200,2002,4631.0,1200.0,4799.0
Suzuki,Hayabusa,2023,1.0,568.8730158730159,17799.0
Suzuki,BOULEVARD C50,2007,4326.0,50.0,4999.0
Suzuki,BOULEVARD C90,2007,28944.0,90.0,4200.0
Suzuki,Boulevard C90T,2006,18437.0,90.0,4499.0
Suzuki,Boulevard C50T C50 T,2021,8900.0,50.0,6998.0
Suzuki,GSX-R 750,2016,3698.0,750.0,10000.0
Suzuki,GSX-R 1000,2013,5326.0,1000.0,12500.0
Suzuki,V-STROM 1000,2004,24254.0,1000.0,4500.0
Suzuki,HAYABUSA 1300R LIMITED EDITION,2012,2800.0,1300.0,19000.0
Suzuki,Boulevard M109R B.O.S.S.,2017,11485.0,109.0,10999.0
Suzuki,Hayabusa,2023,0.0,568.8730158730159,18799.0
Suzuki,Hayabusa,2017,8141.0,568.8730158730159,13990.0
Suzuki,V-Strom 650,2023,0.0,650.0,7293.0
Suzuki,V-Strom 650,2023,0.0,650.0,7293.0
Suzuki,V-Strom 650,2023,0.0,650.0,7293.0
Suzuki,GSX-R600,2023,0.0,600.0,9993.0
Suzuki,V-Strom 650,2023,0.0,650.0,7293.0
Suzuki,RM-Z450,2023,0.0,450.0,7499.0
Suzuki,GSX-R 750,2006,2669.0,750.0,8995.0
Suzuki,V-Strom 650,2023,0.0,650.0,8699.0
Suzuki,GSX-R750,2021,1316.0,750.0,10678.0
Suzuki,GSX-R 750,2018,7554.0,750.0,9995.0
Suzuki,HAYABUSA 1340 LIMITED,2017,10780.0,1340.0,18000.0
Suzuki,Hayabusa 1300R LIMITED EDITION,2006,9862.0,1300.0,8000.0
Suzuki,GZ250K4,2004,9517.0,250.0,1500.0
Suzuki,DR-Z400S,2023,0.0,400.0,7099.0
Suzuki,Burgman 200,2022,0.0,200.0,4898.0
Suzuki,DR Z 400SM,2023,2800.0,400.0,6999.0
Suzuki,Boulevard S40,2009,8388.0,40.0,2799.0
Suzuki,GSX-R 750,2017,1950.0,750.0,9995.0
Suzuki,DR-Z400SM,2023,1.0,400.0,7299.0
Suzuki,Hayabusa,2023,0.0,568.8730158730159,18799.0
Suzuki,GSX-R1000R,2023,0.0,1000.0,18199.0
Suzuki,GSX-S1000,2023,0.0,1000.0,10999.0
Suzuki,GSX-R 1000,2023,0.0,1000.0,16149.0
Suzuki,SV650 ABS,2023,0.0,650.0,7849.0
Suzuki,GSX-S 750Z,2015,5983.0,750.0,6300.0
Suzuki,DR-Z400SM,2022,0.0,400.0,6989.0
Suzuki,RM85,2022,0.0,85.0,3899.0
Suzuki,GSX-S750,2022,1.0,750.0,7999.0
Suzuki,DR-Z400SM,2021,1.0,400.0,7399.0
Suzuki,DR Z 400SM,2020,5100.0,400.0,6250.0
Suzuki,BOULEVARD C50T C50 T,2019,3087.0,50.0,5999.0
Suzuki,BURGMAN 650 ABS EXECUTIVE,2018,15000.0,650.0,6900.0
Suzuki,GSX-R 750,2022,600.0,750.0,11750.0
Suzuki,GSX-R 1000R,2023,0.0,1000.0,17499.0
Suzuki,DR-Z 400S,2023,0.0,400.0,7299.0
Suzuki,DR-Z400S,2023,0.0,400.0,7099.0
Suzuki,DR650SEM2,2022,1.0,650.0,7399.0
Suzuki,RM-Z 250,2022,0.0,250.0,6499.0
Suzuki,GSX250R ABS,2022,1.0,250.0,4999.0
Suzuki,Burgman 200,2022,1.0,200.0,4499.0
Suzuki,DR-Z125L,2022,0.0,125.0,3399.0
Suzuki,GSX-R1000R,2022,1.0,1000.0,16149.0
Suzuki,GSX-R1000R,2023,1.0,1000.0,18199.0
Suzuki,GSX-S750,2022,1.0,750.0,8549.0
Suzuki,DR-Z400SM,2022,0.0,400.0,6915.0
Suzuki,RM-Z450,2020,40.0,450.0,7280.0
Suzuki,650,2018,3271.0,650.0,5500.0
Suzuki,GSX-S 750 ABS,2018,2700.0,750.0,6500.0
Suzuki,GSX-R 1000R ABS,2017,10975.0,1000.0,14000.0
Suzuki,SV650,2003,18800.0,650.0,3650.0
Suzuki,DR650S,2022,0.0,650.0,6849.0
Suzuki,DR-Z125L,2023,2.0,125.0,3499.0
Suzuki,GSX-R1000R,2023,0.0,1000.0,18199.0
Suzuki,DR-Z400SM,2023,0.0,400.0,7799.0
Suzuki,RM-Z250,2023,0.0,250.0,6999.0
Suzuki,DR650SEM3,2023,0.0,650.0,6999.0
Suzuki,DR-Z 400SM,2023,0.0,400.0,7799.0
Suzuki,GSX-R 600,2023,1.0,600.0,10799.0
Suzuki,RM-Z 450,2023,1.0,450.0,7999.0
Suzuki,GSX-R750,2023,0.0,750.0,12849.0
Suzuki,DR-Z400SM,2023,1.0,400.0,7499.0
Suzuki,GSX-R750,2023,2.0,750.0,12849.0
Suzuki,DR-Z400SM,2023,0.0,400.0,7799.0
Suzuki,DR-Z400SM,2023,0.0,400.0,6699.0
Suzuki,GSX-R600,2023,0.0,600.0,11699.0
Suzuki,GSX-R 1000R,2023,2.0,1000.0,16499.0
Suzuki,DR-Z400SM,2023,0.0,400.0,6699.0
Suzuki,DR-Z400SM,2023,0.0,400.0,7799.0
Suzuki,GSX-R750,2023,2.0,750.0,12849.0
Suzuki,GSX-R600,2023,0.0,600.0,11699.0
Suzuki,GSX-R600,2023,0.0,600.0,11699.0
Suzuki,DR-Z125L,2022,0.0,125.0,3399.0
Suzuki,DR-Z400SM,2023,1.0,400.0,7799.0
Suzuki,DR-Z400SM,2023,1.0,400.0,7799.0
Suzuki,GSX-R600,2023,0.0,600.0,10990.0
Suzuki,Boulevard M109R B.O.S.S.,2023,1.0,109.0,15599.0
Suzuki,GSX1300RRM2,2022,1062.0,1300.0,16899.0
Suzuki,HAYABUSA w/full Yoshimura Exhaust (GSX1300R),2022,0.0,1300.0,17495.0
Suzuki,Burgman 200,2022,1.0,200.0,4499.0
Suzuki,GSX-R600,2023,0.0,600.0,11699.0
Suzuki,GSX-R 1000R,2020,6000.0,1000.0,16299.0
Suzuki,BOULEVARD M109R B.O.S.S.,2018,2392.0,109.0,11800.0
Suzuki,V STROM 1000XT,2018,6319.0,1000.0,9795.0
Suzuki,GSX-R600,2015,10300.0,600.0,8590.0
Suzuki,DL,2015,16520.0,568.8730158730159,6999.0
Suzuki,BOULEVARD C50,2008,2000.0,50.0,5700.0
Suzuki,HAYABUSA GSX 1300,2006,26800.0,1300.0,10000.0
Suzuki,GSXR1000R,2018,1836.0,1000.0,16499.0
Suzuki,GSX-R750,2023,0.0,750.0,12849.0
Suzuki,V-Strom 650,2023,0.0,650.0,8199.0
Suzuki,GS 1100ES,1983,10318.0,1100.0,5800.0
Suzuki,Boulevard M109R B.O.S.S.,2023,3.0,109.0,13999.0
Suzuki,GSX-R600,2023,0.0,600.0,11799.0
Suzuki,BOULEVARD C 50 C50,2009,18371.0,50.0,4999.0
Suzuki,GSX-R1000,2023,3.0,1000.0,14499.0
Suzuki,V-Strom 800DE Adventure 1050DE ADVENTURE,2023,0.0,800.0,12499.0
Suzuki,DL1050RCM2,2022,0.0,1050.0,11895.0
Suzuki,GSX-S750,2022,3.0,750.0,6999.0
Suzuki,GSX-S750Z ABS,2022,405.0,750.0,7999.0
Suzuki,DR-Z50,2022,0.0,50.0,2209.0
Suzuki,DR-Z400SM,2022,0.0,400.0,6299.0
Suzuki,V-STROM 650 ABS,2022,675.0,650.0,8750.0
Suzuki,V-STROM 650 ABS,2020,9729.0,650.0,7999.0
Suzuki,GSX-S750Z,2019,12001.0,750.0,7699.0
Suzuki,Boulevard M90,2009,8344.0,90.0,3497.0
Suzuki,Boulevard C90T,2005,30619.0,90.0,3999.0
Suzuki,Burgman 650,2003,1495.0,650.0,6350.0
Suzuki,VZR1800BZM3 C50 T B.O.S.S.,2023,648.0,1800.0,14990.0
Suzuki,RM-Z250,2022,0.0,250.0,5988.0
Suzuki,Hayabusa,2023,0.0,568.8730158730159,18799.0
Suzuki,GSX-R600,2023,1.0,600.0,11699.0
Suzuki,DR-Z50,2022,0.0,50.0,2209.0
Suzuki,RM-Z450,2022,0.0,450.0,8999.0
Suzuki,V-STROM 1050 ABS XT CA 1050XT,2020,977.0,1050.0,13999.0
Suzuki,DRZ-400 SM BASE,2020,2403.0,400.0,7995.0
Suzuki,Burgman 400,2020,5290.0,400.0,6850.0
Suzuki,BURGMAN 200 ABS,2020,2405.0,200.0,4180.0
Suzuki,GSX-R1000,2017,161.0,1000.0,16295.0
Suzuki,Boulevard M109R,2008,26000.0,109.0,6500.0
Suzuki,GSX1300r,2006,27944.0,1300.0,7495.0
Suzuki,DR Z 400S BASE,2006,14800.0,400.0,4600.0
Suzuki,V-Strom 650,2023,1.0,650.0,7999.0
Suzuki,RM85,2023,0.0,85.0,2999.0
Suzuki,DR 350,1992,391.0,350.0,5000.0
Suzuki,DR650S,2023,1.0,650.0,6999.0
Suzuki,GSX-R750,2023,0.0,750.0,12849.0
Suzuki,DR-Z125L,2023,1.0,125.0,3349.0
Suzuki,V Strom DL 1000,2006,29622.0,1000.0,3995.0
Suzuki,DR-Z400SM,2023,0.0,400.0,7749.0
Suzuki,GSX-R750,2023,1.0,750.0,12849.0
Suzuki,GSX-R600,2023,0.0,600.0,11799.0
Suzuki,DR-Z400SM,2023,0.0,400.0,7799.0
Suzuki,GSX-R 1000,2022,0.0,1000.0,15849.0
Suzuki,DR-Z400SM,2022,0.0,400.0,7599.0
Suzuki,RM-Z450,2022,0.0,450.0,8999.0
Suzuki,DR-Z400SM,2022,0.0,400.0,7599.0
Suzuki,RM-Z450,2022,0.0,450.0,8999.0
Suzuki,DR-Z400SM,2023,0.0,400.0,7799.0
Suzuki,DR-Z400SM,2023,0.0,400.0,7799.0
Suzuki,GSX-R 600,2018,11868.0,600.0,9500.0
Suzuki,DR-Z400S,2016,7585.0,400.0,4499.0
Suzuki,V-STROM 1000 ABS,2014,28000.0,1000.0,8300.0
Suzuki,GSX-R600,2016,5.0,600.0,9499.0
Suzuki,HAYABUSA 1300R,2020,5316.0,1300.0,13500.0
Yamaha,Tracer 9 GT,2022,0.0,366.9012485811578,14999.0
Yamaha,YZF-R1,2020,0.0,366.9012485811578,18988.0
Yamaha,XV1900 STAR VENTURE 1900 TC PACKAGE W/ABS BASE,2018,17605.0,1900.0,18999.0
Yamaha,Bolt,2017,2789.0,366.9012485811578,6999.0
Yamaha,TT-R230,2023,0.0,230.0,4499.0
Yamaha,V Star 950 Tourer,2014,36764.0,950.0,5999.0
Yamaha,ROAD STAR SILVERADO,2013,5841.0,366.9012485811578,6799.0
Yamaha,ROAD STAR SILVERADO,2013,5841.0,366.9012485811578,6799.0
Yamaha,MT-03,2022,0.0,3.0,4799.0
Yamaha,ROAD STAR SILVERADO,2013,5841.0,366.9012485811578,6799.0
Yamaha,YZF-R7,2023,0.0,366.9012485811578,9199.0
Yamaha,FJR1300A 1300 A,2015,40148.0,1300.0,10499.0
Yamaha,Super Tenere ES,2023,0.0,366.9012485811578,16299.0
Yamaha,YZ65,2022,0.0,65.0,4699.0
Yamaha,YZ250F Monster Energy Yamaha Racing Edition 250 MONSTER ENERGY YAMAHA RACING EDITION,2022,0.0,250.0,8699.0
Yamaha,Tracer 9 GT,2022,1.0,366.9012485811578,14999.0
Yamaha,Tracer 9 GT,2022,0.0,366.9012485811578,13797.0
Yamaha,MT-03,2023,2.0,3.0,4999.0
Yamaha,MT-09,2023,0.0,9.0,9799.0
Yamaha,YZ250X,2023,0.0,250.0,7397.0
Yamaha,YZ125X,2023,0.0,125.0,7099.0
Yamaha,V STAR 1100 CLASSIC,2002,20027.0,1100.0,3999.0
Yamaha,YZ250 Monster Energy Yamaha Racing Edition,2023,0.0,250.0,8099.0
Yamaha,V STAR 650 CLASSIC,2007,13452.0,650.0,3999.0
Yamaha,V Star 950 Tourer,2014,27891.0,950.0,5495.0
Yamaha,V-star 1300,2012,85716.0,1300.0,2995.0
Yamaha,YZF-R3,2022,0.0,366.9012485811578,5299.0
Yamaha,YZF-R7,2023,0.0,366.9012485811578,9199.0
Yamaha,PW50,2023,0.0,50.0,1699.0
Yamaha,MT-03,2022,0.0,3.0,4799.0
Yamaha,MT-07,2022,1.0,7.0,7899.0
Yamaha,TT-R50E CA,2022,1.0,50.0,1749.0
Yamaha,YZF-R6,2016,7800.0,366.9012485811578,10999.0
Yamaha,MT-03,2022,1.0,3.0,4799.0
Yamaha,TT-R50E CA,2022,1.0,50.0,1749.0
Yamaha,YZF-R6 RACE,2023,0.0,366.9012485811578,12699.0
Yamaha,TT-R110E,2023,0.0,110.0,2299.0
Yamaha,YZ250F Monster Energy Yamaha Racing Edition 250 MONSTER ENERGY YAMAHA RACING EDITION,2023,0.0,250.0,8799.0
Yamaha,TT-R110E,2023,0.0,110.0,2299.0
Yamaha,PW50,2023,0.0,50.0,1699.0
Yamaha,TT-R110E,2023,1.0,110.0,2299.0
Yamaha,WR250F,2023,0.0,250.0,8899.0
Yamaha,TT-R230,2023,0.0,230.0,4095.0
Yamaha,PW50,2023,0.0,50.0,1699.0
Yamaha,PW50,2023,0.0,50.0,1699.0
Yamaha,TT-R110E,2023,1.0,110.0,2299.0
Yamaha,TT-R 125LE,2023,0.0,125.0,3399.0
Yamaha,TT-R110E,2023,0.0,110.0,1997.0
Yamaha,PW50,2023,0.0,50.0,1497.0
Yamaha,MT-10,2023,2.0,10.0,14199.0
Yamaha,Tracer 900 GT,2019,3990.0,900.0,9010.0
Yamaha,MT-09,2022,0.0,9.0,9499.0
Yamaha,XMAX,2022,0.0,366.9012485811578,5799.0
Yamaha,TT-R230,2022,0.0,230.0,3999.0
Yamaha,Tracer 9 GT,2022,0.0,366.9012485811578,13990.0
Yamaha,YZF-R7,2022,0.0,366.9012485811578,8999.0
Yamaha,TRACER 9 GT,2022,2.0,366.9012485811578,14999.0
Yamaha,YZF-R7,2023,0.0,366.9012485811578,9199.0
Yamaha,YZF-R6,2016,16723.0,366.9012485811578,10900.0
Yamaha,MT-03,2021,1422.0,3.0,5700.0
Yamaha,XMAX,2022,0.0,366.9012485811578,5799.0
Yamaha,TT-R230,2023,0.0,230.0,4499.0
Yamaha,V STAR 650 CLASSIC,1999,17579.0,650.0,3999.0
Yamaha,ROAD STAR MIDNIGHT,2007,15823.0,366.9012485811578,4999.0
Yamaha,STAR XVS 1300,2009,14417.0,1300.0,5999.0
Yamaha,STRYKER 1300,2012,14630.0,1300.0,6999.0
Yamaha,YZF-R6,2014,3750.0,366.9012485811578,10990.0
Yamaha,Star Eluder,2018,1391.0,366.9012485811578,16995.0
Yamaha,YZF-R7,2023,600.0,366.9012485811578,8999.0
Yamaha,Bolt R-Spec,2023,1.0,366.9012485811578,8899.0
Yamaha,Zuma 125,2023,0.0,125.0,3799.0
Yamaha,ROAD STAR,2000,38087.0,366.9012485811578,4699.0
Yamaha,V STAR 950 TOURER,2012,17561.0,950.0,4999.0
Yamaha,YZF-R6 RACE,2023,0.0,366.9012485811578,12699.0
Yamaha,XT350,1989,6895.0,350.0,6999.0
Yamaha,ROAD STAR SILVERADO,1999,33848.0,366.9012485811578,3999.0
Yamaha,Royal Star Venture,2005,42497.0,366.9012485811578,5799.0
Yamaha,Royal Star Venture,2005,42497.0,366.9012485811578,5799.0
Yamaha,Royal Star Venture,2005,42497.0,366.9012485811578,5799.0
Yamaha,ROAD STAR SILVERADO,2006,15299.0,366.9012485811578,5999.0
Yamaha,V Star 950 BASE,2009,10170.0,950.0,5799.0
Yamaha,V Star 950 BASE,2009,10170.0,950.0,5799.0
Yamaha,Road Star Silverado Midnight,2005,56869.0,366.9012485811578,3499.0
Yamaha,Road Star Silverado Midnight,2005,56869.0,366.9012485811578,3499.0
Yamaha,Road Star Silverado Midnight,2005,56869.0,366.9012485811578,3499.0
Yamaha,Raider SCL,2012,19866.0,366.9012485811578,8799.0
Yamaha,MT-07,2022,0.0,7.0,7899.0
Yamaha,Raider SCL,2012,19866.0,366.9012485811578,8799.0
Yamaha,YZF-R1M,2021,12508.0,366.9012485811578,23995.0
Yamaha,MT-07,2021,0.0,7.0,7699.0
Yamaha,YZF-R6,2018,13879.0,366.9012485811578,12999.0
Yamaha,YZF-R6,2016,6000.0,366.9012485811578,13997.0
Yamaha,MT-03,2022,0.0,3.0,4799.0
Yamaha,YZ65,2022,0.0,65.0,4699.0
Yamaha,YZF-R7,2022,152.0,366.9012485811578,9290.0
Yamaha,MT-10,2023,0.0,10.0,14199.0
Yamaha,MT-09 SP,2023,1.0,9.0,11499.0
Yamaha,YZF-R1M,2023,0.0,366.9012485811578,26999.0
Yamaha,TT-R230,2023,0.0,230.0,4499.0
Yamaha,FJR1300A 1300 A,2015,68223.0,1300.0,8995.0
Yamaha,Bolt R-Spec,2020,3226.0,366.9012485811578,8799.0
Yamaha,YZ250F Monster Energy Yamaha Racing Edition 250 MONSTER ENERGY YAMAHA RACING EDITION,2023,0.0,250.0,8799.0
Yamaha,YZ250F,2023,0.0,250.0,8599.0
Yamaha,YZ250F Monster Energy Yamaha Racing Edition 250 MONSTER ENERGY YAMAHA RACING EDITION,2023,0.0,250.0,8799.0
Yamaha,YZ250F,2023,0.0,250.0,8599.0
Yamaha,V STAR 1100 CLASSIC,2004,35638.0,1100.0,3999.0
Yamaha,ROAD STAR,2004,32250.0,366.9012485811578,4999.0
Yamaha,PW50,2022,0.0,50.0,1199.0
Yamaha,PW50,2022,0.0,50.0,1199.0
Yamaha,TT-R125LE,2022,0.0,125.0,3349.0
Yamaha,Tracer 9 GT,2022,0.0,366.9012485811578,14999.0
Yamaha,TT-R110E,2023,0.0,110.0,2299.0
Yamaha,TT-R230,2023,0.0,230.0,4499.0
Yamaha,YZ250F Monster Energy Yamaha Racing Edition 250 MONSTER ENERGY YAMAHA RACING EDITION,2023,0.0,250.0,8799.0
Yamaha,YZF-R3 ABS,2023,2.0,366.9012485811578,8499.0
Yamaha,V STAR 650 CUSTOM,2000,14570.0,650.0,3999.0
Yamaha,ROAD STAR,2005,14166.0,366.9012485811578,4999.0
Yamaha,V Star 950 Tourer,2012,31776.0,950.0,5999.0
Yamaha,STAR XVS 1300,2012,12127.0,1300.0,5999.0
Yamaha,Star Venture with Transcontinental Option Package,2018,16640.0,366.9012485811578,15999.0
Yamaha,Super Tenere ES,2022,1.0,366.9012485811578,16299.0
Yamaha,PW50,2023,2.0,50.0,1699.0
Yamaha,YZF-R3,2022,0.0,366.9012485811578,5299.0
Yamaha,TT-R50E,2022,2.0,50.0,1749.0
Yamaha,YZ450F,2022,0.0,450.0,9599.0
Yamaha,MT-03,2022,1.0,3.0,4799.0
Yamaha,Bolt R-Spec,2023,0.0,366.9012485811578,8899.0
Yamaha,YZF-R6 RACE,2023,0.0,366.9012485811578,12699.0
Yamaha,MT-10,2023,0.0,10.0,14199.0
Yamaha,TW200,2023,0.0,200.0,4899.0
Yamaha,TT-R50E,2023,0.0,50.0,1749.0
Yamaha,TT-R50E,2023,0.0,50.0,1749.0
Yamaha,TT-R125LE,2023,0.0,125.0,3399.0
Yamaha,YZF-R3,2023,0.0,366.9012485811578,5499.0
Yamaha,YZF-R3 ABS,2023,0.0,366.9012485811578,5499.0
Yamaha,YZ250X,2023,0.0,250.0,7999.0
Yamaha,YZ125X,2023,0.0,125.0,7099.0
Yamaha,YZF-R7,2023,0.0,366.9012485811578,9199.0
Yamaha,MT-03,2023,1.0,3.0,4999.0
Yamaha,YZF-R3 ABS,2023,0.0,366.9012485811578,5499.0
Yamaha,TT-R50EP,2023,2.0,50.0,1749.0
Yamaha,YZF-R7,2023,0.0,366.9012485811578,9199.0
Yamaha,TT-R50EP,2023,2.0,50.0,1749.0
Yamaha,TT-R50E,2023,2.0,50.0,1749.0
Yamaha,PW50,2023,2.0,50.0,1699.0
Yamaha,TT-R50E,2023,0.0,50.0,1749.0
Yamaha,MT-09,2023,0.0,9.0,9497.0
Yamaha,YZ85LW,2023,0.0,85.0,4497.0
Yamaha,TT-R50E,2023,0.0,50.0,1749.0
Yamaha,XMAX,2023,0.0,366.9012485811578,6099.0
Yamaha,YZ250 Monster Energy Yamaha Racing Edition,2022,0.0,250.0,7999.0
Yamaha,YZ250F,2023,0.0,250.0,7997.0
Yamaha,YZF-R1 World GP 60th Anniversary Edition R1 60TH ANNIVERSARY EDITION,2022,0.0,60.0,18099.0
Yamaha,TT-R230,2022,0.0,230.0,4449.0
Yamaha,Raider SCL,2012,19866.0,366.9012485811578,8799.0
Yamaha,YZF R7,2022,69.0,366.9012485811578,10499.0
Yamaha,YZF R7,2022,645.0,366.9012485811578,10199.0
Yamaha,YZF R7 World GP 60th Anniversary Edition,2022,2212.0,60.0,10299.0
Yamaha,YZF-R3 World GP 60th Anniversary Edition,2022,0.0,60.0,5499.0
Yamaha,YZF R7,2022,1747.0,366.9012485811578,10399.0
Yamaha,YZF-R7,2022,298.0,366.9012485811578,11298.0
Yamaha,TT-R50E,2022,0.0,50.0,1697.0
Yamaha,TT-R230,2022,0.0,230.0,3997.0
Yamaha,Xmax,2023,1.0,366.9012485811578,6099.0
Yamaha,TT-R50E,2023,0.0,50.0,1749.0
Yamaha,Zuma 125,2023,1.0,125.0,3799.0
Yamaha,TT-R110E,2023,0.0,110.0,2299.0
Yamaha,TTR230P,2023,0.0,230.0,3995.0
Yamaha,YZ65,2023,0.0,65.0,4799.0
Yamaha,TT-R230,2023,0.0,230.0,4499.0
Yamaha,YZ250,2023,0.0,250.0,7899.0
Yamaha,TT-R50E CA,2023,0.0,50.0,1749.0
Yamaha,YZ250F Monster Energy Yamaha Racing Edition 250 MONSTER ENERGY YAMAHA RACING EDITION,2023,0.0,250.0,10374.0
Yamaha,YZ250 Monster Energy Yamaha Racing Edition,2023,0.0,250.0,8099.0
Yamaha,YG1,1964,2496.0,366.9012485811578,2995.0
Yamaha,Royal Star Tour Deluxe,2005,35262.0,366.9012485811578,4950.0
Yamaha,Stratoliner® S,2007,14973.0,366.9012485811578,8990.0
Yamaha,ROYAL STAR TOUR DELUXE,2008,22247.0,366.9012485811578,5900.0
Yamaha,YZF R1 - Raven Candy Red R1 LE,2009,17084.0,366.9012485811578,9995.0
Yamaha,Royal Star Venture S,2013,16515.0,366.9012485811578,9999.0
Yamaha,Star Eluder GT Option Package,2018,2024.0,366.9012485811578,18490.0
Yamaha,YZ250F,2022,0.0,250.0,8499.0
Yamaha,YZ450FX,2022,0.0,450.0,8500.0
Yamaha,Stryker,2011,9500.0,366.9012485811578,6990.0
Yamaha,Star Eluder,2018,6401.0,366.9012485811578,16499.0
Yamaha,YZF-R7,2023,1.0,366.9012485811578,9199.0
Yamaha,YZF-R7,2023,0.0,366.9012485811578,9199.0
Yamaha,YZF-R7,2023,0.0,366.9012485811578,9199.0
Yamaha,YZF-R7,2023,0.0,366.9012485811578,9199.0
Yamaha,Zuma 125,2023,0.0,125.0,3799.0
Yamaha,YZF-R7,2023,0.0,366.9012485811578,9199.0
Yamaha,YZF-R3 ABS,2023,0.0,366.9012485811578,5799.0
Yamaha,YZF-R7,2023,0.0,366.9012485811578,9499.0
Yamaha,YZF-R7,2023,0.0,366.9012485811578,9199.0
Yamaha,YZF-R7,2023,0.0,366.9012485811578,9499.0
Yamaha,YZF-R7,2023,0.0,366.9012485811578,9499.0
Yamaha,YZ250F Monster Energy Yamaha Racing Edition 250 MONSTER ENERGY YAMAHA RACING EDITION,2023,0.0,250.0,8297.0
Yamaha,V-STAR 1100 CLASSIC,2003,45312.0,1100.0,2995.0
Yamaha,V-STAR 1100 CLASSIC,2003,45312.0,1100.0,2995.0
Yamaha,V-STAR 1100 CLASSIC,2003,45312.0,1100.0,2995.0
Yamaha,Royal Star Tour Deluxe,2005,15731.0,366.9012485811578,4950.0
Yamaha,XF50Y C3,2007,2490.0,50.0,3999.0
Yamaha,Royal Star Tour Deluxe,2007,36800.0,366.9012485811578,5180.0
Yamaha,Road Star Silverado,2007,21151.0,366.9012485811578,6990.0
Yamaha,V STAR 650 CLASSIC,2009,31297.0,650.0,2900.0
Yamaha,FJR 1300A 1300 A,2010,42878.0,1300.0,7990.0
Yamaha,Royal Star Venture S,2011,25983.0,366.9012485811578,8199.0
Yamaha,FJ09 900 W/ABS,2015,37501.0,9.0,7999.0
Yamaha,YZ250F Monster Energy Yamaha Racing Edition 250 MONSTER ENERGY YAMAHA RACING EDITION,2022,0.0,250.0,8699.0
Yamaha,Tracer 9 GT,2022,1.0,366.9012485811578,13599.0
Yamaha,YZ250 Monster Energy Yamaha Racing Edition,2022,0.0,250.0,7999.0
Yamaha,YZ250F,2022,0.0,250.0,8499.0
Yamaha,YZF-R7,2023,1.0,366.9012485811578,9199.0
Yamaha,XVS950 VSTAR 950 TOURER,2015,24762.0,950.0,7499.0
Yamaha,TT-R125LE,2023,2.0,125.0,3399.0
Yamaha,YZF-R3 ABS,2023,0.0,366.9012485811578,5499.0
Yamaha,YZF-R7 World GP 60th Anniversary Edition,2022,0.0,60.0,9299.0
Yamaha,MT-09,2022,0.0,9.0,9499.0
Yamaha,YZ250F,2022,0.0,250.0,8499.0
Yamaha,YZ450F Monster Energy Yamaha Racing Edition,2022,0.0,450.0,9799.0
Yamaha,MT-07,2022,0.0,7.0,7697.0
Yamaha,TT-R125LE,2022,0.0,125.0,2997.0
Yamaha,WR250F,2023,0.0,250.0,8899.0
Yamaha,MT-10,2023,1.0,10.0,14199.0
Yamaha,YZF-R7,2023,0.0,366.9012485811578,9199.0
Yamaha,YZF-R7,2023,2.0,366.9012485811578,9199.0
Yamaha,YZ250,2023,0.0,250.0,7899.0
Yamaha,YZF-R3,2023,1.0,366.9012485811578,6449.0
Yamaha,YZ450F,2023,0.0,450.0,9899.0
Yamaha,YZF-R7 CA,2023,0.0,366.9012485811578,9199.0
Yamaha,YZF-R3,2023,1.0,366.9012485811578,5499.0
Yamaha,YZF-R3,2023,1.0,366.9012485811578,5499.0
Yamaha,YZF-R3,2023,0.0,366.9012485811578,5499.0
Yamaha,FJR13ESP,2023,0.0,13.0,18299.0
Yamaha,YZF-R7 - BLUE R7 WORLD GP 60TH ANNIVERSARY EDITION,2023,0.0,60.0,9199.0
Yamaha,YZF-R3,2023,0.0,366.9012485811578,5499.0
Yamaha,YZF-R3 ABS,2023,0.0,366.9012485811578,5499.0
Yamaha,YZF-R3 ABS,2023,1.0,366.9012485811578,5499.0
Yamaha,YZF-R3 ABS,2023,1.0,366.9012485811578,5499.0
Yamaha,YZF-R3 ABS,2023,0.0,366.9012485811578,5499.0
Yamaha,YZF-R3 ABS,2023,1.0,366.9012485811578,5499.0
Yamaha,YZF-R7,2023,0.0,366.9012485811578,9199.0
Yamaha,YZF-R3 ABS,2023,0.0,366.9012485811578,5499.0
Yamaha,YZF-R7 CA,2023,1.0,366.9012485811578,9199.0
Yamaha,V Star 1300 Deluxe,2013,15381.0,1300.0,7299.0
Yamaha,YZF-R7,2023,0.0,366.9012485811578,9199.0
Yamaha,V Star 1300 Deluxe,2015,21555.0,1300.0,9950.0
Yamaha,MTT9GT 9 GT,2022,0.0,366.9012485811578,14999.0
Yamaha,WABASH RT M,2023,0.0,366.9012485811578,4199.0
Yamaha,MT-10,2023,1.0,10.0,14199.0
Yamaha,MT-03,2023,0.0,3.0,4999.0
Yamaha,MT-09,2023,0.0,9.0,9799.0
Yamaha,ROYAL STAR VENTURE,2007,21900.0,366.9012485811578,6650.0
Yamaha,WARRIOR BASE,2007,18500.0,366.9012485811578,8500.0
Yamaha,Fj1300,2009,27500.0,1300.0,6500.0
Yamaha,FJR 1300 AE,2009,36512.0,1300.0,8000.0
Yamaha,YZF R1,2012,3400.0,366.9012485811578,11500.0
Yamaha,V Star 950 TOURER,2014,3851.0,950.0,7450.0
Yamaha,FZ-07 ABS,2015,19500.0,7.0,5800.0
Yamaha,FJ-09,2015,10348.0,9.0,6588.0
Yamaha,R1 YZF-R1 YZFR1 1000 YZF R1 R1 YZF-R1,2016,5615.0,1000.0,14970.0
Yamaha,MT 10,2020,8465.0,10.0,11500.0
Yamaha,FJR 1300,2020,3507.0,1300.0,13500.0
Yamaha,YZ450F,2020,80.0,450.0,7488.0
Yamaha,FJR1300 ES CA * 1300ES,2021,9324.0,1300.0,13900.0
Yamaha,Tracer 9 GT,2022,1.0,366.9012485811578,14999.0
Yamaha,XSR700,2022,1.0,700.0,8495.0
Yamaha,MT-03,2023,0.0,3.0,4999.0
Yamaha,YZF-R1,2023,1.0,366.9012485811578,17999.0
Yamaha,YZF-R7 CA,2023,1.0,366.9012485811578,9199.0
Yamaha,TT-R50E,2023,1.0,50.0,1749.0
Yamaha,ZUMA 125,2023,0.0,125.0,3799.0
Yamaha,XS650,1975,3948.0,650.0,3500.0
Yamaha,V STAR 650 CUSTOM,1998,20000.0,650.0,4000.0
Yamaha,Tracer 9 GT,2022,1.0,366.9012485811578,14999.0
Yamaha,450,2003,100.0,450.0,5400.0
Yamaha,MT 09,2019,2700.0,9.0,10000.0
Yamaha,TMAX 500,2015,7000.0,500.0,10500.0
Yamaha,YZF-R7,2023,0.0,366.9012485811578,9499.0
Yamaha,YZ250F,2023,0.0,250.0,7599.0
Yamaha,MT-09,2023,0.0,9.0,9799.0
Yamaha,YZF-R7,2023,0.0,366.9012485811578,9199.0
Yamaha,Zuma 125,2023,0.0,125.0,3799.0
Yamaha,YZF-R7,2023,0.0,366.9012485811578,9199.0
Yamaha,Zuma 125,2023,3.0,125.0,3799.0
Yamaha,YZF-R7,2023,0.0,366.9012485811578,9199.0
Yamaha,YZ250FX,2023,0.0,250.0,8899.0
Yamaha,XSR900,2023,0.0,900.0,10199.0
Yamaha,YZ450F,2023,0.0,450.0,9899.0
Yamaha,Zuma 125,2023,2.0,125.0,4859.0
Yamaha,YZF-R7,2023,0.0,366.9012485811578,9199.0
Yamaha,YZF R7,2023,2.0,366.9012485811578,9199.0
Yamaha,YZF R7,2023,0.0,366.9012485811578,9199.0
Yamaha,YZF-R7,2023,1.0,366.9012485811578,9199.0
Yamaha,YZF-R7,2023,0.0,366.9012485811578,9199.0
Yamaha,Zuma 125,2023,3.0,125.0,3799.0
Yamaha,PW50,2022,0.0,50.0,1699.0
Yamaha,YZF-R7,2023,0.0,366.9012485811578,9199.0
Yamaha,YZF-R7,2023,0.0,366.9012485811578,9999.0
Yamaha,TENERE 700,2023,3.0,700.0,10499.0
Yamaha,WARRIOR BASE,2007,21000.0,366.9012485811578,4950.0
Yamaha,YZF R1,2009,25244.0,366.9012485811578,7500.0
Yamaha,V STAR 950 BASE,2010,4000.0,950.0,4500.0
Yamaha,V STAR 650 CLASSIC,2010,11900.0,650.0,4900.0
Yamaha,STRATOLINER S,2014,49000.0,366.9012485811578,7200.0
Yamaha,SMAX XC155,2018,2127.0,155.0,2650.0
Yamaha,Zuma 125,2023,5.0,125.0,3799.0
Yamaha,V Star 1100 XVS1100,2004,22788.0,1100.0,2995.0
Yamaha,FZR600,2013,16000.0,600.0,5500.0
Yamaha,YZF-R3 Monster Energy Yamaha MotoGP Edition,2021,774.0,366.9012485811578,4598.0
Yamaha,Tracer 9 GT,2022,0.0,366.9012485811578,13499.0
Yamaha,Yzf R7,2022,101.0,366.9012485811578,9800.0
Yamaha,Zuma 125,2022,1.0,125.0,3699.0
Yamaha,MT-09,2023,0.0,9.0,9799.0
Yamaha,Super Ténéré ES,2023,0.0,366.9012485811578,16299.0
Yamaha,YZ 250 MONSTER ENERGY YAMAHA RACING EDITION,2023,0.0,250.0,8099.0
Yamaha,MT-07,2023,0.0,7.0,8199.0
Yamaha,YZF-R1M,2023,0.0,366.9012485811578,26999.0
Yamaha,XSR 900,2023,0.0,900.0,10199.0
Yamaha,MT -09 SP,2023,0.0,9.0,11499.0
Yamaha,YZF-R7,2023,0.0,366.9012485811578,9499.0
Yamaha,YZF-R7,2023,0.0,366.9012485811578,9199.0
Yamaha,YZF-R3,2023,0.0,366.9012485811578,5499.0
Yamaha,YZ65,2023,0.0,65.0,4799.0
Yamaha,MT-07,2023,0.0,7.0,8199.0
Yamaha,YZ250F,2023,0.0,250.0,8599.0
Yamaha,YZF-R3 ABS,2023,1.0,366.9012485811578,5499.0
Yamaha,XT225,1993,2937.0,225.0,2000.0
Yamaha,Road Star,2005,13600.0,366.9012485811578,3900.0
Yamaha,V STAR 1300 BASE,2007,26000.0,1300.0,4000.0
Yamaha,STRYKER XVS1300CT,2011,15686.0,1300.0,6500.0
Yamaha,FJ1300,2011,78000.0,1300.0,5000.0
Yamaha,RAIDER S,2012,13692.0,366.9012485811578,9500.0
Yamaha,FZ8,2013,3427.0,366.9012485811578,6750.0
Yamaha,FZ8,2013,9400.0,366.9012485811578,7390.0
Yamaha,FJ-09,2015,6793.0,9.0,7500.0
Yamaha,MT 10,2018,3777.0,10.0,12999.0
Yamaha,V STAR 650 CUSTOM,2013,8558.0,650.0,3899.0
Yamaha,STAR VENTURE XV1900FD,2018,5125.0,1900.0,16500.0
Yamaha,BOLT R-SPEC,2014,4400.0,366.9012485811578,6000.0
Yamaha,Raider SCL,2014,4000.0,366.9012485811578,11000.0
Yamaha,ROAD STAR S,2014,25375.0,366.9012485811578,6999.0
Yamaha,YZF-R1S,2016,10732.0,366.9012485811578,13999.0
Yamaha,TMAX 500,2016,4450.0,500.0,10000.0
Yamaha,FZR1000,2016,3200.0,1000.0,15000.0
Yamaha,XMAX,2018,1904.0,366.9012485811578,5999.0
Yamaha,STAR ELUDER,2018,16118.0,366.9012485811578,18999.0
Yamaha,YZF R6,2019,3000.0,366.9012485811578,13500.0
Yamaha,MT-07,2019,13228.0,7.0,7999.0
Yamaha,YZ 85,2020,30.0,85.0,3995.0
Yamaha,YZF R6,2020,2500.0,366.9012485811578,11499.0
Yamaha,FJR1300ES 1300 ES,2021,9075.0,1300.0,13900.0
Yamaha,Bolt R-Spec,2022,0.0,366.9012485811578,6799.0
Yamaha,TENERE 700,2022,400.0,700.0,11000.0
Yamaha,XSR700,2023,1.0,700.0,8899.0
Yamaha,MT-03,2023,0.0,3.0,4799.0
Yamaha,XS650,1982,1500.0,650.0,1700.0
Yamaha,ROAD STAR WARRIOR,2002,6248.0,366.9012485811578,6000.0
Yamaha,YZF R1 50TH ANNIVERSARY,2006,4701.0,50.0,10500.0
Yamaha,1100,2007,16000.0,1100.0,4500.0
Yamaha,Fjr 1300 A,2007,49300.0,1300.0,4700.0
Yamaha,V Star 1300 TOURER,2009,10300.0,1300.0,4000.0
Yamaha,V STAR 650 CLASSIC,2009,13034.0,650.0,4000.0
Yamaha,RS,2009,2175.0,366.9012485811578,9000.0
Yamaha,FJ1300,2013,30000.0,1300.0,8500.0
Yamaha,Royal Star Venture S,2013,42184.0,366.9012485811578,7488.0
Yamaha,V Star® 950 Tourer,2014,18202.0,950.0,5999.0
Yamaha,YZF R1,2018,12000.0,366.9012485811578,17200.0
Yamaha,V STAR 250,2013,2615.0,250.0,3999.0
Yamaha,YZ250 Monster Energy Yamaha Racing Edition,2023,0.0,250.0,8099.0
Yamaha,YZF-R7,2023,0.0,366.9012485811578,9699.0
Yamaha,YZF-R7,2023,3.0,366.9012485811578,9199.0
Yamaha,MT-09,2023,0.0,9.0,9799.0
Yamaha,YZF-R7,2023,0.0,366.9012485811578,9199.0
Yamaha,Zuma 125,2023,1.0,125.0,3799.0
Yamaha,YZ250X,2023,0.0,250.0,7999.0
Yamaha,MT-07,2023,2.0,7.0,7899.0
Yamaha,YZF-R3,2023,0.0,366.9012485811578,5499.0
Yamaha,MT-03,2023,0.0,3.0,4999.0
Yamaha,V STAR 650 CUSTOM,2005,8489.0,650.0,2800.0
Yamaha,RAIDER 1900,2008,9300.0,1900.0,7200.0
Yamaha,FJR 1300ABS,2014,54500.0,1300.0,7500.0
Yamaha,YZF R1,2014,8000.0,366.9012485811578,14000.0
Yamaha,FJ-09,2015,19620.0,9.0,6498.0
Yamaha,Tracer 9 GT,2022,1.0,366.9012485811578,14999.0
Yamaha,250F,2023,12.0,250.0,8000.0
Yamaha,XV650,2009,9600.0,650.0,3350.0
Yamaha,STRYKER 1300,2012,13000.0,1300.0,6000.0
Yamaha,WR250R ZL-C,2018,750.0,250.0,5795.0
Yamaha,TRACER 9 GT,2021,2600.0,366.9012485811578,11900.0
Yamaha,Tracer 9 GT,2022,0.0,366.9012485811578,14999.0
Yamaha,YZF-R7,2023,1.0,366.9012485811578,9199.0
Yamaha,YZF-R3 ABS,2023,4.0,366.9012485811578,5499.0
Yamaha,V STAR 1100 CLASSIC,2005,8407.0,1100.0,4995.0
Yamaha,VINO CLASSIC,2006,1200.0,366.9012485811578,1395.0
Yamaha,ROAD STAR SILVERADO MIDNIGHT,2008,32000.0,366.9012485811578,4950.0
Yamaha,FJ1300,2009,10000.0,1300.0,6000.0
Yamaha,FZ1,2012,20456.0,366.9012485811578,5495.0
Yamaha,MT03PL,2023,2.0,3.0,6059.0
Yamaha,RAIDER SCL,2013,7059.0,366.9012485811578,9625.0
Yamaha,MT-10,2023,0.0,10.0,14199.0
Yamaha,MT-09,2023,1.0,9.0,9799.0
Yamaha,MT-07,2022,0.0,7.0,7899.0
Yamaha,MT-09,2022,0.0,9.0,9499.0
Yamaha,ROAD STAR SILVERADO,2008,47304.0,366.9012485811578,4999.0
Yamaha,FJR1300A 1300 A,2015,11715.0,1300.0,10999.0
Yamaha,YZF-R3 Monster Energy Yamaha MotoGP Edition,2021,3327.0,366.9012485811578,5999.0
Yamaha,YZF-R3 Monster Energy Yamaha MotoGP Edition,2021,3327.0,366.9012485811578,5999.0
Yamaha,YZF-R3 Monster Energy Yamaha MotoGP Edition,2021,3327.0,366.9012485811578,5999.0
Yamaha,YZF-R7,2022,0.0,366.9012485811578,8999.0
Yamaha,ROAD STAR,2006,24208.0,366.9012485811578,4999.0
Yamaha,FZ6R,2012,20528.0,366.9012485811578,4999.0
Yamaha,FZ6R,2012,20528.0,366.9012485811578,4999.0
Yamaha,MT-09,2019,7185.0,9.0,8995.0
Yamaha,YZF-R3,2023,0.0,366.9012485811578,5499.0
Yamaha,Niken GT,2019,5612.0,366.9012485811578,13584.0
Yamaha,YZF-R7,2022,0.0,366.9012485811578,8999.0
Yamaha,Tracer 9 GT,2022,1.0,366.9012485811578,14999.0
Yamaha,V STAR 1300,2009,24593.0,1300.0,4999.0
Yamaha,YZF-R1,2013,24745.0,366.9012485811578,11900.0
Yamaha,R1,2003,12055.0,366.9012485811578,6999.0
Yamaha,R1,2003,12055.0,366.9012485811578,6999.0
Yamaha,R1,2003,12055.0,366.9012485811578,6999.0
Yamaha,V Star 1300 Deluxe,2013,37668.0,1300.0,6995.0
Yamaha,YZF-R1S,2016,18411.0,366.9012485811578,13490.0
Yamaha,FJ-09,2015,19898.0,9.0,5999.0
Yamaha,FJ-09,2015,19898.0,9.0,5999.0
Yamaha,FJ-09,2015,19898.0,9.0,5999.0
Yamaha,MT-03,2023,0.0,3.0,4999.0
Yamaha,YZF-R7,2023,0.0,366.9012485811578,8699.0
Yamaha,YZF-R7,2023,0.0,366.9012485811578,9199.0
Yamaha,BOLT R SPEC,2014,672.0,366.9012485811578,7000.0
Yamaha,SCR950,2017,4647.0,950.0,6500.0
Yamaha,450,2018,333.0,450.0,5800.0
Yamaha,TRACER 900,2019,3400.0,900.0,9950.0
Yamaha,MT 03,2020,3635.0,3.0,4500.0
Yamaha,450 VL YFZ,2021,8.0,450.0,7000.0
Yamaha,MT -09 SP,2021,2300.0,9.0,11000.0
Yamaha,XSR 900,2021,9600.0,900.0,9200.0
Yamaha,TT-R50E,2022,0.0,50.0,1749.0
Yamaha,TT-R125LE,2022,0.0,125.0,3349.0
Yamaha,Tracer 9 GT,2022,1.0,366.9012485811578,14999.0
Yamaha,Tracer 9 GT,2022,621.0,366.9012485811578,13980.0
Yamaha,YZ450F Monster Energy Yamaha Racing Edition,2022,0.0,450.0,9799.0
Yamaha,TT-R50E,2022,1.0,50.0,1749.0
Yamaha,MT-07,2022,0.0,7.0,7899.0
Yamaha,MT-07,2022,2.0,7.0,7399.0
Yamaha,TT-R50E,2022,0.0,50.0,1749.0
Yamaha,Tracer 9 GT,2022,3.0,366.9012485811578,14249.0
Yamaha,Tracer 9 GT,2022,0.0,366.9012485811578,13197.0
Yamaha,MT 07,2022,0.0,7.0,7899.0
Yamaha,Tracer 9 GT,2022,0.0,366.9012485811578,13249.0
Yamaha,MT07,2022,0.0,7.0,7899.0
Yamaha,MT10NCGY,2022,0.0,10.0,13999.0
Yamaha,Tracer 9 GT,2022,1.0,366.9012485811578,14999.0
Yamaha,MT-09,2023,0.0,9.0,9799.0
Yamaha,Tenere 700,2023,0.0,700.0,10499.0
Yamaha,YZ250FX,2023,0.0,250.0,8899.0
Yamaha,MT-09,2023,0.0,9.0,9799.0
Yamaha,Zuma 125,2023,0.0,125.0,3799.0
Yamaha,SUPER TENERE 60TH ANNIVERSARY,2016,5200.0,60.0,12000.0
Yamaha,YZF R1,2015,16627.0,366.9012485811578,12000.0
Yamaha,RAIDER S,2013,13000.0,366.9012485811578,8250.0
Yamaha,V-Star 650 Custom,2005,22729.0,650.0,3349.0
Yamaha,FZ-07 ABS,2017,4750.0,7.0,6750.0
Yamaha,MT 07,2018,18289.0,7.0,6250.0
Yamaha,MT 10,2018,39238.0,10.0,9500.0
Yamaha,Tracer 9 GT,2022,0.0,366.9012485811578,13999.0
Yamaha,YZ250X,2023,0.0,250.0,7999.0
Yamaha,YZF R7,2023,0.0,366.9012485811578,9199.0
Yamaha,1100,2004,5038.0,1100.0,4500.0
Yamaha,V STAR 1100 CLASSIC,2007,1834.0,1100.0,4995.0
Yamaha,FJ1300,2009,40100.0,1300.0,6900.0
Yamaha,RS,2009,2800.0,366.9012485811578,14000.0
Yamaha,FZ8,2011,1492.0,366.9012485811578,6750.0
Yamaha,V Star 950 Tourer,2012,9925.0,950.0,5499.0
Yamaha,FZ6 FZ6RAB,2016,4200.0,366.9012485811578,5995.0
Yamaha,STAR VENTURE,2018,8361.0,366.9012485811578,18000.0
Yamaha,STAR VENTURE XV1900FD,2018,34900.0,1900.0,15000.0
Yamaha,WR250R,2020,241.0,250.0,7000.0
Yamaha,YZ,2022,0.0,366.9012485811578,5144.0
Yamaha,TRACER 9 GT,2022,1.0,366.9012485811578,14999.0
Yamaha,Tracer 9 GT,2022,24.0,366.9012485811578,14999.0
Yamaha,YZ250,2023,0.0,250.0,7899.0
Yamaha,BOLT R SPEC R-SPEC,2023,0.0,366.9012485811578,8899.0
Yamaha,YZF-R7,2023,0.0,366.9012485811578,9199.0
Yamaha,V Star 250,2023,4.0,250.0,4699.0
Yamaha,MT-03,2023,0.0,3.0,4999.0
Yamaha,RD400,1979,10000.0,400.0,12000.0
Yamaha,yzf600r,1997,9355.0,600.0,5499.0
Yamaha,V STAR 1100 CLASSIC,2004,8700.0,1100.0,3500.0
Yamaha,YZF 600R,2005,18034.0,600.0,4499.0
Yamaha,PW50,2022,0.0,50.0,1699.0
Yamaha,Zuma 125,2023,0.0,125.0,3799.0
Yamaha,Tracer 9 GT,2022,0.0,366.9012485811578,12999.0
Yamaha,V Star 650,2001,48742.0,650.0,2950.0
Yamaha,FZ6,2006,51510.0,366.9012485811578,3499.0
Yamaha,Road Star Silverado®,2006,9300.0,366.9012485811578,5500.0
Yamaha,MAJESTY 400,2007,8155.0,400.0,4890.0
Yamaha,V Star 1100 Silverado,2008,27334.0,1100.0,3999.0
Yamaha,V Star 1100 Silverado,2008,27334.0,1100.0,3999.0
Yamaha,V Star 1100 Silverado,2008,27334.0,1100.0,3999.0
Yamaha,YZF-R6,2010,5385.0,366.9012485811578,9995.0
Yamaha,YZF R6,2010,12818.0,366.9012485811578,8999.0
Yamaha,Stryker,2011,7584.0,366.9012485811578,6995.0
Yamaha,YZF-R6,2012,9868.0,366.9012485811578,10990.0
Yamaha,Super Tenere,2012,39000.0,366.9012485811578,6497.0
Yamaha,YZF R6,2012,22358.0,366.9012485811578,8999.0
Yamaha,Roadliner S,2013,41994.0,366.9012485811578,6499.0
Yamaha,Bolt R-Spec,2014,5504.0,366.9012485811578,5999.0
Yamaha,V Star 950 Tourer,2014,3859.0,950.0,8999.0
Yamaha,YZF R6,2014,20107.0,366.9012485811578,9499.0
Yamaha,FJR 1300 A 1300A,2015,41452.0,1300.0,9995.0
Yamaha,YZF R6 - Team Yamaha BlueMatte Silver,2015,10411.0,366.9012485811578,10495.0
Yamaha,FJ-09,2015,18206.0,9.0,6999.0
Yamaha,V Star® 950 Tourer,2015,5607.0,950.0,5968.0
Yamaha,Super Tenere ES,2015,8020.0,366.9012485811578,9991.0
Yamaha,YZF-R6,2015,6620.0,366.9012485811578,10990.0
Yamaha,FJ-09,2015,3850.0,9.0,7995.0
Yamaha,V Star 950 BASE,2015,5229.0,950.0,5999.0
Yamaha,FZ-09,2016,11481.0,9.0,7500.0
Yamaha,FJ-09,2016,16759.0,9.0,7995.0
Yamaha,Royal Star Tour Classic,1996,50834.0,366.9012485811578,3895.0
Yamaha,FJR1300A  1300 A,2016,15004.0,1300.0,11499.0
Yamaha,SRX 600 X600,1986,18775.0,600.0,4100.0
Yamaha,YZ250F,2023,0.0,250.0,8499.0
Yamaha,Tracer 9 GT,2022,5143.0,366.9012485811578,12999.0
Yamaha,PW50,2022,0.0,50.0,1699.0
Yamaha,TT-R50E,2022,0.0,50.0,1749.0
Yamaha,TT-R230,2022,0.0,230.0,4449.0
Yamaha,YZFR3 300 W/ABS,2022,2300.0,300.0,5299.0
Yamaha,YZF-R7,2023,1.0,366.9012485811578,9499.0
Yamaha,Super Tenere ES,2023,0.0,366.9012485811578,16290.0
Yamaha,YZF-R3,2023,3.0,366.9012485811578,5499.0
Yamaha,YZ250F Monster Energy Yamaha Racing Edition 250 MONSTER ENERGY YAMAHA RACING EDITION,2023,0.0,250.0,8799.0
Yamaha,YZF-R7,2023,0.0,366.9012485811578,9199.0
Yamaha,YZ125,2023,0.0,125.0,6499.0
Yamaha,YZ250 Monster Energy Yamaha Racing Edition,2023,0.0,250.0,7299.0
Yamaha,YZ250F Monster Energy Yamaha Racing Edition 250 MONSTER ENERGY YAMAHA RACING EDITION,2023,0.0,250.0,9797.0
Yamaha,XMAX,2023,0.0,366.9012485811578,6099.0
Yamaha,TT-R230,2023,0.0,230.0,4499.0
Yamaha,YZ250F Monster Energy Yamaha Racing Edition 250 MONSTER ENERGY YAMAHA RACING EDITION,2023,0.0,250.0,8799.0
Yamaha,YZ250X,2023,0.0,250.0,8997.0
Yamaha,YZ250F Monster Energy Yamaha Racing Edition 250 MONSTER ENERGY YAMAHA RACING EDITION,2023,0.0,250.0,9797.0
Yamaha,YZ250F Monster Energy Yamaha Racing Edition 250 MONSTER ENERGY YAMAHA RACING EDITION,2023,0.0,250.0,9797.0
Yamaha,YZ250F Monster Energy Yamaha Racing Edition 250 MONSTER ENERGY YAMAHA RACING EDITION,2023,0.0,250.0,9797.0
Yamaha,YZ250 Monster Energy Yamaha Racing Edition,2023,0.0,250.0,8998.0
Yamaha,MT-09,2023,0.0,9.0,9799.0
Yamaha,Super Ténéré ES,2023,0.0,366.9012485811578,16299.0
Yamaha,MT-09,2023,0.0,9.0,9799.0
Yamaha,Zuma 125,2023,0.0,125.0,3799.0
Yamaha,Bolt R-Spec,2023,2.0,366.9012485811578,8899.0
Yamaha,Zuma 125,2023,0.0,125.0,3799.0
Yamaha,YZ250X,2023,0.0,250.0,7999.0
Yamaha,TT-R50E,2022,0.0,50.0,1749.0
Yamaha,YZF R6,2017,7920.0,366.9012485811578,13390.0
Yamaha,FZ-10,2017,20596.0,10.0,10999.0
Yamaha,MT-10,2023,0.0,10.0,14199.0
Yamaha,TT-R110E,2023,0.0,110.0,2299.0
Yamaha,MT-09 SP,2023,0.0,9.0,11499.0
Yamaha,TT-R50E,2023,0.0,50.0,1749.0
Yamaha,TT-R230,2023,0.0,230.0,4499.0
Yamaha,PW50,2023,0.0,50.0,1699.0
Yamaha,TT-R110E,2023,0.0,110.0,2299.0
Yamaha,YZ450FX,2023,0.0,450.0,9999.0
Yamaha,YZF-R1,2023,1.0,366.9012485811578,17999.0
Yamaha,TT-R110E,2023,0.0,110.0,2299.0
Yamaha,Zuma 125,2023,1.0,125.0,3799.0
Yamaha,Zuma 125,2023,1.0,125.0,3799.0
Yamaha,TT-R230,2023,0.0,230.0,4499.0
Yamaha,YZ65,2023,0.0,65.0,4799.0
Yamaha,YZ65,2023,0.0,65.0,4799.0
Yamaha,TT-R110E,2023,0.0,110.0,2299.0
Yamaha,YZ250,2023,0.0,250.0,7899.0
Yamaha,YZ250F,2023,0.0,250.0,8599.0
Yamaha,YZF-R7,2023,0.0,366.9012485811578,9199.0
Yamaha,TT-R50E,2023,0.0,50.0,1749.0
Yamaha,YZ450F Monster Energy Yamaha Racing Edition,2023,0.0,450.0,10099.0
Yamaha,MT-10,2023,1.0,10.0,14199.0
Yamaha,TT-R125LE,2023,0.0,125.0,3399.0
Yamaha,MT-09,2023,1.0,9.0,9799.0
Yamaha,YZ125,2023,0.0,125.0,6999.0
Yamaha,Tenere 700,2023,1.0,700.0,15999.0
Yamaha,YZ250FX,2023,0.0,250.0,8899.0
Yamaha,V Star 250,2023,0.0,250.0,4699.0
Yamaha,SCR950,2017,4541.0,950.0,5999.0
Yamaha,PW50,2023,0.0,50.0,1699.0
Yamaha,TT-R50E,2022,1.0,50.0,1549.0
Yamaha,YZF R6,2017,10231.0,366.9012485811578,12199.0
Yamaha,FZ-09,2017,12954.0,9.0,8200.0
Yamaha,YZF-R6,2018,6961.0,366.9012485811578,14990.0
Yamaha,Star Eluder,2018,28117.0,366.9012485811578,18999.0
Yamaha,Star Venture TC BASE,2018,32739.0,366.9012485811578,21495.0
Yamaha,YZ250F,2018,51.0,250.0,6199.0
Yamaha,XV1900 STAR ELUDER GT,2018,3860.0,1900.0,19995.0
Yamaha,Star Eluder GT,2018,6431.0,366.9012485811578,16995.0
Yamaha,MT 07,2019,11363.0,7.0,7199.0
Yamaha,YZF-R6,2020,3408.0,366.9012485811578,14786.0
Yamaha,MT 10,2020,11786.0,10.0,11890.0
Yamaha,Tracer 900 GT,2020,3767.0,900.0,10595.0
Yamaha,MT-10,2020,14995.0,10.0,11995.0
Yamaha,YZ250,2020,1.0,250.0,6999.0
Yamaha,MT-07,2020,6152.0,7.0,8680.0
Yamaha,YDX-MORO - Medium,2021,0.0,366.9012485811578,4099.0
Yamaha,YDX-MORO - Medium,2021,0.0,366.9012485811578,4099.0
Yamaha,MT-07,2021,2934.0,7.0,7199.0
Yamaha,YZF R3 ABS,2021,1530.0,366.9012485811578,5799.0
Yamaha,PW50,2022,0.0,50.0,1699.0
Yamaha,Tracer 9 GT,2022,489.0,366.9012485811578,13290.0
Yamaha,YZ85,2022,0.0,85.0,4999.0
Yamaha,Tracer 9 GT,2022,1.0,366.9012485811578,14999.0
Yamaha,YZ65,2022,0.0,65.0,4699.0
Yamaha,PW50,2022,0.0,50.0,1699.0
Yamaha,YZF-R3 World GP 60th Anniversary Edition,2022,0.0,60.0,5499.0
Yamaha,TT-R50E,2022,1.0,50.0,1549.0
Yamaha,YZ65,2022,1.0,65.0,4699.0
Yamaha,YZ125,2023,0.0,125.0,6999.0
Yamaha,PW50,2022,0.0,50.0,1699.0
Yamaha,WR450F,2022,0.0,450.0,9599.0
Yamaha,TT-R50E,2023,0.0,50.0,1749.0
Yamaha,TT-R230,2023,0.0,230.0,4499.0
Yamaha,YZF-R3,2023,0.0,366.9012485811578,6298.0
Yamaha,PW50,2023,0.0,50.0,1699.0
Yamaha,TT-R110E,2023,0.0,110.0,2798.0
Yamaha,YZ250F MONSTER,2023,0.0,250.0,8799.0
Yamaha,PW50,2023,0.0,50.0,1699.0
Yamaha,YZ250F Monster Energy,2023,0.0,250.0,8799.0
Yamaha,YZ250X,2023,0.0,250.0,7999.0
Yamaha,PW50,2023,0.0,50.0,1699.0
Yamaha,TT-R110E,2023,2.0,110.0,2299.0
Yamaha,YZ125X,2023,0.0,125.0,7837.0
Yamaha,TT-R50E,2023,0.0,50.0,1749.0
Yamaha,TTR125LE,2023,0.0,125.0,3399.0
Yamaha,XSR900,2023,0.0,900.0,10199.0
Yamaha,TT-R230,2023,0.0,230.0,4499.0
Yamaha,PW50,2023,1.0,50.0,1699.0
Yamaha,PW50,2023,1.0,50.0,1699.0
Yamaha,YZF-R7,2023,344.0,366.9012485811578,11500.0
Yamaha,MT-03,2023,0.0,3.0,4999.0
Yamaha,YZF-R3,2023,1.0,366.9012485811578,5499.0
Yamaha,TT-R230,2023,0.0,230.0,5098.0
Yamaha,TT-R110E,2023,0.0,110.0,2798.0
Yamaha,PW50,2023,0.0,50.0,1699.0
Yamaha,MT-10,2023,2.0,10.0,14199.0
Yamaha,TTR125LE,2023,0.0,125.0,3399.0
Yamaha,TT-R50E,2023,0.0,50.0,1749.0
Yamaha,YZ250,2023,1.0,250.0,7899.0
Yamaha,YZ250,2023,0.0,250.0,8099.0
Yamaha,PW50,2023,0.0,50.0,1699.0
Yamaha,PW50,2023,0.0,50.0,1699.0
Yamaha,PW50,2023,0.0,50.0,1699.0
Yamaha,YZ125X,2023,0.0,125.0,7099.0
Yamaha,MT-03,2023,0.0,3.0,4999.0
Yamaha,YZ450F Monster Energy Yamaha Racing Edition,2023,0.0,450.0,10997.0
Yamaha,TT-R110E,2023,0.0,110.0,2299.0
Yamaha,TT-R110E,2023,2.0,110.0,2299.0
Yamaha,TT-R125LE,2023,0.0,125.0,3399.0
Yamaha,TT-R50E,2023,0.0,50.0,1749.0
Yamaha,PW50,2023,0.0,50.0,1699.0
Yamaha,TT-R50E,2023,0.0,50.0,1749.0
Yamaha,TT-R125LE,2023,0.0,125.0,4014.0
Yamaha,PW50,2023,0.0,50.0,1699.0
Yamaha,PW50,2023,0.0,50.0,1699.0
Yamaha,MT-03 - Matte Stealth Black,2023,1.0,3.0,4999.0
Yamaha,Ténéré 700,2023,2.0,700.0,10499.0
Yamaha,PW50,2023,0.0,50.0,1699.0
Yamaha,PW50,2023,0.0,50.0,1699.0
Yamaha,YZ125X,2023,0.0,125.0,8024.0
Yamaha,TT-R50E,2023,0.0,50.0,1749.0
Yamaha,TT-R125LE,2023,0.0,125.0,3399.0
Yamaha,PW50,2023,0.0,50.0,1699.0
Yamaha,TT-R110E CA,2023,1.0,110.0,2299.0
Yamaha,TT-R110E,2023,0.0,110.0,2299.0
Yamaha,YZ250F,2023,0.0,250.0,8599.0
Yamaha,TT-R110E,2023,0.0,110.0,2299.0
Yamaha,MT-09,2023,0.0,9.0,9799.0
Yamaha,TT-R50E,2023,0.0,50.0,2148.0
Yamaha,YZ250X,2023,0.0,250.0,6999.0
Yamaha,PW50,2022,0.0,50.0,1699.0
Yamaha,YZ250 Monster Energy Yamaha Racing Edition,2023,0.0,250.0,8799.0
Yamaha,PW50,2023,0.0,50.0,1699.0
Yamaha,FZ1,2015,4468.0,366.9012485811578,8990.0
Yamaha,V Star 950 Tourer,2015,10474.0,950.0,6499.0
Yamaha,YZF-R1M,2015,10735.0,366.9012485811578,17250.0
Yamaha,FJ-09,2015,6421.0,9.0,5999.0
Yamaha,YZF-R6,2015,13082.0,366.9012485811578,9999.0
Yamaha,YZF-R3,2015,11400.0,366.9012485811578,4497.0
Yamaha,XVS950 VSTAR 950 BASE,2015,3994.0,950.0,6285.0
Yamaha,XV1900 RAIDER BULLET COWL,2015,18850.0,1900.0,9885.0
Yamaha,YZF-R6,2016,15574.0,366.9012485811578,9999.0
Yamaha,FZ-09,2016,12399.0,9.0,7990.0
Yamaha,FZ 07,2016,6683.0,7.0,6499.0
Yamaha,FZ07,2016,18079.0,7.0,6500.0
Yamaha,FZ-09,2016,8051.0,9.0,6999.0
Yamaha,YZF-R6,2016,510.0,366.9012485811578,9999.0
Yamaha,FZ-07,2017,18142.0,7.0,6950.0
Yamaha,YZF-R6,2017,20307.0,366.9012485811578,10699.0
Yamaha,YZF R1,2017,11611.0,366.9012485811578,16299.0
Yamaha,XVS950 BOLT 950 BASE,2017,572.0,950.0,6999.0
Yamaha,XVS950 BOLT 950 BASE,2020,3531.0,950.0,7299.0
Yamaha,YDX-MORO PRO - Large,2021,0.0,366.9012485811578,4599.0
Yamaha,Ténéré 700,2021,12754.0,700.0,9890.0
Yamaha,V Star 250,2021,1275.0,250.0,3991.0
Yamaha,YZ450F Monster Energy Yamaha Racing Edition,2021,50.0,450.0,7399.0
Yamaha,YDX-MORO 07 - Medium,2022,0.0,7.0,5599.0
Yamaha,Tracer 9 GT,2022,0.0,366.9012485811578,14999.0
Yamaha,Tracer 9 GT,2022,1.0,366.9012485811578,14999.0
Yamaha,Tracer 9 GT,2022,0.0,366.9012485811578,14999.0
Yamaha,XVS950 VSTAR 950 BASE,2014,7262.0,950.0,6485.0
Yamaha,PW50,2023,0.0,50.0,1699.0
Yamaha,YZF-R6,2014,28500.0,366.9012485811578,8999.0
Yamaha,Royal Star Venture S,2013,34480.0,366.9012485811578,9999.0
Yamaha,YZ250F,2023,0.0,250.0,9497.0
Yamaha,TT-R50E,2023,0.0,50.0,1749.0
Yamaha,TT-R50E,2023,2.0,50.0,1749.0
Yamaha,YZ250F,2023,1.0,250.0,8599.0
Yamaha,TT-R50E - Team Yamaha Blue,2023,0.0,50.0,1749.0
Yamaha,MT-10,2023,0.0,10.0,14199.0
Yamaha,V Star 250,2023,0.0,250.0,4699.0
Yamaha,Zuma 125,2023,1.0,125.0,3799.0
Yamaha,TT-R125LE,2023,0.0,125.0,3399.0
Yamaha,V Star 250,2023,1.0,250.0,4699.0
Yamaha,MT-10,2023,0.0,10.0,14199.0
Yamaha,MT-10,2023,0.0,10.0,14199.0
Yamaha,YZF-R3,2023,4.0,366.9012485811578,5499.0
Yamaha,YZF-R1,2023,0.0,366.9012485811578,17497.0
Yamaha,Zuma 125,2023,0.0,125.0,3799.0
Yamaha,YZF-R7,2023,0.0,366.9012485811578,9199.0
Yamaha,XMAX,2023,0.0,366.9012485811578,6099.0
Yamaha,XVS650 VSTAR 650 CLASSIC,2001,21754.0,650.0,3485.0
Yamaha,XVS1100 VSTAR 1100 CLASSIC,2005,12919.0,1100.0,4285.0
Yamaha,XVS1100 VSTAR 1100 CLASSIC,2005,35743.0,1100.0,1995.0
Yamaha,XV1700 ROAD STAR 1700,2006,12700.0,1700.0,4885.0
Yamaha,XVS1100 VSTAR 1100 CLASSIC,2006,18617.0,1100.0,4285.0
Yamaha,V Star 950 Tourer,2009,26642.0,950.0,3999.0
Yamaha,STRATOLINER DELUXE,2010,13144.0,366.9012485811578,7995.0
Yamaha,V STAR 950 RAVEN BASE,2011,7979.0,950.0,5900.0
Yamaha,Stryker,2012,38821.0,366.9012485811578,6899.0
Yamaha,XVS950 VSTAR 950 TOURER,2012,25371.0,950.0,5499.0
Yamaha,YZF-R1,2014,6699.0,366.9012485811578,11999.0
Yamaha,YZ450F Monster Energy Yamaha Racing Edition,2022,0.0,450.0,9799.0
Yamaha,FJR1300ES 1300 ES,2023,0.0,1300.0,18290.0
Yamaha,YZF-R7,2023,0.0,366.9012485811578,9199.0
Yamaha,MT-09,2023,0.0,9.0,9799.0
Yamaha,MT-10,2023,0.0,10.0,14199.0
Yamaha,Zuma 125 - Team Yamaha Blue,2023,0.0,125.0,3799.0
Yamaha,MT-03,2023,0.0,3.0,4999.0
Yamaha,Zuma 125,2023,1.0,125.0,3799.0
Yamaha,MT-10 CA,2023,1.0,10.0,14199.0
Yamaha,MT-07,2023,0.0,7.0,8199.0
Yamaha,Zuma 125,2023,0.0,125.0,3799.0
Yamaha,MT-07,2023,0.0,7.0,8199.0
Yamaha,Zuma 125,2023,0.0,125.0,3799.0
Yamaha,Zuma 125,2023,0.0,125.0,4498.0
Yamaha,Zuma 125 - Matte Black,2023,0.0,125.0,3799.0
Yamaha,MT-07,2023,0.0,7.0,8199.0
Yamaha,Zuma 125 - Team Yamaha Blue,2023,0.0,125.0,3799.0
Yamaha,MT-03,2023,0.0,3.0,4999.0
Yamaha,MT-03,2023,0.0,3.0,4999.0
Yamaha,ZUMA 125,2023,64.0,125.0,3599.0
Yamaha,YZF-R7,2023,0.0,366.9012485811578,9199.0
Yamaha,YZF-R7,2023,0.0,366.9012485811578,9199.0
Yamaha,YZF-R7,2023,0.0,366.9012485811578,9199.0
Yamaha,MT-10,2023,0.0,10.0,14199.0
Yamaha,YZ450FX,2023,0.0,450.0,8997.0
Yamaha,YZF-R7,2023,0.0,366.9012485811578,9199.0
Yamaha,YZ250FX,2023,0.0,250.0,8497.0
Yamaha,RD350,1974,1334.0,350.0,5700.0
Yamaha,V-Star 1100 Classic,2000,72135.0,1100.0,2495.0
Yamaha,YZF R1,2003,27400.0,366.9012485811578,7390.0
Yamaha,Zuma 125,2023,1.0,125.0,3799.0
Yamaha,1100 V-Star Classic,2003,32051.0,1100.0,2995.0
Yamaha,MT-09,2023,0.0,9.0,9799.0
Yamaha,MT-10,2023,0.0,10.0,14199.0
Yamaha,Zuma 125,2023,0.0,125.0,3799.0
Yamaha,Zuma 125 - Team Yamaha Blue,2023,0.0,125.0,3799.0
Yamaha,MT-09,2023,1.0,9.0,9799.0
Yamaha,Zuma 125,2023,1.0,125.0,3799.0
Yamaha,Zuma 125,2023,0.0,125.0,3999.0
Yamaha,Zuma 125,2023,1.0,125.0,3999.0
Yamaha,MT-03,2023,0.0,3.0,4999.0
Yamaha,YZ250,2023,0.0,250.0,7899.0
Yamaha,Zuma 125 - Team Yamaha Blue,2023,0.0,125.0,3799.0
Yamaha,YZ250 MONSTER ENERGY YAMAHA RACING EDITION,2023,0.0,250.0,8099.0
Yamaha,MT-09,2023,0.0,9.0,9799.0
Yamaha,Zuma 125,2023,0.0,125.0,3799.0
Yamaha,MT-10 CA,2023,1.0,10.0,14199.0
Yamaha,Zuma 125,2023,0.0,125.0,3799.0
Yamaha,MT-03,2023,0.0,3.0,4999.0
Yamaha,FJR1300ES 1300 ES,2023,1.0,1300.0,18299.0
Yamaha,TT-R50E,2023,0.0,50.0,1749.0
Yamaha,YZF-R3,2023,1.0,366.9012485811578,5499.0
Yamaha,MT-09,2023,0.0,9.0,9799.0
Yamaha,MT-03,2023,0.0,3.0,4999.0
Yamaha,MT-07,2023,0.0,7.0,8199.0
Yamaha,Zuma 125,2023,0.0,125.0,3799.0
Yamaha,Zuma 125,2023,0.0,125.0,3799.0
Yamaha,Zuma 125,2023,0.0,125.0,3799.0
Yamaha,MT-03,2023,1.0,3.0,4999.0
Yamaha,MT-09,2023,0.0,9.0,9799.0
Yamaha,Zuma 125,2023,0.0,125.0,3799.0
Yamaha,Tenere 700,2023,0.0,700.0,10499.0
Yamaha,MT-09,2023,0.0,9.0,9799.0
Yamaha,V STAR CLASSIC,2005,13835.0,366.9012485811578,2995.0
Yamaha,Stratoliner,2007,7927.0,366.9012485811578,7995.0
Yamaha,FZ 09,2016,3178.0,9.0,8199.0
Yamaha,YZF-R6,2016,8376.0,366.9012485811578,12995.0
Yamaha,YZF-R3,2016,7707.0,366.9012485811578,5998.0
Yamaha,YZF R6,2016,12902.0,366.9012485811578,10495.0
Yamaha,YZF-R1,2016,23219.0,366.9012485811578,14495.0
Yamaha,FZ 10,2017,9183.0,10.0,10890.0
Yamaha,FZ 07,2017,6282.0,7.0,6999.0
Yamaha,SCR950,2017,5930.0,950.0,6995.0
Yamaha,SCR 950,2017,3209.0,950.0,6495.0
Yamaha,YZF R6,2017,14625.0,366.9012485811578,13999.0
Yamaha,FJ-09,2017,10703.0,9.0,8999.0
Yamaha,SCR950,2017,20570.0,950.0,5999.0
Yamaha,MT 10,2018,5716.0,10.0,12299.0
Yamaha,YZF R1S,2018,13857.0,366.9012485811578,15499.0
Yamaha,XSR900,2018,7869.0,900.0,10498.0
Yamaha,YZF-R3,2018,2596.0,366.9012485811578,6199.0
Yamaha,MT 09,2019,3458.0,9.0,8999.0
Yamaha,MT 09,2019,2980.0,9.0,9100.0
Yamaha,MT 09,2019,2980.0,9.0,9100.0
Yamaha,Bolt R-Spec XVS950 R SPEC,2019,2695.0,950.0,5999.0
Yamaha,YZF-R3,2020,2116.0,366.9012485811578,4799.0
Yamaha,YZF R6,2020,2640.0,366.9012485811578,15499.0
Yamaha,YZF-R6,2020,1428.0,366.9012485811578,15995.0
Yamaha,XMAX,2021,1082.0,366.9012485811578,5495.0
Yamaha,Tracer 9 GT,2021,175.0,366.9012485811578,12999.0
Yamaha,XSR900,2021,0.0,900.0,9499.0
Yamaha,YDX-MORO 05 - Medium,2022,0.0,5.0,4999.0
Yamaha,BOLT,2016,14002.0,366.9012485811578,6890.0
Yamaha,ROAD STAR WARRIOR,2006,16337.0,366.9012485811578,5500.0
Yamaha,V Star 950 Tourer,2016,1441.0,950.0,8995.0
Yamaha,V Star 650 Custom,2015,3338.0,650.0,5499.0
Yamaha,"Stratoliner ""S""",2007,62260.0,366.9012485811578,5995.0
Yamaha,V STAR 1300 TOURER,2007,43677.0,1300.0,10090.0
Yamaha,V-Star 1100 Custom,2007,27493.0,1100.0,3995.0
Yamaha,ROADLINER,2007,32612.0,366.9012485811578,7499.0
Yamaha,Stratoliner,2007,44743.0,366.9012485811578,5795.0
Yamaha,V Star Classic,2008,2823.0,366.9012485811578,3991.0
Yamaha,XV1900 ROADLINER BASE,2008,15720.0,1900.0,6995.0
Yamaha,XV1900 Stratoliner S,2008,6567.0,1900.0,6995.0
Yamaha,V STAR 1100 CLASSIC,2009,13540.0,1100.0,3995.0
Yamaha,YZF-R1,2009,17678.0,366.9012485811578,9499.0
Yamaha,V STAR 650 CLASSIC,2009,21548.0,650.0,6490.0
Yamaha,950 V-Star BASE,2010,8489.0,950.0,4995.0
Yamaha,Stryker,2012,24001.0,366.9012485811578,5995.0
Yamaha,Super Tenere,2012,17026.0,366.9012485811578,7790.0
Yamaha,Super Tenere,2012,17026.0,366.9012485811578,7790.0
Yamaha,FZ6R,2012,20559.0,366.9012485811578,5998.0
Yamaha,Road Star Silverado S,2012,17454.0,366.9012485811578,5995.0
Yamaha,YZF-R6 Pearl White/Candy Red,2012,30482.0,366.9012485811578,8999.0
Yamaha,YZF-R1,2013,20013.0,366.9012485811578,9500.0
Yamaha,YZF-R6,2013,6739.0,366.9012485811578,9990.0
Yamaha,FZ 8,2013,13381.0,366.9012485811578,6495.0
Yamaha,V Star® 950 Tourer,2013,17939.0,950.0,6990.0
Yamaha,Raider,2014,14405.0,366.9012485811578,9995.0
Yamaha,YZF R6 Two-Tone,2014,11618.0,366.9012485811578,9499.0
Yamaha,FZ-09,2015,25272.0,9.0,7390.0
Yamaha,V STAR 950 TOURER,2015,3475.0,950.0,7900.0
Yamaha,YZF R6,2015,12560.0,366.9012485811578,9999.0
Yamaha,FZ-09,2016,6297.0,9.0,7590.0
Yamaha,YZ65,2023,0.0,65.0,4799.0
Yamaha,Zuma 125,2023,0.0,125.0,3799.0
Yamaha,Zuma 125,2023,1.0,125.0,3799.0
Yamaha,Road Star S,2013,9368.0,366.9012485811578,8777.0
Yamaha,V Star Custom 650 CUSTOM,2013,1924.0,650.0,5250.0
Yamaha,BOLT,2014,12609.0,366.9012485811578,6690.0
Yamaha,V Star 950 BASE,2014,31903.0,950.0,5495.0
Yamaha,V Star 950 Tourer,2014,7514.0,950.0,7399.0
Yamaha,V-Star 1300,2014,22228.0,1300.0,6988.0
Yamaha,Bolt R-Spec,2014,5708.0,366.9012485811578,5988.0
Yamaha,V STAR 950,2015,15337.0,950.0,4999.0
Yamaha,YZF R3,2015,13591.0,366.9012485811578,6390.0
Yamaha,V Star 950,2015,3975.0,950.0,7995.0
Yamaha,YZF R3,2015,27383.0,366.9012485811578,4890.0
Yamaha,FZ-07,2015,6119.0,7.0,6790.0
Yamaha,V Star 1300 BASE,2015,18553.0,1300.0,6995.0
Yamaha,V-Star 1300,2015,15103.0,1300.0,8777.0
Yamaha,FZ-09,2016,3648.0,9.0,7890.0
Yamaha,FZ-07,2016,15149.0,7.0,7190.0
Yamaha,FZ-09,2016,2994.0,9.0,8390.0
Yamaha,YZF R6 - Team Yamaha BlueMatte Silver,2016,12433.0,366.9012485811578,10995.0
Yamaha,FZ-07,2016,25444.0,7.0,5977.0
Yamaha,YZF R3,2017,7904.0,366.9012485811578,5790.0
Yamaha,V-Star 950,2017,17041.0,950.0,9888.0
Yamaha,YZF R6,2017,10936.0,366.9012485811578,13799.0
Yamaha,FZ-10,2017,17111.0,10.0,11499.0
Yamaha,SCR950,2017,487.0,950.0,6699.0
Yamaha,YZF R3,2017,649.0,366.9012485811578,4900.0
Yamaha,YZ 450F,2019,3119.0,450.0,7790.0
Yamaha,MT-07,2019,24334.0,7.0,7888.0
Yamaha,V Star 950,2013,3656.0,950.0,6495.0
Yamaha,FZ09,2019,1690.0,9.0,9500.0
Yamaha,Stryker,2012,15261.0,366.9012485811578,7490.0
Yamaha,V Star 950,2012,12316.0,950.0,5995.0
Yamaha,YZ65,2023,0.0,65.0,4799.0
Yamaha,TT-R110E,2023,0.0,110.0,2299.0
Yamaha,YZ250FX,2023,1.0,250.0,8899.0
Yamaha,YZ125X,2023,0.0,125.0,7099.0
Yamaha,YZ125X,2023,0.0,125.0,7099.0
Yamaha,Zuma 125,2023,0.0,125.0,3799.0
Yamaha,Zuma 125,2023,0.0,125.0,3799.0
Yamaha,MT-07,2023,0.0,7.0,7697.0
Yamaha,YZ65,2023,0.0,65.0,4397.0
Yamaha,V Star Classic,1999,19652.0,366.9012485811578,2995.0
Yamaha,V STAR 1100 CLASSIC,2000,37831.0,1100.0,3999.0
Yamaha,YZF R1,2003,44651.0,366.9012485811578,3999.0
Yamaha,YZF R1,2003,44651.0,366.9012485811578,3999.0
Yamaha,YZF R1,2003,44651.0,366.9012485811578,3999.0
Yamaha,Road Star Midnight,2004,29022.0,366.9012485811578,4777.0
Yamaha,V Star® Classic,2005,2582.0,366.9012485811578,3495.0
Yamaha,V Star® 1300,2007,22395.0,1300.0,5495.0
Yamaha,V Star 1300 BASE,2007,8794.0,1300.0,7495.0
Yamaha,FJR1300AE 1300 AE,2008,22837.0,1300.0,7495.0
Yamaha,V Star® 1100 Custom,2008,7226.0,1100.0,5495.0
Yamaha,Royal Star® Tour Deluxe,2008,12064.0,366.9012485811578,7495.0
Yamaha,V Star 650 Silverado,2009,9952.0,650.0,4495.0
Yamaha,FJR1300 DCT 1300 AE,2009,21165.0,1300.0,6888.0
Yamaha,V STAR 650,2011,9950.0,650.0,4995.0
Yamaha,FZ8,2011,17011.0,366.9012485811578,5790.0
Yamaha,V Star 250,2012,939.0,250.0,3495.0
Yamaha,YZF R6,2012,838.0,366.9012485811578,10390.0
Yamaha,V STAR 950 BASE,2012,1530.0,950.0,5900.0
Yamaha,Zuma 125,2023,1.0,125.0,3799.0
Yamaha,WR250R,2020,408.0,250.0,6999.0
Yamaha,Tracer 9 GT,2021,0.0,366.9012485811578,14899.0
Yamaha,Ténéré 700,2023,1.0,700.0,11449.0
Yamaha,YZF-R7,2023,0.0,366.9012485811578,9199.0
Yamaha,Zuma 125,2023,0.0,125.0,3799.0
Yamaha,Zuma 125,2023,0.0,125.0,3799.0
Yamaha,Ténéré 700,2023,1.0,700.0,11449.0
Yamaha,MT 09,2023,0.0,9.0,9499.0
Yamaha,Zuma 125,2023,0.0,125.0,3799.0
Yamaha,MT 09,2023,0.0,9.0,9799.0
Yamaha,WR450F,2017,800.0,450.0,9999.0
Yamaha,MT-09,2023,0.0,9.0,9799.0
Yamaha,Zuma 125,2023,1.0,125.0,3799.0
Yamaha,MT-03,2023,0.0,3.0,4999.0
Yamaha,YZ125 Monster Energy Yamaha Racing Edition,2023,0.0,125.0,7199.0
Yamaha,YZF-R7,2023,0.0,366.9012485811578,9199.0
Yamaha,MT-03,2023,0.0,3.0,4999.0
Yamaha,ZUMA 125,2023,1.0,125.0,3799.0
Yamaha,TT-R50E,2023,1.0,50.0,1749.0
Yamaha,Zuma 125,2023,0.0,125.0,3799.0
Yamaha,Zuma 125,2023,0.0,125.0,3799.0
Yamaha,YZ450F Monster Energy Yamaha Racing Edition,2023,0.0,450.0,10099.0
Yamaha,TW200,2023,0.0,200.0,4899.0
Yamaha,ZUMA 125,2023,0.0,125.0,3799.0
Yamaha,Zuma 125,2023,0.0,125.0,3799.0
Yamaha,YZ250,2023,0.0,250.0,7899.0
Yamaha,Zuma 125 - Matte Black,2023,0.0,125.0,3799.0
Yamaha,YZF-R7,2023,0.0,366.9012485811578,9199.0
Yamaha,MT-03,2023,0.0,3.0,4999.0
Yamaha,Tracer 9 GT - Liquid Metal,2022,0.0,366.9012485811578,14999.0
Yamaha,YZF R3 MONSTER ENERGY YAMAHA MOTOGP EDITION,2021,3738.0,366.9012485811578,6690.0
Yamaha,TRACER 9 GT,2022,2.0,366.9012485811578,14936.0
Yamaha,Tracer 9 GT,2022,4.0,366.9012485811578,14999.0
Yamaha,MT-10,2021,3505.0,10.0,11995.0
Yamaha,YZF R7,2022,2290.0,366.9012485811578,12290.0
Yamaha,MT-07,2022,0.0,7.0,7899.0
Yamaha,MT-07,2022,1.0,7.0,7899.0
Yamaha,MT 03,2022,0.0,3.0,4799.0
Yamaha,MT 09,2022,0.0,9.0,9499.0
Yamaha,Tracer 9 GT,2022,1.0,366.9012485811578,14999.0
Yamaha,TT-R110E,2022,0.0,110.0,2299.0
Yamaha,TT-R50E,2022,1.0,50.0,1749.0
Yamaha,YZF-R1 World GP 60th Anniversary Edition R1 60TH ANNIVERSARY EDITION,2022,0.0,60.0,18099.0
Yamaha,Tracer 9 GT,2022,0.0,366.9012485811578,13990.0
Yamaha,TT-R50E,2022,0.0,50.0,1749.0
Yamaha,Tracer 9 GT,2022,0.0,366.9012485811578,14999.0
Yamaha,YZ450F,2022,0.0,450.0,9599.0
Yamaha,YZ125 Monster Energy Yamaha Racing Edition,2022,0.0,125.0,7099.0
Yamaha,TRACER 9 GT,2022,0.0,366.9012485811578,14999.0
Yamaha,Tracer 9 GT,2022,0.0,366.9012485811578,14999.0
Yamaha,Tracer 9 GT,2022,1.0,366.9012485811578,14999.0
Yamaha,TRACER 9 GT,2022,0.0,366.9012485811578,12990.0
Yamaha,YZF-R3,2022,0.0,366.9012485811578,5299.0
Yamaha,MT-09,2022,0.0,9.0,9499.0
Yamaha,Tracer 9 GT,2022,0.0,366.9012485811578,14999.0
Yamaha,TRACER 9 GT,2022,0.0,366.9012485811578,14999.0
Yamaha,Zuma 125,2022,1.0,125.0,3699.0
Yamaha,TRACER 9 GT,2022,0.0,366.9012485811578,14999.0
Yamaha,XSR900,2022,1.0,900.0,9999.0
Yamaha,Tracer 9 GT,2022,1.0,366.9012485811578,14999.0
Yamaha,MT-09,2022,987.0,9.0,8995.0
Yamaha,SCR950,2017,1492.0,950.0,5499.0
Yamaha,TT-R110E,2023,0.0,110.0,2299.0
Yamaha,Niken,2019,11194.0,366.9012485811578,11999.0
Yamaha,MT-09,2018,16993.0,9.0,6795.0
Yamaha,FZ-09,2017,4605.0,9.0,8750.0
Yamaha,V STAR 1300 TOURER,2013,36200.0,1300.0,6900.0
Yamaha,V STAR 950 TOURER,2012,7250.0,950.0,6000.0
Yamaha,RAIDER 1900,2008,20508.0,1900.0,5750.0
Yamaha,MT-07,2023,0.0,7.0,8199.0
Yamaha,YZF-R3 ABS,2023,3.0,366.9012485811578,5499.0
Yamaha,YZF-R1,2023,0.0,366.9012485811578,17999.0
Yamaha,TT-R110E,2023,0.0,110.0,2399.0
Yamaha,TT-R110E,2023,0.0,110.0,2399.0
Yamaha,MT-09,2022,3796.0,9.0,9499.0
Yamaha,YZ450FX,2022,0.0,450.0,7999.0
Yamaha,YZ250F,2021,40.0,250.0,5980.0
Yamaha,250F,2021,800.0,250.0,8000.0
Yamaha,TENERE 700,2021,101.0,700.0,10995.0
Yamaha,MT-09,2020,10648.0,9.0,9990.0
Yamaha,Tracer 9 GT,2022,0.0,366.9012485811578,12995.0
Yamaha,Tracer 9 GT,2022,1174.0,366.9012485811578,13499.0
Yamaha,YZ450FX,2023,0.0,450.0,9999.0
Yamaha,Roadliner 1900,2009,14556.0,1900.0,5995.0
Yamaha,V-Star 650 XVS65a CLASSIC,2003,21202.0,650.0,2999.0
Yamaha,FJR1300ES 1300 ES,2021,7072.0,1300.0,15990.0
Yamaha,V Star® 950 Tourer,2014,20901.0,950.0,5999.0
Yamaha,YZF-R3 ABS,2023,4.0,366.9012485811578,5499.0
Yamaha,YZ250X,2023,1.0,250.0,7999.0
Yamaha,TW200,2023,0.0,200.0,4899.0
Yamaha,XSR 900,2021,1110.0,900.0,9400.0
Yamaha,YZF-R1,2023,0.0,366.9012485811578,17999.0
Yamaha,YZF-R7,2023,0.0,366.9012485811578,9199.0
Yamaha,MT-03,2023,0.0,3.0,4999.0
Yamaha,TENERE 700,2023,190.0,700.0,14000.0
Yamaha,Tracer 9 GT,2022,0.0,366.9012485811578,14999.0
Yamaha,YZF R6,2020,3003.0,366.9012485811578,13700.0
Yamaha,FZR1000,2018,2900.0,1000.0,17900.0
Yamaha,RZV500R,1984,1.0,500.0,74995.0
Yamaha,YZF-R7,2023,0.0,366.9012485811578,9199.0
Yamaha,FZ-07 ABS,2017,2945.0,7.0,6499.0
Yamaha,STRYKER,2012,17861.0,366.9012485811578,5000.0
Yamaha,TENERE,2012,6221.0,366.9012485811578,11000.0
Yamaha,Raider® SCL,2013,25988.0,366.9012485811578,7966.0
Yamaha,V STAR 650 CLASSIC,2002,18400.0,650.0,3499.0
Yamaha,YZF-R7,2023,0.0,366.9012485811578,9199.0
Yamaha,YZF-R7,2022,0.0,366.9012485811578,8999.0
Yamaha,TT-R230,2022,0.0,230.0,3849.0
Yamaha,FJR 1300 ES,2020,2943.0,1300.0,16250.0
Yamaha,450,2020,82.0,450.0,8300.0
Yamaha,Bolt C-Spec,2015,1671.0,366.9012485811578,5999.0
Yamaha,XSR 900,2019,6000.0,900.0,10000.0
Yamaha,V STAR 1300 TOURER,2015,10636.0,1300.0,7100.0
Yamaha,ROAD STAR SILVERADO S,2008,22169.0,366.9012485811578,6999.0
Yamaha,FJ1200 ABS,1993,32000.0,1200.0,4000.0
Yamaha,YZ450F,2023,0.0,450.0,9899.0
Yamaha,Zuma 125,2023,0.0,125.0,3799.0
Yamaha,Zuma 125,2023,0.0,125.0,4295.0
Yamaha,Zuma 125,2023,0.0,125.0,3799.0
Yamaha,FJ-09,2017,17718.0,9.0,7496.0
Yamaha,YZF-R6,2018,5900.0,366.9012485811578,13990.0
Yamaha,FZ-10,2017,26688.0,10.0,8795.0
Yamaha,XSR 900,2022,36.0,900.0,11000.0
Yamaha,V STAR 950 TOURER,2009,14370.0,950.0,4250.0
Yamaha,YZF-R7,2023,0.0,366.9012485811578,9199.0
Yamaha,MT-09,2023,3.0,9.0,11499.0
Yamaha,YZ250X,2023,0.0,250.0,7999.0
Yamaha,ZUMA 125,2023,3.0,125.0,3799.0
Yamaha,YZ250X,2023,0.0,250.0,7999.0
Yamaha,YZF-R7,2023,1.0,366.9012485811578,9199.0
Yamaha,XSR900,2021,1243.0,900.0,10199.0
Yamaha,YZF-R3 ABS,2023,0.0,366.9012485811578,5499.0
Yamaha,MT-10,2023,0.0,10.0,14199.0
Yamaha,YZF-R7,2023,5.0,366.9012485811578,9199.0
Yamaha,MT-10,2022,0.0,10.0,13999.0
Yamaha,YZ65,2022,0.0,65.0,4699.0
Yamaha,YZ450F Monster Energy Yamaha Racing Edition,2022,0.0,450.0,8799.0
Yamaha,YZF-R3 World GP 60th Anniversary Edition,2022,0.0,60.0,5499.0
Yamaha,MT-09,2022,1515.0,9.0,9499.0
Yamaha,YZF-R3 ABS,2023,0.0,366.9012485811578,5499.0
Yamaha,Tracer 9 GT,2022,1.0,366.9012485811578,13995.0
Yamaha,MT-07,2022,1.0,7.0,7899.0
Yamaha,MT-03,2023,0.0,3.0,4999.0
Yamaha,V Star 950 Tourer,2012,8303.0,950.0,5999.0
Yamaha,YZF-R7,2023,0.0,366.9012485811578,9199.0
Yamaha,Tracer 9 GT,2022,0.0,366.9012485811578,14999.0
Yamaha,XT250,2021,556.0,250.0,4495.0
Yamaha,XSR700,2018,3750.0,700.0,7990.0
Yamaha,RAIDER 1900,2008,5036.0,1900.0,6800.0
Yamaha,YZF-R7,2023,0.0,366.9012485811578,9199.0
Yamaha,YZF-R3,2023,0.0,366.9012485811578,5499.0
Yamaha,YZF-R3 ABS,2023,0.0,366.9012485811578,5499.0
Yamaha,YZF-R3,2023,0.0,366.9012485811578,5499.0
Yamaha,YZF-R7 CA,2022,0.0,366.9012485811578,8599.0
Yamaha,YZF R1M,2016,35295.0,366.9012485811578,16900.0
Yamaha,Zuma 125,2023,0.0,125.0,3799.0
Yamaha,YZ125 Monster Energy Yamaha Racing Edition,2023,0.0,125.0,7199.0
Yamaha,Tracer 9 GT,2022,1.0,366.9012485811578,13599.0
Yamaha,YZF R6,2017,9715.0,366.9012485811578,14000.0
Yamaha,YZF R1M,2015,4000.0,366.9012485811578,22000.0
Yamaha,YZF-R7,2023,0.0,366.9012485811578,9199.0
Yamaha,YZF-R7,2023,0.0,366.9012485811578,9199.0
Yamaha,MT 09,2019,4300.0,9.0,8999.0
Yamaha,TT-R230,2023,0.0,230.0,4499.0
Yamaha,Star Eluder,2018,1261.0,366.9012485811578,16688.0
Yamaha,Star Venture,2018,11256.0,366.9012485811578,17999.0
Yamaha,ROAD STAR BAGGER,1999,7276.0,366.9012485811578,5999.0
Yamaha,FZ-09,2015,9400.0,9.0,6500.0
Yamaha,Super Tenere ES,2021,6689.0,366.9012485811578,13499.0
Yamaha,FJ-09,2015,6512.0,9.0,7500.0
Yamaha,FZ-07,2017,8415.0,7.0,6150.0
Yamaha,V Star 950 BASE,2009,10170.0,950.0,5799.0
Yamaha,XV1700PC,2004,9158.0,1700.0,5900.0
Yamaha,Zuma 125,2023,1.0,125.0,3799.0
Yamaha,Star Venture,2018,7872.0,366.9012485811578,17999.0
Yamaha,Bolt,2019,384.0,366.9012485811578,7995.0
Yamaha,FZ-09,2016,8123.0,9.0,7499.0
Yamaha,Yzf R1,2011,16000.0,366.9012485811578,8000.0
Yamaha,SMAX XC155,2019,1374.0,155.0,4200.0
Yamaha,FZ1,2006,26945.0,366.9012485811578,4500.0
Yamaha,MT-10,2022,1.0,10.0,12999.0
Yamaha,MT-10,2020,6219.0,10.0,11981.0
Yamaha,SUPER TENERE XT1200Z,2015,14000.0,1200.0,14000.0
Yamaha,FJR1300ES 1300 ES,2023,0.0,1300.0,18299.0
Yamaha,YZ250F,2022,0.0,250.0,8499.0
Yamaha,YZF R7,2022,5191.0,366.9012485811578,10995.0
Yamaha,MT 07,2021,2396.0,7.0,8500.0
Yamaha,TENERE 700,2021,5300.0,700.0,9995.0
Yamaha,YZF R6,2019,4200.0,366.9012485811578,14995.0
Yamaha,Super Tenere ES,2018,19104.0,366.9012485811578,12783.0
Yamaha,STRYKER XVS1300CT,2014,2317.0,1300.0,8500.0
Yamaha,XSR900,2023,0.0,900.0,10199.0
Yamaha,YZ125,2023,0.0,125.0,6999.0
Yamaha,Tracer 9 GT,2022,0.0,366.9012485811578,13977.0
Yamaha,MT-07,2022,1.0,7.0,7899.0
Yamaha,Tracer 9 GT,2022,0.0,366.9012485811578,14999.0
Yamaha,FJR1300ES  1300 ES,2016,22984.0,1300.0,8999.0
Yamaha,V STAR 650 CLASSIC,2010,49.0,650.0,11000.0
Yamaha,RAIDER S,2008,4130.0,366.9012485811578,5200.0
Yamaha,Ténéré 700,2023,1.0,700.0,10499.0
Yamaha,MT-09,2020,21558.0,9.0,8783.0
Yamaha,Tracer 9 GT,2022,1.0,366.9012485811578,14999.0
Yamaha,YZF R6,2019,8929.0,366.9012485811578,14999.0
Yamaha,MT-07,2019,4200.0,7.0,7799.0
Yamaha,V STAR 1300 DELUXE,2015,31756.0,1300.0,8150.0
Yamaha,ROAD STAR,2004,54342.0,366.9012485811578,4995.0
Yamaha,MT-09,2023,0.0,9.0,9799.0
Yamaha,MT-09,2023,1.0,9.0,10649.0
Yamaha,MT-03,2023,1.0,3.0,5949.0
Yamaha,Tracer 9 GT,2022,0.0,366.9012485811578,13999.0
Yamaha,MT-09,2023,0.0,9.0,9799.0
Yamaha,Zuma 125,2023,0.0,125.0,3799.0
Yamaha,Tracer 9 GT,2022,0.0,366.9012485811578,15849.0
Yamaha,R7,2022,1207.0,366.9012485811578,10690.0
Yamaha,YZ450FX,2019,15.0,450.0,7995.0
Yamaha,BOLT C-SPEC,2016,827.0,366.9012485811578,8995.0
Yamaha,FJR1300ES 1300 ES,2015,46149.0,1300.0,11299.0
Yamaha,Raider,2008,20000.0,366.9012485811578,8750.0
Yamaha,ZUMA 125,2023,0.0,125.0,3799.0
Yamaha,Tracer 9 GT,2022,1979.0,366.9012485811578,13999.0
Yamaha,YZF-R3,2023,1.0,366.9012485811578,5499.0
Yamaha,YZ 250F,2019,31.0,250.0,6969.0
Yamaha,MAJESTY 400,2005,42400.0,400.0,2495.0
Yamaha,MT-10,2023,3.0,10.0,14199.0
Yamaha,YZ125 Monster Energy Yamaha Racing Edition,2023,0.0,125.0,7199.0
Yamaha,YZF-R7,2023,1.0,366.9012485811578,9199.0
Yamaha,YZ450F,2023,0.0,450.0,9899.0
Yamaha,Tracer 9 GT,2022,0.0,366.9012485811578,14999.0
Yamaha,YZF-R7,2022,3674.0,366.9012485811578,10998.0
Yamaha,Xmax BASE,2022,212.0,366.9012485811578,7000.0
Yamaha,YZF R1 WORLD GP 60TH ANNIVERSARY EDITION,2022,1750.0,60.0,21000.0
Yamaha,Tracer 9 GT CA,2021,1.0,366.9012485811578,14899.0
Yamaha,YZ 250F,2021,110.0,250.0,7200.0
Yamaha,WR250R,2020,47.0,250.0,8995.0
Yamaha,VENTURE,2018,41080.0,366.9012485811578,14998.0
Yamaha,MT-07,2018,11749.0,7.0,7693.0
Yamaha,Bolt C-Spec,2015,9276.0,366.9012485811578,5698.0
Yamaha,V STAR 650 CLASSIC,2006,13868.0,650.0,3100.0
Yamaha,YZF R1,2007,23028.0,366.9012485811578,7999.0
Yamaha,STRATOLINER DELUXE,2009,7764.0,366.9012485811578,7995.0
Yamaha,ROAD STAR SILVERADO,2012,15360.0,366.9012485811578,8495.0
Yamaha,MT-07,2022,0.0,7.0,7899.0
Yamaha,MT-07,2022,1.0,7.0,7899.0
Yamaha,YZF-R7,2022,0.0,366.9012485811578,8999.0
Yamaha,Zuma 125,2022,0.0,125.0,3699.0
Yamaha,MT-09,2021,0.0,9.0,9399.0
Yamaha,Super Tenere ES,2021,8992.0,366.9012485811578,13995.0
Yamaha,MT-09,2019,6295.0,9.0,9390.0
Yamaha,YZF R6,2014,4500.0,366.9012485811578,13500.0
Yamaha,XSR900,2019,5167.0,900.0,7999.0
Yamaha,SUPER TENERE ES,2018,23600.0,366.9012485811578,11500.0
Yamaha,STAR ELUDER,2018,5808.0,366.9012485811578,17995.0
Yamaha,MT07,2018,1453.0,7.0,7988.0
Yamaha,FZ-07,2017,10700.0,7.0,6250.0
Yamaha,FJR 1300 A,2013,26859.0,1300.0,6000.0
Yamaha,SUPER TENERE XT1200Z,2013,38000.0,1200.0,7250.0
Yamaha,V STAR 1300 CLASSIC,2012,2186.0,1300.0,6500.0
Yamaha,YZF R6,2019,2462.0,366.9012485811578,12499.0
Yamaha,XVS95BR BASE,2012,5354.0,95.0,4668.0
Yamaha,YZF R6,2012,15800.0,366.9012485811578,7700.0
Yamaha,ROYAL STAR VENTURE S,2001,18000.0,366.9012485811578,5800.0
Yamaha,Bolt C-Spec,2015,11499.0,366.9012485811578,5999.0
Yamaha,Bolt R-Spec,2015,14611.0,366.9012485811578,6290.0
Yamaha,V STAR 950 TOURER,2015,15440.0,950.0,8500.0
Yamaha,V STAR 1300,2014,20400.0,1300.0,5195.0
Yamaha,ROADLINER S,2014,7862.0,366.9012485811578,11700.0
Yamaha,RAIDER BASE,2013,8800.0,366.9012485811578,8400.0
Yamaha,V-STAR 950,2009,5143.0,950.0,5290.0
Yamaha,FZ-09,2015,2733.0,9.0,7000.0
Yamaha,V STAR 650 CUSTOM,2008,13199.0,650.0,3600.0
Yamaha,Stratoliner,2007,28000.0,366.9012485811578,5950.0
Yamaha,FJR1300ES 1300 ES,2023,0.0,1300.0,18299.0
Yamaha,PW50,2023,0.0,50.0,1699.0
Yamaha,YZF-R3,2023,0.0,366.9012485811578,5499.0
Yamaha,YZF R7 WORLD GP 60TH ANNIVERSARY EDITION,2022,3550.0,60.0,11500.0
Yamaha,Tracer 9 GT,2022,1.0,366.9012485811578,14999.0
Yamaha,YZF R3 WORLD GP 60TH ANNIVERSARY EDITION,2021,1000.0,60.0,6000.0
Yamaha,V-STAR 1100 CUSTOM,2007,43567.0,1100.0,3490.0
Yamaha,MT-03,2022,1.0,3.0,4799.0
Yamaha,Tracer 9 GT,2021,1.0,366.9012485811578,15329.0
Yamaha,YZ450F,2022,0.0,450.0,9799.0
Yamaha,YZ85,2023,1.0,85.0,4899.0
Yamaha,MT-03,2023,3.0,3.0,4999.0
Yamaha,MT-03,2023,3.0,3.0,4999.0
Yamaha,MT-03 MATTE STEALTH BLACK,2023,0.0,3.0,4999.0
Yamaha,TT-R230,2023,1.0,230.0,4499.0
Yamaha,FJR 1300 ES 1300ES,2023,1.0,1300.0,18299.0
Yamaha,MT-07 CA,2023,3.0,7.0,8199.0
Yamaha,YZF R1 WORLD GP 60TH ANNIVERSARY EDITION,2022,1900.0,60.0,18400.0
Yamaha,YZF-R7,2023,3.0,366.9012485811578,9199.0
Yamaha,Super Tenere ES,2023,1.0,366.9012485811578,14995.0
Yamaha,YZF-R7 CA,2023,1.0,366.9012485811578,9199.0
Yamaha,YZF-R7,2023,0.0,366.9012485811578,9199.0
Yamaha,TT-R110E,2023,0.0,110.0,2299.0
Yamaha,TENERE 700,2022,10603.0,700.0,10999.0
Yamaha,MT-07 TEAM YAMAHA BLUE,2022,0.0,7.0,8199.0
Yamaha,MT 09,2022,4099.0,9.0,9500.0
Yamaha,YZF-R7 CA,2023,1.0,366.9012485811578,9199.0
Yamaha,Tracer 9 GT,2022,0.0,366.9012485811578,13499.0
Yamaha,V Star® 1300 BASE,2009,20268.0,1300.0,4568.0
Yamaha,YZF-R7,2023,0.0,366.9012485811578,9199.0
Yamaha,Tracer 9 GT,2022,0.0,366.9012485811578,14999.0
Yamaha,MT 07,2022,0.0,7.0,7899.0
Yamaha,Tracer 9 GT,2021,0.0,366.9012485811578,14899.0
Yamaha,YZF R3,2016,2500.0,366.9012485811578,4850.0
Yamaha,V STAR 950 BASE,2012,2274.0,950.0,6995.0
Yamaha,V STAR 950 TOURER,2010,43386.0,950.0,4500.0
Yamaha,Ténéré 700,2023,0.0,700.0,10297.0
Yamaha,MT-03,2023,0.0,3.0,4999.0
Yamaha,Zuma 125,2023,0.0,125.0,3799.0
Yamaha,YZF-R7,2023,0.0,366.9012485811578,9199.0
Yamaha,MT07NCGY,2022,0.0,7.0,7899.0
Yamaha,MT-07,2022,1.0,7.0,7899.0
Yamaha,MT-07,2022,0.0,7.0,7899.0
Yamaha,MT-07,2021,646.0,7.0,8495.0
Yamaha,YZF R6,2020,795.0,366.9012485811578,14995.0
Yamaha,YZF R3,2022,6000.0,366.9012485811578,5390.0
Yamaha,Tracer 9 GT,2022,0.0,366.9012485811578,14999.0
Yamaha,Tracer 9 GT,2022,0.0,366.9012485811578,13499.0
Yamaha,Tracer 9 GT,2022,1.0,366.9012485811578,14999.0
Yamaha,FZ-07,2016,4000.0,7.0,6000.0
Yamaha,YZF R1,2019,987.0,366.9012485811578,15999.0
Yamaha,YZ250FX,2023,0.0,250.0,8899.0
Yamaha,YZF-R1,2015,6923.0,366.9012485811578,14998.0
Yamaha,V STAR 950 TOURER,2013,14545.0,950.0,5100.0
Yamaha,YZF-R6S,2009,24397.0,366.9012485811578,6950.0
Yamaha,Stratoliner,2008,27813.0,366.9012485811578,5999.0
Yamaha,YZF R6,2020,1000.0,366.9012485811578,13500.0
Yamaha,GTS1000,1993,16610.0,1000.0,8000.0
Yamaha,YZ125,2023,0.0,125.0,7199.0
Yamaha,Ténéré 700,2023,0.0,700.0,10499.0
Yamaha,TENERE 700 700,2023,1.0,700.0,10499.0
Yamaha,Zuma 125,2023,1.0,125.0,3799.0
Yamaha,ZUMA 125,2023,0.0,125.0,4399.0
Yamaha,Zuma 125,2023,0.0,125.0,3799.0
Yamaha,MT-09,2023,1.0,9.0,9799.0
Yamaha,XS1100,1979,68369.0,1100.0,7200.0
Yamaha,MT 07,2019,2672.0,7.0,8995.0
Yamaha,Tracer 9 GT,2022,0.0,366.9012485811578,14499.0
Yamaha,FJR 1300ES,2016,8082.0,1300.0,15999.0
Yamaha,MT-03,2021,1.0,3.0,4599.0
Yamaha,MT 03,2021,2025.0,3.0,4250.0
Yamaha,YZF-R1,2021,4572.0,366.9012485811578,16797.0
Yamaha,SCR950,2017,8195.0,950.0,5499.0
Yamaha,R1M,2016,11306.0,366.9012485811578,17999.0
Yamaha,FZ6,2009,10001.0,366.9012485811578,4250.0
Yamaha,Xs650,1981,11786.0,650.0,7000.0
Yamaha,SUPER TENERE XT1200ES,2022,2300.0,1200.0,16000.0
Yamaha,MT-09,2023,0.0,9.0,9799.0
Yamaha,MT-09 SP,2023,3.0,9.0,11499.0
Yamaha,MT-03,2023,0.0,3.0,4999.0
Yamaha,MT-03,2023,0.0,3.0,4999.0
Yamaha,YZF-R6,2015,8279.0,366.9012485811578,9995.0
Yamaha,MT-07,2023,0.0,7.0,8199.0
Yamaha,MT-03,2023,0.0,3.0,4999.0
Yamaha,MT-03,2023,0.0,3.0,4999.0
Yamaha,MT-09,2023,0.0,9.0,9799.0
Yamaha,TT-R50E,2022,0.0,50.0,1749.0
Yamaha,MT-07,2022,0.0,7.0,7899.0
Yamaha,V-STAR 1300,2007,14072.0,1300.0,5390.0
Yamaha,V STAR 950 TOURER,2010,4350.0,950.0,4950.0
Yamaha,V STAR 1300 TOURER,2008,9514.0,1300.0,5800.0
Yamaha,V Star 1300 BASE,2007,15995.0,1300.0,5488.0
Yamaha,YZF R7,2022,6.0,366.9012485811578,9000.0
Yamaha,Road Star Warrior XV1700A,2004,23000.0,1700.0,5000.0
Yamaha,V STAR 1100 CUSTOM,2004,22503.0,1100.0,4925.0
Yamaha,V Star 950 BASE,2012,3318.0,950.0,5499.0
Yamaha,MT-09,2023,3.0,9.0,9799.0
Yamaha,YZ250F,2023,0.0,250.0,8599.0
Yamaha,YZ450F Monster Energy Yamaha Racing Edition,2023,0.0,450.0,10099.0
Yamaha,TW200,2023,0.0,200.0,4899.0
Yamaha,MT-10,2023,0.0,10.0,14199.0
Yamaha,TT-R125LE,2023,0.0,125.0,3399.0
Yamaha,YZF-R1,2014,9736.0,366.9012485811578,12991.0
Yamaha,Zuma 125,2023,0.0,125.0,3799.0
Yamaha,Roadliner® S,2014,11225.0,366.9012485811578,9290.0
Yamaha,Super Tenere,2012,17925.0,366.9012485811578,6999.0
ducatti,1199 Panigale R,2013,1320.0,1199.0,20999.0
ducatti,PANIGALE 1199 R,2013,7588.0,1199.0,20000.0
ducatti,Streetfighter V2,2023,4.0,994.6210826210826,17995.0
ducatti,1098s TRICOLORE,2007,2450.0,1098.0,24300.0
ducatti,DESERTX,2023,3.0,994.6210826210826,17095.0
ducatti,MULTISTRADA 1200 S,2015,35600.0,1200.0,9000.0
ducatti,Monster 695,2008,2950.0,695.0,4350.0
ducatti,MULTISTRADA 1200 S TOURING,2017,8400.0,1200.0,12995.0
ducatti,MONSTER + 797,2019,482.0,797.0,7800.0
ducatti,SUPERBIKE PANIGALE V2,2021,1000.0,994.6210826210826,16250.0
ducatti,Streetfighter V4,2021,1187.0,994.6210826210826,17495.0
ducatti,STREETFIGHTER V4 S,2022,2800.0,994.6210826210826,22250.0
ducatti,SCRAMBLER DESERT SLED,2022,995.0,994.6210826210826,11300.0
ducatti,SCRAMBLER URBAN MOTARD,2022,6.0,994.6210826210826,13999.0
ducatti,Monster SP,2023,2.0,994.6210826210826,15595.0
ducatti,Monster SP Livery 821 STRIPE,2023,0.0,821.0,15595.0
ducatti,XDiavel Dark,2023,3.0,994.6210826210826,21495.0
ducatti,MONSTER 821,2020,7432.0,821.0,10500.0
ducatti,DesertX RR22 Livery,2023,0.0,22.0,18295.0
ducatti,Scrambler Icon Dark,2023,2.0,994.6210826210826,9195.0
ducatti,Multistrada V4S Custom Graphics / Spoked Wheels V4 S,2022,0.0,994.6210826210826,26495.0
ducatti,MH900 E,2002,156.0,900.0,32250.0
ducatti,Multistrada 1260 S Ducati Red,2019,14435.0,1260.0,15995.0
ducatti,MONSTER SP,2023,170.0,994.6210826210826,14500.0
ducatti,PANIGALE V2,2023,3.0,994.6210826210826,18295.0
ducatti,999,2005,18500.0,999.0,13500.0
ducatti,MULTISTRADA 1200 S,2015,6950.0,1200.0,12500.0
ducatti,PANIGALE V4 S,2018,1824.0,994.6210826210826,24500.0
ducatti,STREETFIGHTER V4 SP,2022,1350.0,994.6210826210826,32000.0
ducatti,HYPERMOTARD 939 SP,2018,763.0,939.0,14999.0
ducatti,XDIAVEL S,2019,1826.0,994.6210826210826,18500.0
ducatti,PANIGALE V4 S,2020,1890.0,994.6210826210826,19999.0
ducatti,PANIGALE V4 R,2020,473.0,994.6210826210826,39900.0
ducatti,DIAVEL 1260 S,2021,6700.0,1260.0,21900.0
ducatti,MONSTER + 937,2021,3800.0,937.0,10000.0
ducatti,SUPERSPORT 950 S,2021,3457.0,950.0,15250.0
ducatti,PANIGALE V4,2022,300.0,994.6210826210826,21925.0
ducatti,SCRAMBLER 1100 SPECIAL,2018,6463.0,1100.0,8999.0
ducatti,1198,2010,18600.0,1198.0,9800.0
ducatti,Multistrada 1200 S Iceberg White,2016,11952.0,1200.0,11495.0
ducatti,DIAVEL CROMO,2013,9888.0,994.6210826210826,8490.0
ducatti,panigale 899,2015,11200.0,899.0,10980.0
ducatti,PANIGALE 959 CORSE,2017,3840.0,959.0,18000.0
ducatti,MONSTER + 797,2017,7000.0,797.0,7197.0
ducatti,Scrambler Full Throttle,2018,1408.0,994.6210826210826,8699.0
ducatti,MULTISTRADA 1260 PIKES PEAK,2019,14417.0,1260.0,16799.0
ducatti,XDIAVEL DARK,2021,3954.0,994.6210826210826,15497.0
ducatti,STREETFIGHTER V4S,2021,13200.0,994.6210826210826,18211.0
ducatti,Multistrada V4 S Travel & Radar,2022,2.0,994.6210826210826,26295.0
ducatti,PANIGALE V4,2023,500.0,994.6210826210826,23700.0
ducatti,MONSTER 1000S,2008,926.0,1000.0,9998.0
ducatti,SPORTCLASSIC GT1000,2008,8500.0,1000.0,11000.0
ducatti,DIAVEL CROMO,2013,9000.0,994.6210826210826,10200.0
ducatti,Monster 821,2015,10500.0,821.0,7900.0
ducatti,MULTISTRADA 1200 S TOURING,2017,6600.0,1200.0,15500.0
ducatti,MULTISTRADA 950,2018,12854.0,950.0,10100.0
ducatti,MONSTER 821,2018,3300.0,821.0,9900.0
ducatti,MULTISTRADA 1260 PIKES PEAK,2019,5000.0,1260.0,19500.0
ducatti,1199 Panigale,2013,7415.0,1199.0,16999.0
ducatti,HYPERMOTARD 1100 EVO SP,2012,14595.0,1100.0,12595.0
ducatti,848 EVO CORSE SE,2013,4619.0,848.0,10000.0
ducatti,848 EVO,2011,7150.0,848.0,10200.0
ducatti,MULTISTRADA 1200 PIKES PEAK,2016,2023.0,1200.0,15500.0
ducatti,SCRAMBLER® ICON,2016,8095.0,994.6210826210826,7000.0
ducatti,MULTISTRADA 1200 ENDURO,2017,16000.0,1200.0,13000.0
ducatti,PANIGALE V4 S,2019,1177.0,994.6210826210826,22950.0
ducatti,Scrambler 1100,2019,4850.0,1100.0,8500.0
ducatti,Multistrada 1260 Enduro,2019,15323.0,1260.0,17995.0
ducatti,MONSTER + 937,2021,7500.0,937.0,9500.0
ducatti,STREETFIGHTER V4 S,2021,383.0,994.6210826210826,20000.0
ducatti,Diavel 1260 Dark Stealth 1260 S,2022,117.0,1260.0,19995.0
ducatti,Multistrada V2 S Street Grey,2022,1584.0,994.6210826210826,16799.0
ducatti,SuperSport 950 S White Silk fairing,2022,427.0,950.0,15995.0
ducatti,STREETFIGHTER V4 SP,2022,2068.0,994.6210826210826,31000.0
ducatti,Panigale V4 S Ducati Red,2023,1.0,994.6210826210826,31595.0
ducatti,Panigale V2,2023,0.0,994.6210826210826,18295.0
ducatti,MONSTER PLUS,2023,3.0,994.6210826210826,13195.0
ducatti,750,2002,8914.0,750.0,3300.0
ducatti,749 S,2006,1272.0,749.0,14999.0
ducatti,MS1200STE 1200 S TOURING,2011,21219.0,1200.0,7997.0
ducatti,SCRAMBLER 1100,2018,3343.0,1100.0,8999.0
ducatti,XDiavel S Thrilling Black,2023,0.0,994.6210826210826,27395.0
ducatti,MULTISTRADA 1200 PIKES PEAK,2016,23600.0,1200.0,14000.0
ducatti,Multistrada 1200,2020,2871.0,1200.0,19400.0
ducatti,PANIGALE V4,2021,3200.0,994.6210826210826,21500.0
ducatti,SuperSport 950 S Ducati Red fairing,2023,1.0,950.0,16895.0
ducatti,MONSTER + 937,2023,959.0,937.0,12500.0
ducatti,DIAVEL CARBON,2015,7500.0,994.6210826210826,10500.0
ducatti,SCRAMBLER STREET CLASSIC,2018,4150.0,994.6210826210826,8000.0
ducatti,SCRAMBLER 1100,2018,6900.0,1100.0,10750.0
ducatti,Monster 821,2019,2700.0,821.0,9500.0
ducatti,SCRAMBLER® NIGHTSHIFT,2021,2700.0,994.6210826210826,8500.0
ducatti,PANIGALE V2,2021,101.0,994.6210826210826,19500.0
ducatti,STREETFIGHTER V2,2022,606.0,994.6210826210826,15550.0
ducatti,Streetfighter V2 Ducati Red,2023,5.0,994.6210826210826,17995.0
ducatti,Streetfighter V2 Storm Green,2023,1.0,994.6210826210826,17495.0
ducatti,DESERTX,2023,3423.0,994.6210826210826,16500.0
ducatti,STREETFIGHTER S,2010,4090.0,994.6210826210826,9000.0
ducatti,SUPERBIKE PANIGALE V4 S CORSE,2019,13880.0,994.6210826210826,27999.0
ducatti,MULTISTRADA 1260 S,2019,3000.0,1260.0,15999.0
ducatti,Hypermotard 950,2019,8600.0,950.0,12000.0
ducatti,DIAVEL 1260 S,2020,2741.0,1260.0,18495.0
ducatti,SUPERBIKE PANIGALE V4 R,2019,1537.0,994.6210826210826,40000.0
ducatti,MONSTER S2R 1000,2006,5600.0,1000.0,7500.0
ducatti,Multistrada V4S Aviator Grey / Alloy Wheels V4 S SPORT,2022,0.0,994.6210826210826,26295.0
ducatti,Diavel 1260 S Total Black,2022,1800.0,1260.0,20995.0
ducatti,PANIGALE V4 S,2023,0.0,994.6210826210826,31595.0
ducatti,Panigale V2 Ducati Red,2023,1.0,994.6210826210826,18295.0
ducatti,Monster SP Livery 821 STRIPE,2023,6.0,821.0,15595.0
ducatti,Diavel 1260 S Black and Steel,2023,0.0,1260.0,25995.0
ducatti,MULTISTRADA 1260 S TOURING,2019,8200.0,1260.0,15500.0
ducatti,Scrambler Icon 62 Yellow,2023,5.0,62.0,10995.0
ducatti,Multistrada V4S Iceberg White - Spoked Wheels V4 S,2023,0.0,994.6210826210826,28295.0
ducatti,Panigale V4 S Ducati Red,2023,5.0,994.6210826210826,31595.0
ducatti,Panigale V2 Ducati Red,2023,1.0,994.6210826210826,18295.0
ducatti,Monster SP Livery 821 STRIPE,2023,6.0,821.0,15595.0
ducatti,Diavel 1260 S Black and Steel,2023,0.0,1260.0,25995.0
ducatti,Panigale V4 Ducati Red,2023,0.0,994.6210826210826,24495.0
ducatti,Scrambler Nightshift Aviator Grey,2023,0.0,994.6210826210826,11695.0
ducatti,Scrambler Urban Motard Star White Silk and Ducati GP,2023,0.0,994.6210826210826,11895.0
ducatti,DesertX Star White Silk,2023,0.0,994.6210826210826,17695.0
ducatti,848 EVO BASE,2011,7800.0,848.0,9300.0
ducatti,STREET FIGHTER V4,2021,896.0,994.6210826210826,17999.0
ducatti,MULTISTRADA V4 S SPORT,2022,12500.0,994.6210826210826,22750.0
ducatti,SUPERSPORT 950 S,2022,198.0,950.0,13800.0
ducatti,SCRAMBLER ICON,2015,4378.0,994.6210826210826,6295.0
ducatti,SCRAMBLER SIXTY2,2016,1317.0,994.6210826210826,7000.0
ducatti,Monster 821 Ducati Red,2019,1806.0,821.0,9258.0
ducatti,MULTISTRADA V4 S,2021,2707.0,994.6210826210826,20985.0
ducatti,DIAVEL 1260 S,2021,4350.0,1260.0,21499.0
ducatti,STREETFIGHTER V2,2022,1039.0,994.6210826210826,16000.0
ducatti,Multistrada V4S Ducati Red / Alloy Wheels V4 S SPORT,2022,898.0,994.6210826210826,23495.0
ducatti,Scrambler Urban Motard,2022,0.0,994.6210826210826,11895.0
ducatti,Streetfighter V4,2022,2428.0,994.6210826210826,17995.0
ducatti,STREETFIGHTER V2,2022,1070.0,994.6210826210826,20000.0
ducatti,Multistrada V4 S Travel & Radar Spoked Wheel,2022,1.0,994.6210826210826,24500.0
ducatti,Multistrada V4 Pikes Peak Livery,2023,0.0,994.6210826210826,30395.0
ducatti,Scrambler Nightshift Aviator Grey,2023,6.0,994.6210826210826,11695.0
ducatti,Multistrada V2 S Ducati Red,2023,1.0,994.6210826210826,18895.0
ducatti,GT 1000 TOURING,2007,19000.0,1000.0,8000.0
ducatti,MULTISTRADA 1200 ABS,2010,21000.0,1200.0,8190.0
ducatti,MONSTER 821 STRIPE,2015,11411.0,821.0,7500.0
ducatti,ST 3S ABS,2007,20816.0,994.6210826210826,7995.0
ducatti,SUPERBIKE 748 BIPOSTA,1998,4300.0,748.0,7000.0
ducatti,Panigale V2,2023,0.0,994.6210826210826,18595.0
ducatti,SUPERBIKE PANIGALE V4,2023,59.0,994.6210826210826,44500.0
ducatti,Streetfighter V2 Storm Green,2023,5.0,994.6210826210826,18195.0
ducatti,DesertX RR22 Livery,2023,1.0,22.0,18295.0
ducatti,DesertX Star White Silk,2023,1.0,994.6210826210826,17095.0
ducatti,1198 1198SP,2011,3100.0,1198.0,14500.0
ducatti,848 EVO BASE,2013,10566.0,848.0,9000.0
ducatti,MULTISTRADA 1200 S TOURING,2014,34906.0,1200.0,7999.0
ducatti,MULTISTRADA 1200 S PIKES PEAK,2016,21500.0,1200.0,14495.0
ducatti,Scrambler Cafe Racer,2019,580.0,994.6210826210826,11495.0
ducatti,SUPERLEGGERA 1299,2017,250.0,1299.0,65000.0
ducatti,Streetfighter V4 S Ducati Red,2020,1460.0,994.6210826210826,22995.0
ducatti,Diavel 1260 S Ducati Red,2021,1661.0,1260.0,19495.0
ducatti,SCRAMBLER 1100 PRO,2021,10.0,1100.0,13495.0
ducatti,SuperSport 950 S Ducati Red fairing,2022,0.0,950.0,16395.0
ducatti,Multistrada V4S Aviator Grey / Alloy Wheels V4 S SPORT,2022,5.0,994.6210826210826,26295.0
ducatti,MONSTER + 937,2023,6000.0,937.0,13000.0
ducatti,Monster SP Livery 821 STRIPE,2023,0.0,821.0,15595.0
ducatti,DesertX RR22 Livery,2023,0.0,22.0,18295.0
ducatti,Scrambler Urban Motard Star White Silk and Ducati GP,2023,6.0,994.6210826210826,11895.0
ducatti,PANIGALE V4 R,2020,2268.0,994.6210826210826,44900.0
ducatti,Streetfighter V4 S,2020,7700.0,994.6210826210826,19995.0
ducatti,Multistrada 1200 S,2016,16640.0,1200.0,10999.0
ducatti,Streetfighter V4 S,2023,0.0,994.6210826210826,27795.0
ducatti,Panigale V4 Speciale,2018,4925.0,994.6210826210826,32999.0
ducatti,HYPERMOTARD 950 SP,2020,743.0,950.0,13900.0
ducatti,MONSTER + 937,2022,1123.0,937.0,12300.0
ducatti,Multistrada V4 S Sport Full Alloy Wheels,2022,3.0,994.6210826210826,26995.0
ducatti,HYPERMOTARD,2013,8431.0,994.6210826210826,8995.0
ducatti,MONSTER 1200 S,2015,5500.0,1200.0,9500.0
ducatti,Panigale V4,2018,5704.0,994.6210826210826,17299.0
ducatti,Streetfighter V4 S Ducati Red,2021,987.0,994.6210826210826,21999.0
ducatti,900 SS,1977,5852.0,900.0,49999.0
ducatti,MONSTER 1100 EVO,2013,8500.0,1100.0,6900.0
ducatti,Hypermotard 939 SP,2016,3558.0,939.0,8999.0
ducatti,PANIGALE V2 BAYLISS 1ST CHAMPIONSHIP 20TH ANNIVERSARY,2022,1.0,20.0,22750.0
ducatti,Panigale V2 Ducati Red,2023,9.0,994.6210826210826,18295.0
ducatti,DesertX RR22 Livery,2023,0.0,22.0,18295.0
ducatti,Scrambler Nightshift,2023,0.0,994.6210826210826,11695.0
ducatti,SUPERSPORT 900,2002,2100.0,900.0,8750.0
ducatti,Scrambler Icon,2019,1176.0,994.6210826210826,8195.0
ducatti,Diavel Carbon Star White and Matt Carbon,2015,15327.0,994.6210826210826,11000.0
ducatti,HYPERMOTARD 950,2022,1017.0,950.0,13200.0
ducatti,Scrambler Urban Motard,2023,0.0,994.6210826210826,11895.0
ducatti,HYPERMOTARD 950 SP,2022,871.0,950.0,17499.0
ducatti,MULTISTRADA 1260 PIKES PEAK,2019,2918.0,1260.0,20000.0
ducatti,Multistrada 1260 Sport Touring Red,2020,3737.0,1260.0,18999.0
ducatti,Streetfighter V4 S Dark Stealth,2021,2439.0,994.6210826210826,20995.0
ducatti,Streetfighter V4S,2021,893.0,994.6210826210826,22500.0
ducatti,SuperSport 950 Ducati Red,2023,3.0,950.0,15195.0
ducatti,PANIGALE 1299 R FINAL EDITION,2018,11362.0,1299.0,38500.0
ducatti,Panigale V4,2019,8500.0,994.6210826210826,18495.0
ducatti,PANIGALE V4 R,2020,1668.0,994.6210826210826,39950.0
ducatti,Scrambler 1100 Special,2020,829.0,1100.0,12995.0
ducatti,SCRAMBLER DESERT SLED,2021,439.0,994.6210826210826,13495.0
ducatti,HYPERMOTARD 950 SP,2022,1900.0,950.0,19400.0
ducatti,Multistrada 1200 S Touring,2015,12827.0,1200.0,10490.0
ducatti,Monster 1200 S,2019,10021.0,1200.0,10999.0
ducatti,MULTISTRADA 1200 S GRANTURISMO,2014,7519.0,1200.0,12995.0
ducatti,SCRAMBLER FULL THROTTLE,2018,2900.0,994.6210826210826,8250.0
ducatti,Scrambler 800 Dark,2020,3098.0,800.0,7490.0
ducatti,Streetfighter V4 S Ducati Red,2021,3252.0,994.6210826210826,22499.0
ducatti,DesertX Star White Silk,2023,8.0,994.6210826210826,17695.0
ducatti,HYPERMOTARD 1100 S,2008,4848.0,1100.0,8500.0
ducatti,Multistrada V4S Ducati Red / Alloy Wheels V4 S SPORT,2022,7.0,994.6210826210826,25795.0
ducatti,999 S,2004,12000.0,999.0,12000.0
ducatti,SUPERBIKE 959 PANIGALE,2017,961.0,959.0,23995.0
ducatti,PANIGALE V2,2020,6136.0,994.6210826210826,17995.0
ducatti,MONSTER 821 DARK STEALTH,2021,4400.0,821.0,11500.0
ducatti,Multistrada 1260 Enduro,2019,879.0,1260.0,14999.0
ducatti,Panigale V4 SP2,2023,3.0,994.6210826210826,47495.0
ducatti,Diavel,2013,982.0,994.6210826210826,11499.0
ducatti,STREETFIGHTER V4 S,2022,800.0,994.6210826210826,29500.0
ducatti,PANIGALE V4 SP2,2023,300.0,994.6210826210826,49900.0
ducatti,MONSTER + 937,2023,1700.0,937.0,12750.0
ducatti,DIAVEL 1260 S,2021,3919.0,1260.0,20000.0
ducatti,DIAVEL CARBON,2011,4757.0,994.6210826210826,12000.0
ducatti,Superbike 1199 Panigale R,2014,15572.0,1199.0,14999.0
ducatti,MULTISTRADA 1200 ENDURO PRO,2017,1591.0,1200.0,14500.0
ducatti,STREETFIGHTER V4 SP,2022,1300.0,994.6210826210826,34900.0
ducatti,Scrambler 1100,2018,2400.0,1100.0,9495.0
ducatti,Monster 821 Stealth,2021,6308.0,821.0,11795.0
ducatti,1199 Superleggera 1299,2014,1050.0,1199.0,49995.0
ducatti,SCRAMBLER 1100 SPORT PRO,2022,1814.0,1100.0,13995.0
ducatti,MULTISTRADA 1260 S,2019,9950.0,1260.0,15250.0
ducatti,Desmosedici D16RR,2008,1458.0,16.0,77999.0
ducatti,Diavel V4 Thrilling Black BASE,2023,0.0,994.6210826210826,26995.0
ducatti,1199 Superleggera 1299,2014,187.0,1199.0,48499.0
ducatti,STREETFIGHTER V4S,2022,1618.0,994.6210826210826,22200.0
ducatti,SCRAMBLER DESERT SLED,2019,560.0,994.6210826210826,11000.0
ducatti,MULTISTRADA 1260 S ENDURO,2019,2690.0,1260.0,17900.0
ducatti,SUPERLEGGERA,2014,1717.0,994.6210826210826,47200.0
ducatti,Diavel Titanium,2015,7020.0,994.6210826210826,12994.0
ducatti,Multistrada V4 Pikes Peak Livery,2023,9.0,994.6210826210826,31595.0
ducatti,1098 S TRICOLORE,2007,27596.0,1098.0,13495.0
ducatti,Hyperstrada 939,2016,7841.0,939.0,7999.0
ducatti,MULTISTRADA 1200 S PIKES PEAK,2016,8750.0,1200.0,15999.0
ducatti,Multistrada V4S Aviator Grey / Alloy Wheels V4 S SPORT,2022,2.0,994.6210826210826,26295.0
ducatti,Multistrada V4S Ducati Red / Spoked Wheels 950 S SPOKED WHEELS,2022,2.0,950.0,26795.0
ducatti,MONSTER PLUS,2023,5.0,994.6210826210826,12995.0
ducatti,Multistrada V4S Travel & Radar V4 S,2023,0.0,994.6210826210826,27195.0
ducatti,MONSTER S2R 1000,2007,14314.0,1000.0,6500.0
ducatti,Multistrada V4 S Travel & Radar,2021,4400.0,994.6210826210826,20999.0
ducatti,DIAVEL 1260 LAMBORGHINI,2021,124.0,1260.0,99950.0
ducatti,Diavel 1260 S Total Black,2022,5.0,1260.0,24195.0
ducatti,XDiavel S,2020,903.0,994.6210826210826,19995.0
ducatti,Xdiavel S,2016,6106.0,994.6210826210826,16999.0
ducatti,PANIGALE 1299 S,2016,3037.0,1299.0,22000.0
ducatti,PANIGALE 1199 S,2014,1667.0,1199.0,18200.0
ducatti,MULTISTRADA V4 S,2021,3208.0,994.6210826210826,24994.0
ducatti,Panigale V2 Bayliss 1st Championship 20th Anniversary,2022,147.0,20.0,20995.0
ducatti,SCRAMBLER DESERT SLED FASTHOUSE,2022,734.0,994.6210826210826,13500.0
ducatti,XDIAVEL S,2022,1350.0,994.6210826210826,23000.0
ducatti,Multistrada V4 Pikes Peak Livery,2023,1.0,994.6210826210826,31595.0
ducatti,DESERT X RR BASE,2023,5.0,994.6210826210826,18295.0
ducatti,Scrambler 1100 Dark PRO 1100 PRO,2023,0.0,1100.0,13895.0
ducatti,MULTISTRADA V4 S,2023,3.0,994.6210826210826,27795.0
ducatti,1198 1198,2009,10207.0,1198.0,12000.0
ducatti,1198 1198,2011,4677.0,1198.0,11000.0
ducatti,Monster DIESEL,2013,16100.0,994.6210826210826,10000.0
ducatti,Monster 1200 S Red,2015,12671.0,1200.0,10290.0
ducatti,PANIGALE 899,2015,7900.0,899.0,11900.0
ducatti,SCRAMBLER FULL THROTTLE,2016,1800.0,994.6210826210826,9350.0
ducatti,MULTISTRADA 1260 PIKES PEAK,2018,9255.0,1260.0,19988.0
ducatti,HYPERMOTARD 950 SP,2019,2572.0,950.0,13850.0
ducatti,Scrambler,2019,5616.0,994.6210826210826,7994.0
ducatti,Scrambler Desert Sled,2019,3499.0,994.6210826210826,10328.0
ducatti,MONSTER 1200 S,2018,3774.0,1200.0,14500.0
ducatti,SUPERSPORT BASE,2017,4509.0,994.6210826210826,10495.0
ducatti,HYPERSTRADA 939,2016,7000.0,939.0,9500.0
ducatti,MULTISTRADA V2 S,2023,38.0,994.6210826210826,18900.0
ducatti,Superbike 1199 Panigale,2015,14029.0,1199.0,17996.0
ducatti,1299 Panigale S Red,2015,12800.0,1299.0,13995.0
ducatti,PANIGALE V4,2019,6285.0,994.6210826210826,23000.0
ducatti,Diavel 1260 S,2020,954.0,1260.0,18999.0
ducatti,Monster 821,2020,5378.0,821.0,9390.0
ducatti,MONSTER 821,2020,2297.0,821.0,11950.0
ducatti,Scrambler Icon Dark,2021,11631.0,994.6210826210826,7199.0
ducatti,Diavel 1260 S Ducati Red,2021,5821.0,1260.0,19799.0
ducatti,Scrambler Urban Motard Star White Silk and Ducati GP,2022,1.0,994.6210826210826,11695.0
ducatti,MULTISTRADA V4 S,2023,0.0,994.6210826210826,27095.0
ducatti,PANIGALE V2 BAYLISS 1ST CHAMPIONSHIP 20TH ANNIVERSARY,2023,3.0,20.0,22395.0
ducatti,749 BASE,2006,8638.0,749.0,8999.0
ducatti,MULTISTRADA 1200 S TOURING,2013,39187.0,1200.0,6800.0
ducatti,Monster 696,2014,11630.0,696.0,6495.0
ducatti,DIAVEL CARBON,2015,7783.0,994.6210826210826,11500.0
ducatti,SCRAMBLER ICON,2015,3870.0,994.6210826210826,6250.0
ducatti,899 Panigale Red,2015,15761.0,899.0,9995.0
ducatti,Scrambler Urban Motard Star White Silk and Ducati GP,2022,1.0,994.6210826210826,11695.0
ducatti,MONSTER + 937,2022,968.0,937.0,12800.0
ducatti,Scrambler 1100 Tribute PRO Giallo Ocra 1100 PRO,2022,53.0,1100.0,12995.0
ducatti,Diavel V4 Thrilling Black BASE,2023,1.0,994.6210826210826,26995.0
ducatti,DesertX,2023,1.0,994.6210826210826,17095.0
ducatti,Multistrada V4S Travel & Radar - White/Spoke Wheel V4 S,2023,0.0,994.6210826210826,28295.0
ducatti,DesertX RR22 BASE,2023,0.0,22.0,18295.0
ducatti,MONSTER 695,2007,12000.0,695.0,6000.0
ducatti,1098R,2008,2700.0,1098.0,21500.0
ducatti,PANIGALE 1199 S,2013,19489.0,1199.0,14000.0
ducatti,HYPERMOTARD SP,2013,6100.0,994.6210826210826,8250.0
ducatti,MONSTER 1200 S,2014,26694.0,1200.0,8900.0
ducatti,XDIAVEL S,2016,10050.0,994.6210826210826,14450.0
ducatti,Scrambler Icon Rosso Ducati,2022,0.0,994.6210826210826,9995.0
ducatti,MULTISTRADA 1200 S TOURING,2016,5950.0,1200.0,11495.0
ducatti,Scrambler Icon,2023,3.0,994.6210826210826,10195.0
ducatti,900 SS,1980,6656.0,900.0,52999.0
ducatti,SuperSport - BASE,2020,5452.0,994.6210826210826,12888.0
ducatti,Streetfighter V4 S Ducati Red,2021,1124.0,994.6210826210826,21999.0
ducatti,Diavel 1260 S Black and Steel,2022,2445.0,1260.0,22495.0
ducatti,MONSTER PLUS,2023,5.0,994.6210826210826,13195.0
ducatti,DesertX,2023,1.0,994.6210826210826,17095.0
ducatti,Streetfighter V4 SP,2022,434.0,994.6210826210826,32995.0
ducatti,STREETFIGHTER V4S,2022,5.0,994.6210826210826,25695.0
ducatti,Diavel,2018,2545.0,994.6210826210826,13999.0
ducatti,Streetfighter V2 Storm Green,2023,269.0,994.6210826210826,24795.0
ducatti,MONSTER 900,2000,31378.0,900.0,7995.0
ducatti,ST 4S ABS,2004,10200.0,994.6210826210826,7500.0
ducatti,StreetFighter,2010,24557.0,994.6210826210826,7995.0
ducatti,DIAVEL CARBON,2012,2200.0,994.6210826210826,13000.0
ducatti,Scrambler Icon,2018,2348.0,994.6210826210826,8950.0
ducatti,MONSTER 1200 S,2019,217.0,1200.0,21800.0
ducatti,X Diavel S White,2019,642.0,994.6210826210826,17995.0
ducatti,Diavel V4 Thrilling Black BASE,2023,1.0,994.6210826210826,26995.0
ducatti,X Diavel S White,2019,642.0,994.6210826210826,17995.0
ducatti,Multistrada V4S Ducati Red / Spoked Wheels 950 S SPOKED WHEELS,2022,5592.0,950.0,20995.0
ducatti,Streetfighter V4 SP Winter Test,2022,1835.0,994.6210826210826,33999.0
ducatti,DIAVEL 1260,2022,970.0,1260.0,19750.0
ducatti,Monster + Dark Stealth 821 STEALTH,2023,305.0,821.0,13899.0
ducatti,Hypermotard 950 SP,2023,850.0,950.0,25000.0
ducatti,1098 S,2008,5302.0,1098.0,12999.0
ducatti,PANIGALE 1299 S,2015,11218.0,1299.0,19500.0
ducatti,Multistrada 1200 S,2015,25181.0,1200.0,10999.0
ducatti,Monster 1200 S Black on Black,2020,4925.0,1200.0,16297.0
ducatti,Multistrada V4S Aviator Grey / Alloy Wheels V4 S SPORT,2022,0.0,994.6210826210826,23797.0
ducatti,Scrambler 1100,2018,2419.0,1100.0,11999.0
ducatti,SUPERBIKE PANIGALE V4 S,2021,3000.0,994.6210826210826,24000.0
ducatti,Panigale V2,2021,3214.0,994.6210826210826,15900.0
ducatti,Scrambler 1100 PRO Ocean Drive,2021,0.0,1100.0,13499.0
ducatti,STREETFIGHTER V4 S,2021,3998.0,994.6210826210826,19980.0
ducatti,Multistrada V4S Ducati Red / Spoked Wheels 950 S SPOKED WHEELS,2021,2490.0,950.0,21999.0
ducatti,HYPERMOTARD 950,2022,1171.0,950.0,13190.0
ducatti,XDIAVEL S,2022,0.0,994.6210826210826,25595.0
ducatti,Multistrada V4 Sport Livery and Alloy Wheels,2022,0.0,994.6210826210826,28245.0
ducatti,Scrambler Urban Motard Star White Silk and Ducati GP,2022,0.0,994.6210826210826,11695.0
ducatti,SCRAMBLER URBAN MOTARD,2022,10.0,994.6210826210826,10995.0
ducatti,STREETFIGHTER V4 S,2022,10.0,994.6210826210826,25695.0
ducatti,Streetfighter V2 Storm Green,2023,2.0,994.6210826210826,18195.0
ducatti,Panigale V2 Ducati Red,2023,2.0,994.6210826210826,18295.0
ducatti,DesertX Star White Silk,2023,0.0,994.6210826210826,17695.0
ducatti,Monster + Dark Stealth 821 STEALTH,2023,0.0,821.0,13195.0
ducatti,TK-01RR,2023,0.0,1.0,8295.0
ducatti,Multistrada V4S Ducati Red - Alloy Wheels V4 S SPORT,2023,9.0,994.6210826210826,27195.0
ducatti,Monster + Aviator Grey,2023,9.0,994.6210826210826,13195.0
ducatti,Panigale V4 S,2020,2333.0,994.6210826210826,41995.0
ducatti,Monster + Aviator Grey,2023,0.0,994.6210826210826,13195.0
ducatti,Monster 1200 S,2020,14209.0,1200.0,14790.0
ducatti,Monster 797 Red,2020,7523.0,797.0,7990.0
ducatti,Diavel Dark Stealth,2015,5180.0,994.6210826210826,11499.0
ducatti,DIAVEL DARK,2015,2891.0,994.6210826210826,12995.0
ducatti,Diavel Carbon,2016,6987.0,994.6210826210826,13299.0
ducatti,Superbike 1299 Panigale S,2016,8847.0,1299.0,10000.0
ducatti,1299 Panigale S Anniversario 1299 S ANNIVERSARIO,2017,10630.0,1299.0,18500.0
ducatti,XDiavel S Thrilling Black,2017,4826.0,994.6210826210826,18999.0
ducatti,Multistrada 1200 Enduro Red,2017,13681.0,1200.0,14999.0
ducatti,XDiavel S,2017,10208.0,994.6210826210826,15999.0
ducatti,959 Panigale White,2018,8012.0,959.0,13699.0
ducatti,PANIGALE 959 959 PANIGALE,2018,4077.0,959.0,13890.0
ducatti,Scrambler 1100,2018,888.0,1100.0,9499.0
ducatti,959 Panigale,2018,10600.0,959.0,13499.0
ducatti,Scrambler Icon Orange,2019,442.0,994.6210826210826,9499.0
ducatti,Panigale V4 R,2019,6509.0,994.6210826210826,34999.0
ducatti,MULTISTRADA 1260 S,2019,3526.0,1260.0,16999.0
ducatti,Scrambler Cafe Racer,2019,2754.0,994.6210826210826,11500.0
ducatti,SCRAMBLER CAFE RACER,2020,6714.0,994.6210826210826,11500.0
ducatti,Panigale V2 Ducati Red,2020,2217.0,994.6210826210826,16499.0
ducatti,Multistrada V4 Pikes Peak,2023,5.0,994.6210826210826,31595.0
ducatti,MONSTER PLUS,2023,10.0,994.6210826210826,13195.0
ducatti,Monster 696,2009,9496.0,696.0,4999.0
ducatti,Streetfighter V2,2023,5.0,994.6210826210826,17995.0
ducatti,Streetfighter V2 Ducati Red,2023,9.0,994.6210826210826,17995.0
ducatti,SuperSport 950 S Ducati Red,2023,3.0,950.0,17695.0
ducatti,SuperSport 950 Ducati Red,2023,2.0,950.0,15195.0
ducatti,Scrambler Urban Motard Star White Silk and Ducati GP,2023,150.0,994.6210826210826,11895.0
ducatti,Monster + Aviator Grey,2023,4.0,994.6210826210826,13195.0
ducatti,Scrambler Icon Dark Matt Black,2023,9.0,994.6210826210826,9195.0
ducatti,Monster + Dark Stealth 821 STEALTH,2023,0.0,821.0,12895.0
ducatti,Scrambler Nightshift,2023,0.0,994.6210826210826,11695.0
ducatti,Diavel V4 BASE,2023,0.0,994.6210826210826,26695.0
ducatti,PANIGALE 1199,2012,16400.0,1199.0,11995.0
ducatti,Superbike 1199 Panigale R ABS 1199 R,2013,8355.0,1199.0,15495.0
ducatti,MONSTER 796,2013,15606.0,796.0,6895.0
ducatti,MULTISTRADA 1260 PIKES PEAK,2016,11604.0,1260.0,19995.0
ducatti,MONSTER 1200,2016,9283.0,1200.0,9950.0
ducatti,SCRAMBLER DESERT SLED,2017,3583.0,994.6210826210826,10995.0
ducatti,Scrambler 1100 Sport,2018,6562.0,1100.0,8990.0
ducatti,Streetfighter V4 S Ducati Red,2023,5.0,994.6210826210826,27595.0
ducatti,Diavel 1260 S Total Black,2022,0.0,1260.0,24195.0
ducatti,Multistrada V2 S Ducati Red,2022,1340.0,994.6210826210826,16590.0
ducatti,Multistrada V4 Ducati Red,2022,0.0,994.6210826210826,26795.0
ducatti,HyperMotard 1100 EVO SP,2012,5598.0,1100.0,8499.0
ducatti,MULTISTRADA 1200 S GRANTURISMO,2014,7915.0,1200.0,12995.0
ducatti,MULTISTRADA 1200ST 1200 S TOURING,2014,32275.0,1200.0,5895.0
ducatti,PANIGALE 899,2015,9746.0,899.0,12590.0
ducatti,Multistrada 1200 S Touring Pkg Red,2015,15451.0,1200.0,11999.0
ducatti,Monster 1200 S Stripe,2015,6520.0,1200.0,10500.0
ducatti,Multistrada 1200 S,2016,8650.0,1200.0,11995.0
ducatti,PANIGALE 959 959 PANIGALE,2017,10080.0,959.0,13995.0
ducatti,SUPERBIKE 1299 PANIGALE,2015,9448.0,1299.0,16880.0
ducatti,Monster 821 Stripe Red with Stripe Livery,2017,4853.0,821.0,9900.0
ducatti,SCRAMBLER STREET CLASSIC,2018,7587.0,994.6210826210826,7690.0
ducatti,SCRAMBLER 1100,2018,4231.0,1100.0,11495.0
ducatti,Scrambler Icon,2018,239.0,994.6210826210826,8750.0
ducatti,Monster 797+,2018,12811.0,797.0,7999.0
ducatti,SCRAMBLER FULL THROTTLE,2020,445.0,994.6210826210826,10999.0
ducatti,Panigale V4 S Ducati Red,2021,1096.0,994.6210826210826,26495.0
ducatti,SuperSport 950 S,2021,119.0,950.0,14995.0
ducatti,MONSTER PLUS GRAY 797,2022,0.0,797.0,17516.0
ducatti,Multistrada 950 Red,2017,12786.0,950.0,9999.0
ducatti,Multistrada 1260 S Pikes Peak 1260 PIKES PEAK,2018,5754.0,1260.0,21000.0
ducatti,899 Panigale,2014,27068.0,899.0,11499.0
ducatti,HYPERMOTARD SP,2014,10752.0,994.6210826210826,9390.0
ducatti,Streetfighter V4,2023,1.0,994.6210826210826,22095.0
ducatti,SuperSport 950 S,2023,1.0,950.0,17695.0
ducatti,Monster+ BASE,2023,1.0,994.6210826210826,13195.0
ducatti,Monster+ BASE,2023,0.0,994.6210826210826,12895.0
ducatti,SCRAMBLER 1100,2023,11.0,1100.0,13895.0
ducatti,SportClassic GT1000,2007,30208.0,1000.0,11999.0
ducatti,Superbike 848,2009,9062.0,848.0,8500.0
ducatti,SUPERBIKE 848 EVO,2011,10570.0,848.0,9390.0
ducatti,848 EVO BASE,2011,6688.0,848.0,10390.0
ducatti,PANIGALE 899,2014,8422.0,899.0,12790.0
ducatti,PANIGALE 899,2015,14283.0,899.0,11190.0
ducatti,PANIGALE 959 959 PANIGALE,2016,4371.0,959.0,13890.0
ducatti,MONSTER 797,2017,2515.0,797.0,8090.0
ducatti,MONSTER 797,2017,4153.0,797.0,8290.0
ducatti,1299 Panigale S Anniversario 1299 S ANNIVERSARIO,2017,12849.0,1299.0,23999.0
ducatti,HYPERMOTARD 939,2018,2988.0,939.0,10590.0
ducatti,Panigale V4 S,2018,13498.0,994.6210826210826,19999.0
ducatti,Monster+ BASE,2023,1.0,994.6210826210826,13395.0
ducatti,Scrambler Cafe Racer,2018,5474.0,994.6210826210826,9999.0
ducatti,Supersport 950 S,2023,1.0,950.0,17695.0
ducatti,PANIGALE V2 BAYLISS,2023,3.0,994.6210826210826,22395.0
ducatti,Multistrada 1200 S Pikes Peak,2014,302.0,1200.0,13999.0
ducatti,HYPERMOTARD SP,2015,12000.0,994.6210826210826,10750.0
ducatti,Diavel Carbon,2015,10850.0,994.6210826210826,11999.0
ducatti,MULTISTRADA 1200 S PIKES PEAK,2016,20632.0,1200.0,14495.0
ducatti,Scrambler Cafe Racer,2018,2049.0,994.6210826210826,10499.0
ducatti,Panigale V4 R,2019,1650.0,994.6210826210826,47990.0
ducatti,Multistrada V4S Aviator Grey / Alloy Full Radar V4 S,2021,31760.0,994.6210826210826,16499.0
ducatti,Monster 1200 S Black on Black,2021,1995.0,1200.0,18000.0
ducatti,Streetfighter V4 S,2021,3300.0,994.6210826210826,20599.0
ducatti,"Custom Scrambler ""Gulf Livery"" 1100 SPECIAL",2022,0.0,1100.0,17299.0
ducatti,Streetfighter V4 S Dark Stealth,2022,0.0,994.6210826210826,25695.0
ducatti,MULTISTRADA V4 S TRAVEL AND RADAR SPOKE WHEELS,2022,11353.0,994.6210826210826,25000.0
ducatti,Multistrada V4 S Travel & Radar,2022,0.0,994.6210826210826,26095.0
ducatti,Scrambler Urban Motard,2022,5.0,994.6210826210826,11695.0
ducatti,SUPERBIKE PANIGALE V4,2023,5.0,994.6210826210826,24495.0
ducatti,SCR DESERT SLED,2023,5.0,994.6210826210826,12595.0
ducatti,SuperSport 950 S Ducati Red,2023,9.0,950.0,17695.0
ducatti,XDiavel S,2023,1.0,994.6210826210826,27395.0
ducatti,SuperSport S,2018,9826.0,994.6210826210826,10899.0
ducatti,Monster 821,2018,2796.0,821.0,10777.0
ducatti,Multistrada 1260 S Touring Volcano Grey,2018,11498.0,1260.0,15499.0
ducatti,Scrambler Urban Motard Star White Silk and Ducati GP,2023,0.0,994.6210826210826,11895.0
ducatti,Scrambler Icon Dark Matt Black,2023,0.0,994.6210826210826,9195.0
ducatti,Monster + Ducati Red,2023,9.0,994.6210826210826,12995.0
ducatti,Scrambler 1100 Tribute PRO Giallo Ocra 1100 PRO,2023,3.0,1100.0,14895.0
ducatti,DesertX Star White Silk,2023,0.0,994.6210826210826,17695.0
ducatti,Scrambler Urban Motard Star White Silk and Ducati GP,2023,0.0,994.6210826210826,11895.0
ducatti,Panigale V2,2023,5.0,994.6210826210826,18295.0
ducatti,Hypermotard 950,2023,1.0,950.0,14995.0
ducatti,MONSTER PLUS,2023,5.0,994.6210826210826,13195.0
ducatti,Scrambler Desert Sled,2023,5.0,994.6210826210826,12595.0
ducatti,DesertX - Derek's Desert Build! BASE,2023,0.0,994.6210826210826,20999.0
ducatti,STREETFIGHTER V2,2023,1.0,994.6210826210826,18199.0
ducatti,MULTISTRADA 1200 S TOURING,2010,5592.0,1200.0,9495.0
ducatti,Multistrada 1200 S Touring Edition,2010,48250.0,1200.0,6699.0
ducatti,MULTISTRADA 1200,2011,34061.0,1200.0,6995.0
ducatti,Multistrada 1200 S Pikes Peak,2012,42624.0,1200.0,8995.0
ducatti,MTS1200S 1200 S TOURING EDITION,2013,5620.0,1200.0,8995.0
ducatti,Monster + Ducati Red,2023,0.0,994.6210826210826,12995.0
ducatti,Multistrada V4S Ducati Red - Spoked Wheels 950 S SPOKED WHEELS,2023,9.0,950.0,27995.0
ducatti,SCRAMBLER DESERT SLED,2023,5.0,994.6210826210826,12595.0
ducatti,XDIAVEL DARK,2022,5.0,994.6210826210826,20895.0
ducatti,SUPERBIKE 959 PANIGALE CORSE,2019,5816.0,959.0,17090.0
ducatti,Scrambler Sixty2,2019,8728.0,994.6210826210826,7495.0
ducatti,PANIGALE 959 CORSE,2019,5197.0,959.0,17190.0
ducatti,MONSTER 821,2019,1204.0,821.0,10190.0
ducatti,Panigale V4S PANIGALE V4 S,2019,9845.0,994.6210826210826,24999.0
ducatti,Panigale V4 R,2019,4700.0,994.6210826210826,37990.0
ducatti,Monster 1200,2019,3441.0,1200.0,14488.0
ducatti,MONSTER 821 STEALTH,2020,12329.0,821.0,11995.0
ducatti,Multistrada 1200 S Pikes Peak,2014,14850.0,1200.0,10999.0
ducatti,Scrambler 800 Dark,2020,1181.0,800.0,8999.0
ducatti,Diavel 1260 S Ducati Red,2021,1736.0,1260.0,22999.0
ducatti,Scrambler 1100 PRO,2021,2734.0,1100.0,9995.0
ducatti,SUPERBIKE PANIGALE V2,2022,1231.0,994.6210826210826,21250.0
ducatti,Diavel 1260 Lamborghini Gea Green,2022,2600.0,1260.0,99995.0
ducatti,Scrambler Urban Motard Star White Silk and Ducati GP,2022,2.0,994.6210826210826,11695.0
ducatti,Monster + Ducati Red,2022,797.0,994.6210826210826,12495.0
ducatti,Multistrada V2 S Street Grey,2022,0.0,994.6210826210826,18195.0
ducatti,Monster + Dark Stealth 821 STEALTH,2022,2.0,821.0,12695.0
ducatti,Scrambler 800 Full Throttle Shining Black/Yellow,2020,981.0,800.0,9999.0
ducatti,XDiavel Dark,2022,8.0,994.6210826210826,20395.0
ducatti,Multistrada 950 S Spoked Wheels Glossy Grey,2019,8127.0,950.0,13295.0
ducatti,SuperSport Titanium BASE,2020,868.0,994.6210826210826,12990.0
ducatti,Streetfighter V4 S Ducati Red,2021,281.0,994.6210826210826,23995.0
ducatti,e-Scrambler 1100,2021,10.0,1100.0,3995.0
ducatti,XDiavel S Thrilling Black,2016,5895.0,994.6210826210826,16999.0
ducatti,Monster 1200 S,2018,9436.0,1200.0,11995.0
ducatti,SCRAMBLER,2019,1303.0,994.6210826210826,9718.0
ducatti,Multistrada V4 Pikes Peak Livery,2023,195.0,994.6210826210826,34995.0
ducatti,Scrambler Icon Grey,2017,9862.0,994.6210826210826,7999.0
ducatti,Scrambler Icon Grey,2017,9862.0,994.6210826210826,7999.0
ducatti,Scrambler Icon Grey,2017,9862.0,994.6210826210826,7999.0
ducatti,Panigale V4 Ducati Red,2021,5729.0,994.6210826210826,21161.0
ducatti,Panigale V4 S,2019,1659.0,994.6210826210826,34094.0
ducatti,Superbike 1199 Panigale R,2014,15572.0,1199.0,14999.0
ducatti,Panigale V2 Bayliss 1st Championship 20th Anniversary,2022,4500.0,20.0,29995.0
ducatti,Streetfighter V4 S Ducati Red,2022,920.0,994.6210826210826,24999.0
ducatti,SuperSport 950 S,2021,3681.0,950.0,15450.0
ducatti,SPORTCLASSIC SPORT 1000 S,2009,937.0,1000.0,34995.0
ducatti,Streetfighter F848 BASE,2015,24051.0,848.0,9542.0
ducatti,DesertX,2023,5.0,994.6210826210826,17695.0
ducatti,XDiavel S Thrilling Black,2017,9681.0,994.6210826210826,15995.0
ducatti,Panigale V4 SP2,2023,0.0,994.6210826210826,39500.0
ducatti,Multistrada V4S Ducati Red / Spoked Wheels 950 S SPOKED WHEELS,2022,0.0,950.0,26795.0
ducatti,MONSTER 937+,2022,4389.0,937.0,12495.0
ducatti,Panigale V4 S Ducati Red,2023,9.0,994.6210826210826,31595.0
ducatti,Panigale V2 Bayliss 1st Championship 20th Anniversary,2023,2.0,20.0,22395.0
ducatti,HYPERMOTARD 950 SP,2023,4.0,950.0,18695.0
ducatti,Multistrada V2 S,2023,5.0,994.6210826210826,19195.0
ducatti,Superbike 1198 S,2009,12501.0,1198.0,13999.0
ducatti,Panigale V4 S Ducati Red,2020,5142.0,994.6210826210826,29989.0
ducatti,Monster,2021,662.0,994.6210826210826,10995.0
ducatti,Scrambler 1100 Sport PRO,2021,5399.0,1100.0,14895.0
ducatti,Multistrada V4 S Travel & Radar Spoked Wheels,2023,5.0,994.6210826210826,27995.0
ducatti,Diavel V4 Thrilling Black BASE,2023,0.0,994.6210826210826,26995.0
ducatti,DesertX,2023,5.0,994.6210826210826,17695.0
ducatti,XDiavel Dark Stealth,2016,15114.0,994.6210826210826,14990.0
ducatti,SuperSport 950 S,2023,5.0,950.0,18095.0
ducatti,DIAVEL,2012,23336.0,994.6210826210826,7999.0
ducatti,Panigale R Superleggera V4,2014,3878.0,994.6210826210826,45888.0
ducatti,Multistrada 1200 S Touring Pkg Red,2015,36000.0,1200.0,11490.0
ducatti,Panigale V4 SP Winter Test Livery,2022,0.0,994.6210826210826,38500.0
ducatti,Diavel 1260 S,2019,3150.0,1260.0,17999.0
ducatti,Multistrada V4S Ducati Red / Alloy Wheels V4 S SPORT,2022,5724.0,994.6210826210826,22966.0
ducatti,X Diavel S,2019,2532.0,994.6210826210826,18660.0
ducatti,MONSTER 821,2015,6500.0,821.0,7900.0
ducatti,HYPERMOTARD 950 SP,2020,895.0,950.0,16900.0
ducatti,Diavel 1260 S,2021,1941.0,1260.0,19000.0
ducatti,MONSTER 620 DARK,2005,12080.0,620.0,4995.0
ducatti,MULTISTRADA 1200 S TOURING,2013,65000.0,1200.0,5700.0
ducatti,MONSTER 1200 S,2017,3000.0,1200.0,13500.0
ducatti,PANIGALE 959,2017,15878.0,959.0,12995.0
ducatti,SCRAMBLER DESERT SLED,2018,1550.0,994.6210826210826,10000.0
ducatti,SUPERSPORT S,2018,3000.0,994.6210826210826,12900.0
ducatti,SCRAMBLER® CAFE RACER,2019,200.0,994.6210826210826,11110.0
ducatti,STREETFIGHTER V4,2021,336.0,994.6210826210826,21000.0
ducatti,XDiavel Nera BASE,2022,0.0,994.6210826210826,29795.0
ducatti,749 S,2004,13555.0,749.0,9999.0
ducatti,Multistrada 1200 ENDURO,2016,4500.0,1200.0,13750.0
ducatti,SUPERSPORT,2018,5000.0,994.6210826210826,14900.0
ducatti,MONSTER 1200 S,2020,7134.0,1200.0,14898.0
ducatti,SCRAMBLER CAFE RACER,2020,2100.0,994.6210826210826,9250.0
ducatti,MONSTER 1200 S,2014,6300.0,1200.0,11000.0
ducatti,848 BASE,2008,7631.0,848.0,9000.0
ducatti,PANIGALE V4S PANIGALE V4 S,2023,0.0,994.6210826210826,31595.0
ducatti,MULTISTRADA V4 S,2022,4300.0,994.6210826210826,20500.0
ducatti,Panigale V4 S,2019,3348.0,994.6210826210826,22899.0
ducatti,Monster 821,2018,15828.0,821.0,9791.0
ducatti,Multistrada 1200 Enduro,2016,31572.0,1200.0,10496.0
ducatti,Monster 1200 S Red,2018,4099.0,1200.0,10996.0
ducatti,Multistrada 1200 S,2016,13839.0,1200.0,11995.0
ducatti,Scrambler Icon,2019,5277.0,994.6210826210826,7900.0
ducatti,STREETFIGHTER V4S,2021,580.0,994.6210826210826,25995.0
ducatti,Multistrada 1200,2022,4.0,1200.0,26795.0
ducatti,Scrambler Icon Dark,2021,1827.0,994.6210826210826,8999.0
ducatti,Multistrada 1200 S Touring,2014,20464.0,1200.0,7295.0
ducatti,DIAVEL 1260,2018,3310.0,1260.0,14500.0
ducatti,PANIGALE V4 SPECIALE,2019,1375.0,994.6210826210826,36000.0
ducatti,Multistrada 1260 PIKES PEAK,2019,8000.0,1260.0,17000.0
ducatti,HYPERMOTARD 950 RVE,2023,1400.0,950.0,15000.0
ducatti,Multistrada 1260 S Touring,2018,11361.0,1260.0,14995.0
ducatti,SCRAMBLER 1100 SPORT,2020,1485.0,1100.0,10450.0
ducatti,MONSTER + 937,2021,350.0,937.0,11500.0
ducatti,SUPERBIKE PANIGALE V4 SPECIALE,2021,925.0,994.6210826210826,38500.0
ducatti,Monster 821,2016,7142.0,821.0,8499.0
ducatti,Scrambler Icon,2019,1223.0,994.6210826210826,9777.0
ducatti,Panigale V4 R Red,2020,3016.0,994.6210826210826,39990.0
ducatti,MONSTER 821,2016,2418.0,821.0,7999.0
ducatti,Multistrada V4S Aviator Grey / Spoked Wheels 950 S SPOKED WHEELS,2022,945.0,950.0,25995.0
ducatti,Streetfighter V4 S Ducati Red,2022,2185.0,994.6210826210826,23145.0
ducatti,SuperSport 950 S White Silk fairing,2022,2182.0,950.0,14490.0
ducatti,PANIGALE V2,2023,5.0,994.6210826210826,18595.0
ducatti,Monster +,2023,5.0,994.6210826210826,12995.0
ducatti,Scrambler Desert Sled Sparking Blue,2023,5.0,994.6210826210826,12595.0
ducatti,DesertX Star White Silk,2023,9.0,994.6210826210826,17695.0
ducatti,Multistrada V4S Iceberg White - Alloy Wheels V4 S,2023,300.0,994.6210826210826,27495.0
ducatti,Multistrada V2 S Ducati Red,2023,5.0,994.6210826210826,18895.0
ducatti,DesertX RR22 Livery,2023,0.0,22.0,18295.0
ducatti,Panigale V4 S Ducati Red,2023,3.0,994.6210826210826,31595.0
ducatti,Hypermotard 950 SP Livery,2023,0.0,950.0,18695.0
ducatti,DIAVEL 1260 S,2023,3.0,1260.0,25995.0
ducatti,DesertX RR22 Livery,2023,0.0,22.0,18295.0
ducatti,Panigale V4 S,2023,5.0,994.6210826210826,31595.0
ducatti,Multistrada V4S Iceberg White - Alloy Wheels V4 S,2023,9.0,994.6210826210826,27495.0
ducatti,Diavel Carbon Star White and Matt Carbon,2015,12660.0,994.6210826210826,12290.0
ducatti,Scrambler Nightshift Aviator Grey,2021,803.0,994.6210826210826,10990.0
ducatti,XDIAVEL DARK,2016,6662.0,994.6210826210826,14495.0
ducatti,Streetfighter V4 Ducati Red,2021,1416.0,994.6210826210826,17995.0
ducatti,Multistrada V4S Aviator Grey / Alloy Wheels V4 S SPORT,2021,10373.0,994.6210826210826,22499.0
ducatti,Hypermotard 950 SP Special,2020,1600.0,950.0,15995.0
ducatti,Hypermotard 950 SP SP Livery,2021,873.0,950.0,12995.0
ducatti,Multistrada V4 Pikes Peak Livery,2022,0.0,994.6210826210826,30395.0
ducatti,Multistrada V4 Pikes Peak Livery,2022,0.0,994.6210826210826,30395.0
ducatti,Hypermotard 950 SP Livery,2023,9.0,950.0,18695.0
ducatti,Panigale V4 S Ducati Red,2023,0.0,994.6210826210826,31595.0
ducatti,Monster + Ducati Red,2023,0.0,994.6210826210826,12995.0
ducatti,Diavel V4 Ducati Red BASE,2023,3.0,994.6210826210826,26695.0
ducatti,Panigale V4 S Ducati Red,2023,0.0,994.6210826210826,31595.0
ducatti,Hypermotard 1100,2008,9319.0,1100.0,7999.0
ducatti,MULTISTRADA 1200 S,2016,18872.0,1200.0,12995.0
ducatti,XDiavel Dark Stealth,2017,3138.0,994.6210826210826,15990.0
ducatti,Multistrada 950 Star White Silk,2017,7275.0,950.0,9999.0
ducatti,Diavel Carbon,2018,435.0,994.6210826210826,18495.0
ducatti,SUPERBIKE PANIGALE V4 R,2020,150.0,994.6210826210826,45919.0
ducatti,DIAVEL 1260,2020,14213.0,1260.0,18495.0
ducatti,Multistrada 1260 Sport Touring Red,2020,1050.0,1260.0,19990.0
ducatti,Multistrada 950 S Spoked Wheels GP White,2021,20149.0,950.0,14999.0
ducatti,PANIGALE V4 SPECIALE,2018,4519.0,994.6210826210826,28995.0
ducatti,Monster 797+ Star White Silk,2019,2550.0,797.0,8995.0
ducatti,MULTISTRADA 1260 ENDURO,2020,22460.0,1260.0,17995.0
ducatti,Hypermotard 950 SP Livery,2023,2.0,950.0,18695.0
ducatti,Streetfighter V2 Ducati Red,2023,3.0,994.6210826210826,17995.0
ducatti,Streetfighter V2 Storm Green,2023,0.0,994.6210826210826,18195.0
ducatti,DesertX RR22 Livery,2023,3.0,22.0,18295.0
ducatti,Panigale V2 Bayliss 1st Championship 20th Anniversary,2023,8.0,20.0,21495.0
ducatti,Scrambler 1100 Tribute PRO Giallo Ocra 1100 PRO,2023,9.0,1100.0,14895.0
ducatti,MTS1200 MULTISTRADA 1200 ENDURO W/ABS TOURING,2016,18063.0,1200.0,10885.0
ducatti,SCRAMBLER 800 ICON,2016,3690.0,800.0,7499.0
ducatti,Diavel 1260 S Sandstone Grey,2019,6647.0,1260.0,18890.0
ducatti,STREETFIGHTER V4 S,2022,5.0,994.6210826210826,25495.0
ducatti,Monster + Aviator Grey,2022,1818.0,994.6210826210826,11995.0
ducatti,Monster SP Livery 821 STRIPE,2023,9.0,821.0,15595.0
ducatti,Monster SP Livery 821 STRIPE,2023,0.0,821.0,15595.0
ducatti,Panigale V2 Bayliss 1st Championship 20th Anniversary,2023,9.0,20.0,22395.0
ducatti,Monster + Ducati Red,2023,0.0,994.6210826210826,12995.0
ducatti,Diavel Carbon,2011,19986.0,994.6210826210826,10490.0
ducatti,Scrambler Flat Track Pro,2016,2573.0,994.6210826210826,7995.0
ducatti,Diavel 1260 S,2023,3.0,1260.0,25995.0
ducatti,DESERTX DESERT SLED,2023,0.0,994.6210826210826,16795.0
ducatti,MONSTER PLUS,2023,5.0,994.6210826210826,13195.0
ducatti,SCRAMBLER NIGHTSHIFT,2022,1552.0,994.6210826210826,13495.0
ducatti,Streetfighter V4 Ducati Red,2021,2860.0,994.6210826210826,22990.0
ducatti,Multistrada V4S Aviator Grey / Spoked Wheels 950 S SPOKED WHEELS,2022,763.0,950.0,25995.0
ducatti,Streetfighter V4 S Ducati Red,2022,1728.0,994.6210826210826,24995.0
ducatti,MULTISTRADA V4 S,2022,5329.0,994.6210826210826,24995.0
ducatti,SCRAMBLER NIGHTSHIFT,2022,52.0,994.6210826210826,13995.0
ducatti,PANIGALE V2 BAYLISS 1ST CHAMPIONSHIP 20TH ANNIVERSARY,2022,3278.0,20.0,29995.0
ducatti,SuperSport 950 Ducati Red,2023,9.0,950.0,15195.0
ducatti,Monster SP,2023,0.0,994.6210826210826,15595.0
ducatti,Monster 821 Stealth Special Black,2020,7344.0,821.0,11990.0
ducatti,Scrambler Urban Motard Star White Silk and Ducati GP,2023,0.0,994.6210826210826,11895.0
ducatti,Multistrada V2 S Street Grey,2023,2.0,994.6210826210826,19195.0
ducatti,Multistrada V2 S Street Grey,2023,9.0,994.6210826210826,19195.0
ducatti,Streetfighter V2 Storm Green,2023,9.0,994.6210826210826,18195.0
ducatti,Diavel,2013,5240.0,994.6210826210826,10999.0
ducatti,Panigale V4 Speciale,2018,3122.0,994.6210826210826,33999.0
ducatti,Multistrada 950 S Spoked Wheel,2020,9094.0,950.0,13495.0
ducatti,Multistrada V4S Ducati Red / Alloy Wheels V4 S SPORT,2022,0.0,994.6210826210826,25795.0
ducatti,Multistrada V4S Aviator Grey / Spoked Wheels 950 S SPOKED WHEELS,2022,2.0,950.0,26995.0
ducatti,DesertX RR22 Livery,2023,9.0,22.0,18295.0
ducatti,MULTISTRADA 1200 S,2017,17304.0,1200.0,12995.0
